place_id,place_name,description,category,city,price,rating,image,url,merge,processed_description
1,Monumen Nasional,"Monumen Nasional atau yang populer disingkat dengan Monas atau Tugu Monas adalah monumen peringatan setinggi 132 meter (433 kaki) yang didirikan untuk mengenang perlawanan dan perjuangan rakyat Indonesia untuk merebut kemerdekaan dari pemerintahan kolonial Hindia Belanda. Pembangunan monumen ini dimulai pada tanggal 17 Agustus 1961 di bawah perintah presiden Soekarno dan dibuka untuk umum pada tanggal 12 Juli 1975. Tugu ini dimahkotai lidah api yang dilapisi lembaran emas yang melambangkan semangat perjuangan yang menyala-nyala. Monumen Nasional terletak tepat di tengah Lapangan Medan Merdeka, Jakarta Pusat.",Budaya,Jakarta,20000,4.6,https://lh5.googleusercontent.com/p/AF1QipN0gblPqvGKJ5gmA4HfrW72Kzjbqz-R6tYUMAif=w408-h479-k-no,"https://www.google.com/maps/place/Monas,+Gambir,+Kecamatan+Gambir,+Kota+Jakarta+Pusat,+Daerah+Khusus+Ibukota+Jakarta/@-6.1754084,106.8271589,17z/data=!3m1!4b1!4m6!3m5!1s0x2e69f5d2db8c5617:0x4e446b7ac891d847!8m2!3d-6.1753917!4d106.8271533!16s%2Fg%2F11bw3wnng2?entry=ttu","Monumen Nasional Budaya Jakarta Monumen Nasional atau yang populer disingkat dengan Monas atau Tugu Monas adalah monumen peringatan setinggi 132 meter (433 kaki) yang didirikan untuk mengenang perlawanan dan perjuangan rakyat Indonesia untuk merebut kemerdekaan dari pemerintahan kolonial Hindia Belanda. Pembangunan monumen ini dimulai pada tanggal 17 Agustus 1961 di bawah perintah presiden Soekarno dan dibuka untuk umum pada tanggal 12 Juli 1975. Tugu ini dimahkotai lidah api yang dilapisi lembaran emas yang melambangkan semangat perjuangan yang menyala-nyala. Monumen Nasional terletak tepat di tengah Lapangan Medan Merdeka, Jakarta Pusat.",monumen nasional budaya jakarta monumen nasional populer singkat monas tugu monas monumen ingat 132 meter  433 kaki  diri kenang lawan juang rakyat indonesia rebut merdeka perintah kolonial hindia belanda  bangun monumen tanggal 17 agustus 1961 perintah presiden soekarno buka tanggal 12 juli 1975 tugu mahkota lidah api lapis lembar emas melambang semangat juang nyala  monumen nasional letak lapang medan merdeka  jakarta pusat
2,Kota Tua,"Kota tua di Jakarta, yang juga bernama Kota Tua, berpusat di Alun-Alun Fatahillah, yaitu alun-alun yang ramai dengan pertunjukan rutin tarian tradisional. Museum Sejarah Jakarta adalah bangunan era Belanda dengan lukisan dan barang antik, sedangkan Museum Wayang memamerkan boneka kayu khas Jawa. Desa Glodok, atau Chinatown, terkenal dengan makanan kaki lima, seperti pangsit dan mi goreng. Di dekatnya, terdapat sekunar dan kapal penangkap ikan di pelabuhan Sunda Kelapa yang kuno",Budaya,Jakarta,0,4.6,https://lh5.googleusercontent.com/p/AF1QipNP7zR5pM9iGgJ3f1nHHzm5YjPn3rRqEinw4Mtl=w425-h240-k-no,"https://www.google.com/maps/place/Wisata+Kota+Tua+Jakarta/@-6.1350687,106.8114908,17z/data=!4m10!1m2!2m1!1skota+tua+fatahillah!3m6!1s0x2e69ec2a940017ed:0xdfce12d4a0938133!8m2!3d-6.1350687!4d106.8136795!15sChNrb3RhIHR1YSBmYXRhaGlsbGFoWhUiE2tvdGEgdHVhIGZhdGFoaWxsYWiSARJ0b3VyaXN0X2F0dHJhY3Rpb26aASRDaGREU1VoTk1HOW5TMFZKUTBGblNVTnFYMHhUY0haUlJSQULgAQA!16s%2Fg%2F11d_v9mf_f?entry=ttu","Kota Tua Budaya Jakarta Kota tua di Jakarta, yang juga bernama Kota Tua, berpusat di Alun-Alun Fatahillah, yaitu alun-alun yang ramai dengan pertunjukan rutin tarian tradisional. Museum Sejarah Jakarta adalah bangunan era Belanda dengan lukisan dan barang antik, sedangkan Museum Wayang memamerkan boneka kayu khas Jawa. Desa Glodok, atau Chinatown, terkenal dengan makanan kaki lima, seperti pangsit dan mi goreng. Di dekatnya, terdapat sekunar dan kapal penangkap ikan di pelabuhan Sunda Kelapa yang kuno",kota tua budaya jakarta kota tua jakarta  nama kota tua  pusat alun fatahillah  alun ramai tunjuk rutin tari tradisional  museum sejarah jakarta bangun era belanda lukis barang antik  museum wayang pamer boneka kayu khas jawa  desa glodok  chinatown  kenal makan kaki  pangsit mi goreng  dekat  sekunar kapal tangkap ikan labuh sunda kelapa kuno
3,Dunia Fantasi,"Dunia Fantasi atau disebut juga Dufan adalah tempat hiburan yang terletak di kawasan Taman Impian Jaya Ancol, Jakarta Utara, Indonesia. Dufan diresmikan dan dibuka pada tanggal 29 Agustus 1985.",Taman Hiburan,Jakarta,270000,4.6,https://lh5.googleusercontent.com/p/AF1QipOY6-6-OTtUeC2YVwitC0nb7hVet-YKBLtvg-UB=w408-h306-k-no,"https://www.google.com/maps/place/Dufan+Ancol/@-6.1253124,106.8335377,17z/data=!3m1!4b1!4m6!3m5!1s0x2e6a1e1a80420c57:0x275b93253d2232e3!8m2!3d-6.1253124!4d106.8335377!16s%2Fm%2F0b65fpr?entry=ttu","Dunia Fantasi Taman Hiburan Jakarta Dunia Fantasi atau disebut juga Dufan adalah tempat hiburan yang terletak di kawasan Taman Impian Jaya Ancol, Jakarta Utara, Indonesia. Dufan diresmikan dan dibuka pada tanggal 29 Agustus 1985.",dunia fantasi taman hibur jakarta dunia fantasi dufan hibur letak kawasan taman impi jaya ancol  jakarta utara  indonesia  dufan resmi buka tanggal 29 agustus 1985
4,Taman Mini Indonesia Indah (TMII),"Taman Mini Indonesia Indah merupakan suatu kawasan taman wisata bertema budaya Indonesia di Jakarta Timur. Area seluas kurang lebih 150 hektare atau 1,5 kilometer persegi ini terletak pada koordinat 6°18′6.8″LS,106°53′47.2″BT",Taman Hiburan,Jakarta,10000,4.5,https://lh5.googleusercontent.com/p/AF1QipOBKmLLKCLXMqObvUb2JmwLnfCiREEEMlMx9YZR=w408-h544-k-no,"https://www.google.com/maps/place/Taman+Mini+Indonesia+Indah/@-6.3020386,106.8898924,17z/data=!3m1!4b1!4m6!3m5!1s0x2e69ed50d076a261:0x73127b9ecf2da0c!8m2!3d-6.3020386!4d106.8898924!16zL20vMDhiaHFr?entry=ttu","Taman Mini Indonesia Indah (TMII) Taman Hiburan Jakarta Taman Mini Indonesia Indah merupakan suatu kawasan taman wisata bertema budaya Indonesia di Jakarta Timur. Area seluas kurang lebih 150 hektare atau 1,5 kilometer persegi ini terletak pada koordinat 6°18′6.8″LS,106°53′47.2″BT",taman mini indonesia indah  tmii  taman hibur jakarta taman mini indonesia indah kawasan taman wisata tema budaya indonesia jakarta timur  area luas 150 hektare 1 5 kilometer persegi letak koordinat 6 18 6 8 ls 106 53 47 2 bt
5,Atlantis Water Adventure,"Atlantis Water Adventure atau dikenal dengan Atlantis Ancol akan menyuguhkan petualangan wisata air tak terlupakan. Tempat Wisata bertemakan permainan air dengan luas 5 hektar ini memberi sensasi petualangan di 8 kolam utama. Yaitu kolam Antila, Plaza Atlas, Poseidon, Aquarius, Octopus, Kiddy Pool, dan Atlantean. Berlokasi di kawasan Ancol Jakarta Baycity, Atlantis bisa menjadi pilihan destinasi yang pas untuk wisata berenang.",Taman Hiburan,Jakarta,94000,4.5,https://lh5.googleusercontent.com/p/AF1QipOYZPsJTnkShPqvhvjwSYKqfC02aorevC2yjNKH=w408-h544-k-no,"https://www.google.com/maps/place/Atlantis+Water+Adventures+Ancol/@-6.12419,106.839134,17z/data=!3m1!4b1!4m6!3m5!1s0x2e6a1e24afedbf49:0x2210b053f8603a6b!8m2!3d-6.12419!4d106.839134!16s%2Fg%2F11b6czc4_q?entry=ttu","Atlantis Water Adventure Taman Hiburan Jakarta Atlantis Water Adventure atau dikenal dengan Atlantis Ancol akan menyuguhkan petualangan wisata air tak terlupakan. Tempat Wisata bertemakan permainan air dengan luas 5 hektar ini memberi sensasi petualangan di 8 kolam utama. Yaitu kolam Antila, Plaza Atlas, Poseidon, Aquarius, Octopus, Kiddy Pool, dan Atlantean. Berlokasi di kawasan Ancol Jakarta Baycity, Atlantis bisa menjadi pilihan destinasi yang pas untuk wisata berenang.",atlantis water adventure taman hibur jakarta atlantis water adventure kenal atlantis ancol suguh tualang wisata air lupa  wisata tema main air luas 5 hektar sensasi tualang 8 kolam utama  kolam antila  plaza atlas  poseidon  aquarius  octopus  kiddy pool  atlantean  lokasi kawasan ancol jakarta baycity  atlantis pilih destinasi pas wisata renang
6,Taman Impian Jaya Ancol,Taman Impian Jaya Ancol merupakan sebuah objek wisata di Jakarta Utara.\n\n,Taman Hiburan,Jakarta,25000,4.5,https://lh5.googleusercontent.com/p/AF1QipPxdaHCJw36bHZLKTJz1XqZDYtmB2CzAIZsWpRp=w408-h272-k-no,"https://www.google.com/maps/place/Taman+Impian+Jaya+Ancol/@-6.1289702,106.8333074,17z/data=!3m1!4b1!4m6!3m5!1s0x2e69f47477efd771:0x85206a9cc2c15358!8m2!3d-6.1289702!4d106.8333074!16zL20vMDg5OWR6?entry=ttu",Taman Impian Jaya Ancol Taman Hiburan Jakarta Taman Impian Jaya Ancol merupakan sebuah objek wisata di Jakarta Utara.\n\n,taman impi jaya ancol taman hibur jakarta taman impi jaya ancol objek wisata jakarta utara n n
7,Kebun Binatang Ragunan,"Kebun Binatang Ragunan adalah sebuah kebun binatang yang terletak di daerah Ragunan, Pasar Minggu, Jakarta Selatan, Indonesia. Kebun binatang seluas 140 hektare ini didirikan pada tahun 1864. Di dalamnya terdapat berbagai koleksi yang terdiri dari 295 spesies dan 4040 spesimen.\nRagunan sempat ditutup selama sekitar tiga minggu sejak 19 September 2005 karena hewan-hewan di dalamnya ada yang terinfeksi flu burung, tetapi dibuka kembali pada 11 Oktober 2005.Kebun binatang ini memiliki banyak spesies hewan yang langka antara lain kakatua, orangutan, gorila, anoa dan gajah",Cagar Alam,Jakarta,4000,4.5,https://lh5.googleusercontent.com/p/AF1QipOamX3INe6vOIorqKJViLQflhfwggVBkTqHT0bV=w408-h905-k-no,"https://www.google.com/maps/place/Kebun+Binatang+Ragunan,+Ragunan,+Ps.+Minggu,+Kota+Jakarta+Selatan,+Daerah+Khusus+Ibukota+Jakarta/@-6.3093978,106.8261918,17z/data=!3m1!4b1!4m6!3m5!1s0x2e69ede4d30a041b:0x2fbc66aec8a92e5b!8m2!3d-6.3093978!4d106.8261918!16s%2Fg%2F11qh3169j_?entry=ttu","Kebun Binatang Ragunan Cagar Alam Jakarta Kebun Binatang Ragunan adalah sebuah kebun binatang yang terletak di daerah Ragunan, Pasar Minggu, Jakarta Selatan, Indonesia. Kebun binatang seluas 140 hektare ini didirikan pada tahun 1864. Di dalamnya terdapat berbagai koleksi yang terdiri dari 295 spesies dan 4040 spesimen.\nRagunan sempat ditutup selama sekitar tiga minggu sejak 19 September 2005 karena hewan-hewan di dalamnya ada yang terinfeksi flu burung, tetapi dibuka kembali pada 11 Oktober 2005.Kebun binatang ini memiliki banyak spesies hewan yang langka antara lain kakatua, orangutan, gorila, anoa dan gajah",kebun binatang ragunan cagar alam jakarta kebun binatang ragunan kebun binatang letak daerah ragunan  pasar minggu  jakarta selatan  indonesia  kebun binatang luas 140 hektare diri 1864 dalam koleksi 295 spesies 4040 spesimen nragunan tutup minggu 19 september 2005 hewan dalam infeksi flu burung  buka 11 oktober 2005 kebun binatang milik spesies hewan langka kakatua  orangutan  gorila  anoa gajah
8,Ocean Ecopark,"Ocean Ecopark Salah satu zona rekreasi Ancol yang menawarkan ruang terbuka hijau serta pengalaman dan tidak melupakan sisi pendidikan bagi para pengunjung. Beragam aktivitas dan wahana seru yang bisa dimainkan di tempat rekreasi keluarga, beberapa diantaranya : Outbondholic, Rumah Energy, Rumah Lebah, Kano, Paintball, Outbondholic, Eco-Market, Learning Farm, Eco-Bike, Faunaland. Kalau berencana berwisata ke Ocean Eco Park ancol tidak perlu khawatir dengan harga tiket masuknya. Karena harga tiket masuk Ocean Eco Park ditawarkan dengan harga yang masih terjangkau.
",Taman Hiburan,Jakarta,180000,4,https://lh5.googleusercontent.com/p/AF1QipPcgpxUtzUrPWwhKLqEKNQ_UP9kXeSfe730SDJF=w408-h306-k-no,"https://www.google.com/maps/place/Allianz+Eco+Park/@-6.1257185,106.836356,17z/data=!4m6!3m5!1s0x2e6a1e1a241e3a9d:0x9ecf31ac76753a1a!8m2!3d-6.1257185!4d106.836356!16s%2Fg%2F11bc7twhcf?entry=ttu","Ocean Ecopark Taman Hiburan Jakarta Ocean Ecopark Salah satu zona rekreasi Ancol yang menawarkan ruang terbuka hijau serta pengalaman dan tidak melupakan sisi pendidikan bagi para pengunjung. Beragam aktivitas dan wahana seru yang bisa dimainkan di tempat rekreasi keluarga, beberapa diantaranya : Outbondholic, Rumah Energy, Rumah Lebah, Kano, Paintball, Outbondholic, Eco-Market, Learning Farm, Eco-Bike, Faunaland. Kalau berencana berwisata ke Ocean Eco Park ancol tidak perlu khawatir dengan harga tiket masuknya. Karena harga tiket masuk Ocean Eco Park ditawarkan dengan harga yang masih terjangkau.
",ocean ecopark taman hibur jakarta ocean ecopark salah zona rekreasi ancol tawar ruang buka hijau alam lupa sisi didik unjung  agam aktivitas wahana seru main rekreasi keluarga   outbondholic  rumah energy  rumah lebah  kano  paintball  outbondholic  eco-market  learning farm  eco-bike  faunaland  rencana wisata ocean eco park ancol khawatir harga tiket masuk  harga tiket masuk ocean eco park tawar harga jangkau
9,Pelabuhan Marina,"Pelabuhan Marina Ancol berada di kawasan Taman Impian Jaya Ancol, Jakarta. Pelabuhan yang biasa disebut Dermaga Marina Ancol ini adalah kawasan yang tidak hanya untuk keperluan penyeberangan saja, tetapi juga dikembangkan untuk banyak hal, seperti wisata air, olahraga air maupun wahana bermain. Fungsi utama dari pelabuhan ini adalah untuk melayani para penumpang yang ingin menyeberang menuju ke kepulauan Seribu, begitu juga sebaliknya. Banyak orang yang berada di Jakarta dan sekitarnya, menjadikan kepulaun Seribu sebagai tujuan wisata yang utama. Liburan di Pulau Seribu memang mampu menghilangkan kepenatan bekerja di kota metropolitan, sembari menikmati keindahan pantai yang masih terjaga dengan baik. Marina Ancol berada di Jakarta Utara atau secara lengkap beralamat di Kota Tua, Ancol, Pademangan, Kota Jakarta. Sangat mudah menuju ke tempat ini karena tidak terlalu jauh dari pusat kota. Selain itu, ada banyak transportasi umum yang menuju ke tempat ini atau bisa juga menggunakan jasa transportasi online.",Bahari,Jakarta,175000,4.4,https://lh5.googleusercontent.com/p/AF1QipPTpWrVE2TfK2XAwgVNjpLU10H8Lpu9i1zCMW3u=w408-h305-k-no,"https://www.google.com/maps/place/Dermaga+16+Marina+Ancol/@-6.1208337,106.8272293,17z/data=!4m10!1m2!2m1!1spelabuhan+marina+ancol!3m6!1s0x2e6a1e19d81fe1d5:0x7cdd85c8d3fe837b!8m2!3d-6.1208337!4d106.829418!15sChZwZWxhYnVoYW4gbWFyaW5hIGFuY29sWhgiFnBlbGFidWhhbiBtYXJpbmEgYW5jb2ySAQZtYXJpbmHgAQA!16s%2Fg%2F11c44wmr_n?entry=ttu","Pelabuhan Marina Bahari Jakarta Pelabuhan Marina Ancol berada di kawasan Taman Impian Jaya Ancol, Jakarta. Pelabuhan yang biasa disebut Dermaga Marina Ancol ini adalah kawasan yang tidak hanya untuk keperluan penyeberangan saja, tetapi juga dikembangkan untuk banyak hal, seperti wisata air, olahraga air maupun wahana bermain. Fungsi utama dari pelabuhan ini adalah untuk melayani para penumpang yang ingin menyeberang menuju ke kepulauan Seribu, begitu juga sebaliknya. Banyak orang yang berada di Jakarta dan sekitarnya, menjadikan kepulaun Seribu sebagai tujuan wisata yang utama. Liburan di Pulau Seribu memang mampu menghilangkan kepenatan bekerja di kota metropolitan, sembari menikmati keindahan pantai yang masih terjaga dengan baik. Marina Ancol berada di Jakarta Utara atau secara lengkap beralamat di Kota Tua, Ancol, Pademangan, Kota Jakarta. Sangat mudah menuju ke tempat ini karena tidak terlalu jauh dari pusat kota. Selain itu, ada banyak transportasi umum yang menuju ke tempat ini atau bisa juga menggunakan jasa transportasi online.",labuh marina bahari jakarta labuh marina ancol kawasan taman impi jaya ancol  jakarta  labuh dermaga marina ancol kawasan perlu seberang  kembang  wisata air  olahraga air wahana main  fungsi utama labuh layan tumpang seberang pulau ribu   orang jakarta  jadi kepulaun ribu tuju wisata utama  libur pulau ribu hilang penat kota metropolitan  sembari nikmat indah pantai jaga  marina ancol jakarta utara lengkap alamat kota tua  ancol  pademangan  kota jakarta  mudah pusat kota   transportasi jasa transportasi online
10,Pulau Tidung,"Pulau Tidung adalah salah satu kelurahan di kecamatan Kepulauan Seribu Selatan, Kabupaten Kepulauan Seribu, Jakarta, Indonesia.",Bahari,Jakarta,150000,4.5,https://lh5.googleusercontent.com/p/AF1QipMYzGuRX18GrZ1Ts7QrVzDQMXZE9Bk2qeetNvd5=w419-h240-k-no,"https://www.google.com/maps/place/Tidung+Island,+South+Kepulauan+Seribu,+Kepulauan+Seribu+Regency,+Jakarta/@-5.8080285,106.5180931,13z/data=!3m1!4b1!4m6!3m5!1s0x2e41dfef46f7acb3:0xc22d0e04b6c5b362!8m2!3d-5.8032053!4d106.5237907!16s%2Fg%2F122fjyzd?entry=ttu","Pulau Tidung Bahari Jakarta Pulau Tidung adalah salah satu kelurahan di kecamatan Kepulauan Seribu Selatan, Kabupaten Kepulauan Seribu, Jakarta, Indonesia.",pulau tidung bahari jakarta pulau tidung salah lurah camat pulau ribu selatan  kabupaten pulau ribu  jakarta  indonesia
11,Pulau Bidadari,"Pulau Bidadari merupakan salah satu resor di Kabupaten Kepulauan Seribu, Jakarta. Sebelum bernama Pulau Bidadari, pulau ini memiliki dua nama yaitu Pulau Sakit dan Pulau Purmerend",Bahari,Jakarta,5000,4.6,https://lh5.googleusercontent.com/p/AF1QipNOUnjWIefJ-cbbb7kI5KSx9Z9_fAy3cUP_7hvJ=w408-h544-k-no,"https://www.google.com/maps/place/Pulau+Bidadari/@-6.0362615,106.7466201,17z/data=!3m1!4b1!4m9!3m8!1s0x2e6a1b401afbf04f:0x2435c18763f46800!5m2!4m1!1i2!8m2!3d-6.0362615!4d106.7466201!16s%2Fg%2F11g8_sk6b1?entry=ttu","Pulau Bidadari Bahari Jakarta Pulau Bidadari merupakan salah satu resor di Kabupaten Kepulauan Seribu, Jakarta. Sebelum bernama Pulau Bidadari, pulau ini memiliki dua nama yaitu Pulau Sakit dan Pulau Purmerend",pulau bidadari bahari jakarta pulau bidadari salah resor kabupaten pulau ribu  jakarta  nama pulau bidadari  pulau milik nama pulau sakit pulau purmerend
12,Pulau Pari,"Pulau Pari adalah sebuah pulau yang terletak di Kepulauan Seribu di Daerah Khusus Ibukota Jakarta, Indonesia.
",Bahari,Jakarta,150000,4,https://lh5.googleusercontent.com/p/AF1QipP21pSW8wgQD8GszUNYBWEZxF4dlQY18WmCS_P8=w408-h306-k-no,"https://www.google.com/maps/place/Pari+island/@-5.8588639,106.6206286,15z/data=!3m1!4b1!4m6!3m5!1s0x2e6a0b8257294817:0x5243a0743450ad47!8m2!3d-5.8575295!4d106.6180783!16s%2Fg%2F1231m2tj?entry=ttu","Pulau Pari Bahari Jakarta Pulau Pari adalah sebuah pulau yang terletak di Kepulauan Seribu di Daerah Khusus Ibukota Jakarta, Indonesia.
",pulau pari bahari jakarta pulau pari pulau letak pulau ribu daerah khusus ibukota jakarta  indonesia
13,Pulau Pramuka,Pulau Pramuka merupakan salah satu pulau yang berada dalam gugusan Kepulauan Seribu. Pulau ini merupakan pusat administrasi dan pemerintahan Kabupaten Administrasi Kepulauan Seribu. Pulau Pramuka termasuk ke dalam wilayah Kelurahan Pulau Panggang.,Bahari,Jakarta,5000,4.2,https://lh5.googleusercontent.com/p/AF1QipNU7GLXuNDEoTS_KHy2osccx-amQKhPVm7bTpaa=w408-h326-k-no,"https://www.google.com/maps/place/Pramuka+island/@-5.7456185,106.6137821,16z/data=!3m1!4b1!4m6!3m5!1s0x2e6a741083646505:0x203676af753ec0cf!8m2!3d-5.745962!4d106.6136577!16s%2Fm%2F0h64dsl?entry=ttu",Pulau Pramuka Bahari Jakarta Pulau Pramuka merupakan salah satu pulau yang berada dalam gugusan Kepulauan Seribu. Pulau ini merupakan pusat administrasi dan pemerintahan Kabupaten Administrasi Kepulauan Seribu. Pulau Pramuka termasuk ke dalam wilayah Kelurahan Pulau Panggang.,pulau pramuka bahari jakarta pulau pramuka salah pulau gugus pulau ribu  pulau pusat administrasi perintah kabupaten administrasi pulau ribu  pulau pramuka wilayah lurah pulau panggang
14,Pulau Pelangi,"Pulau Pelangi adalah sebuah pulau yang terletak di Kepulauan Seribu di Daerah Khusus Ibukota Jakarta, Indonesia. Pulau Pelangi adalah sebuah pulau yang terletak di Kepulauan Seribu di Daerah Khusus Ibukota Jakarta, Indonesia, Pulau Pelangi / biasa disebut Pulau Petondan Besar ( Pelangi Island ) merupakan pulau resort yang sesuai untuk berlibur. Pulau Resort ini mempunyai konsep natural, karena sebagian wilayahnya di penuhi dengan rerimbunan pohon yang menyejukan mata, Keindahan alam dan lautnya layak untuk dikunjungi. Dikelilingi oleh rimbunan pohon dan laut berwarana biru jernih membuat suasanan sejuk dan nyaman. Kondisi yang ideal untuk wisata bersama keluarga. Dengan akomodasi yang langsung menghadap ke laut membuat turis betah berlama-lama di Pulau Pelangi.\nMenurut informasi, Pulau Pelangi atau Pulau Petondan Besar merupakan pulau yang berada pada gugusan Kepulauan Seribu. Secara administratif termasuk dalam wilayah Kabupaten Administratif Kepulauan Seribu provinsi DKI Jakarta. Bersamaan dengan Pulau Petondan Kecil merupakan sebuah resort berlibur. Letaknya berdekatan dengan gugusan yang sama dengan Pulau Kelor dan Pulau Kelapa.\nUntuk mencapai Pelangi Resort dibutuhkan waktu 90 menit perjalanan dari dermaga Pantai Mutiara. Terdapat kapal speedboat khusus di pier R1 Pantai Mutiara yang membawa penumpang kesana. Letaknya 60 – 70 km dari Pantai Mutiara memang lumayan jauh. Namun perjalanan anda terbayar lunas begitu sampai di Pulau Pelangi.
",Bahari,Jakarta,900000,4.8,https://lh5.googleusercontent.com/p/AF1QipP5X0VRzDnNj8gShex3KK7y2-mUMHLj1ZefjiRU=w408-h544-k-no,"https://www.google.com/maps/place/Pelangi+Island/@1.0530556,103.8147222,14z/data=!3m1!4b1!4m6!3m5!1s0x31d9f18edca153e7:0xb38b11b366441451!8m2!3d1.0530556!4d103.8147222!16s%2Fg%2F11bvvyd45h?entry=ttu","Pulau Pelangi Bahari Jakarta Pulau Pelangi adalah sebuah pulau yang terletak di Kepulauan Seribu di Daerah Khusus Ibukota Jakarta, Indonesia. Pulau Pelangi adalah sebuah pulau yang terletak di Kepulauan Seribu di Daerah Khusus Ibukota Jakarta, Indonesia, Pulau Pelangi / biasa disebut Pulau Petondan Besar ( Pelangi Island ) merupakan pulau resort yang sesuai untuk berlibur. Pulau Resort ini mempunyai konsep natural, karena sebagian wilayahnya di penuhi dengan rerimbunan pohon yang menyejukan mata, Keindahan alam dan lautnya layak untuk dikunjungi. Dikelilingi oleh rimbunan pohon dan laut berwarana biru jernih membuat suasanan sejuk dan nyaman. Kondisi yang ideal untuk wisata bersama keluarga. Dengan akomodasi yang langsung menghadap ke laut membuat turis betah berlama-lama di Pulau Pelangi.\nMenurut informasi, Pulau Pelangi atau Pulau Petondan Besar merupakan pulau yang berada pada gugusan Kepulauan Seribu. Secara administratif termasuk dalam wilayah Kabupaten Administratif Kepulauan Seribu provinsi DKI Jakarta. Bersamaan dengan Pulau Petondan Kecil merupakan sebuah resort berlibur. Letaknya berdekatan dengan gugusan yang sama dengan Pulau Kelor dan Pulau Kelapa.\nUntuk mencapai Pelangi Resort dibutuhkan waktu 90 menit perjalanan dari dermaga Pantai Mutiara. Terdapat kapal speedboat khusus di pier R1 Pantai Mutiara yang membawa penumpang kesana. Letaknya 60 – 70 km dari Pantai Mutiara memang lumayan jauh. Namun perjalanan anda terbayar lunas begitu sampai di Pulau Pelangi.
",pulau pelangi bahari jakarta pulau pelangi pulau letak pulau ribu daerah khusus ibukota jakarta  indonesia  pulau pelangi pulau letak pulau ribu daerah khusus ibukota jakarta  indonesia  pulau pelangi  pulau petondan  pelangi island  pulau resort sesuai libur  pulau resort konsep natural  wilayah penuh rimbun pohon sejuk mata  indah alam laut layak kunjung  keliling rimbun pohon laut berwarana biru jernih suasanan sejuk nyaman  kondisi ideal wisata keluarga  akomodasi langsung hadap laut turis betah lama pulau pelangi nmenurut informasi  pulau pelangi pulau petondan pulau gugus pulau ribu  administratif wilayah kabupaten administratif pulau ribu provinsi dki jakarta  sama pulau petondan resort libur  letak dekat gugus pulau kelor pulau kelapa nuntuk capai pelangi resort butuh 90 menit jalan dermaga pantai mutiara  kapal speedboat khusus pier r1 pantai mutiara bawa tumpang kesana  letak 60  70 km pantai mutiara lumayan  jalan bayar lunas pulau pelangi
15,Pasar Seni,"Pasar Seni merupakan Pusat kerajinan dan kesenian yang menjadi wadah bagi seniman berbakat untuk menyalurkan kerajinan seni yang mereka miliki. Seniman dapat bertemu dengan para kolektor seni dan pengusaha untuk saling berbagi informasi dan memasarkan produk yang dimiliki. Didirikan awal tahun 1977, dengan peletakan batu pertama oleh Bang Ali Sadikin, Gubernur pertama DKI Jakarta, tepatnya pada bulan Juli 1977. Dan diresmikan oleh Gubernur H. Tjokropanolo pada tanggal 17 Desember 1977. Sejak diresmikan Pasar Seni, mendapat sambutan positif bagi pada pecinta seni yang ada.",Pusat Perbelanjaan,Jakarta,0,4.4,https://lh5.googleusercontent.com/p/AF1QipOKwAwR1iB2NAGmulLF8d8kEx_fCwk7s6uMNykX=w426-h240-k-no,"https://www.google.com/maps/place/Pasar+Seni/@-6.1264924,106.8389517,17z/data=!3m1!4b1!4m6!3m5!1s0x2e6a1e184ec2b8f3:0x8fd2a44632896350!8m2!3d-6.1264924!4d106.8389517!16s%2Fg%2F11f4v4yjc0?entry=ttu","Pasar Seni Pusat Perbelanjaan Jakarta Pasar Seni merupakan Pusat kerajinan dan kesenian yang menjadi wadah bagi seniman berbakat untuk menyalurkan kerajinan seni yang mereka miliki. Seniman dapat bertemu dengan para kolektor seni dan pengusaha untuk saling berbagi informasi dan memasarkan produk yang dimiliki. Didirikan awal tahun 1977, dengan peletakan batu pertama oleh Bang Ali Sadikin, Gubernur pertama DKI Jakarta, tepatnya pada bulan Juli 1977. Dan diresmikan oleh Gubernur H. Tjokropanolo pada tanggal 17 Desember 1977. Sejak diresmikan Pasar Seni, mendapat sambutan positif bagi pada pecinta seni yang ada.",pasar seni pusat belanja jakarta pasar seni pusat rajin seni wadah seniman bakat salur rajin seni milik  seniman temu kolektor seni usaha bagi informasi pasar produk milik  diri 1977  leta batu bang ali sadikin  gubernur dki jakarta  tepat juli 1977 resmi gubernur h tjokropanolo tanggal 17 desember 1977 resmi pasar seni  sambut positif cinta seni
16,Jembatan Kota Intan,"Jembatan Kota Intan adalah jembatan tertua di Indonesia yang dibangun pada tahun 1628 oleh pemerintah Vereenigde Oostindische Compagnie atau VOC, atau masyarakat kita lebih familiar dengan sebutan Kumpeni. Jembatan itu kini terletak di Kali Besar kawasan Kota Tua wilayah Jakarta Barat dan berada di bawah pengelolaan Dinas Pariwisata dan Kebudayaan Provinsi DKI Jakarta.",Budaya,Jakarta,0,4.3,https://lh5.googleusercontent.com/p/AF1QipMQ4iXSh-eT4gTtk3vogDDmNWWjPMkDFjgmQrRg=w408-h305-k-no,"https://www.google.com/maps/place/Jembatan+Kota+Intan/@-6.1312362,106.8105526,17z/data=!3m1!4b1!4m6!3m5!1s0x2e6a1df9609fa091:0xebe202d2c666bf21!8m2!3d-6.1312362!4d106.8105526!16s%2Fg%2F11cmh5vrbw?entry=ttu","Jembatan Kota Intan Budaya Jakarta Jembatan Kota Intan adalah jembatan tertua di Indonesia yang dibangun pada tahun 1628 oleh pemerintah Vereenigde Oostindische Compagnie atau VOC, atau masyarakat kita lebih familiar dengan sebutan Kumpeni. Jembatan itu kini terletak di Kali Besar kawasan Kota Tua wilayah Jakarta Barat dan berada di bawah pengelolaan Dinas Pariwisata dan Kebudayaan Provinsi DKI Jakarta.",jembatan kota intan budaya jakarta jembatan kota intan jembatan tua indonesia bangun 1628 perintah vereenigde oostindische compagnie voc  masyarakat familiar sebut kumpeni  jembatan letak kali kawasan kota tua wilayah jakarta barat kelola dinas pariwisata budaya provinsi dki jakarta
17,Museum Fatahillah,"Museum Fatahillah memiliki nama resmi Museum Sejarah Jakarta adalah sebuah museum yang terletak di Jalan Taman Fatahillah No. 1, Jakarta Barat dengan luas lebih dari 1.300 meter persegi.\nBangunan ini dahulu merupakan balai kota Batavia (bahasa Belanda: Stadhuis van Batavia) yang dibangun pada tahun 1707-1710 atas perintah Gubernur-Jendral Joan van Hoorn. Bangunan ini menyerupai Istana Dam di Amsterdam, terdiri atas bangunan utama dengan dua sayap di bagian timur dan barat serta bangunan sanding yang digunakan sebagai kantor, ruang pengadilan, dan ruang-ruang bawah tanah yang dipakai sebagai penjara. Pada tanggal 30 Maret 1974, bangunan ini kemudian diresmikan oleh bapak Ali Sadikin sebagai Museum Sejarah Jakarta.",Budaya,Jakarta,5000,4.4,https://lh5.googleusercontent.com/p/AF1QipOcZw3LEHcyEqvTTpdvm3OoKs-62iyKIw_bOz2h=w408-h307-k-no,"https://www.google.com/maps/place/Fatahillah+Old+Town+Museum/@-6.1352184,106.8132951,17z/data=!3m1!4b1!4m6!3m5!1s0x2e6a1dff41709b3b:0xf852122bbe7b7326!8m2!3d-6.1352184!4d106.8132951!16s%2Fg%2F11dflbs9sb?entry=ttu","Museum Fatahillah Budaya Jakarta Museum Fatahillah memiliki nama resmi Museum Sejarah Jakarta adalah sebuah museum yang terletak di Jalan Taman Fatahillah No. 1, Jakarta Barat dengan luas lebih dari 1.300 meter persegi.\nBangunan ini dahulu merupakan balai kota Batavia (bahasa Belanda: Stadhuis van Batavia) yang dibangun pada tahun 1707-1710 atas perintah Gubernur-Jendral Joan van Hoorn. Bangunan ini menyerupai Istana Dam di Amsterdam, terdiri atas bangunan utama dengan dua sayap di bagian timur dan barat serta bangunan sanding yang digunakan sebagai kantor, ruang pengadilan, dan ruang-ruang bawah tanah yang dipakai sebagai penjara. Pada tanggal 30 Maret 1974, bangunan ini kemudian diresmikan oleh bapak Ali Sadikin sebagai Museum Sejarah Jakarta.",museum fatahillah budaya jakarta museum fatahillah milik nama resmi museum sejarah jakarta museum letak jalan taman fatahillah no  1  jakarta barat luas 1 300 meter persegi nbangunan balai kota batavia  bahasa belanda  stadhuis van batavia  bangun 1707-1710 perintah gubernur-jendral joan van hoorn  bangun rupa istana dam amsterdam  bangun utama sayap timur barat bangun sanding kantor  ruang adil  ruang tanah pakai penjara  tanggal 30 maret 1974  bangun resmi ali sadikin museum sejarah jakarta
18,Museum Bank Indonesia,"Museum Bank Indonesia adalah sebuah museum di Jakarta, Indonesia yang terletak di Jl. Pintu Besar Utara No.3, Jakarta Barat (depan stasiun Beos Kota), dengan menempati area bekas gedung Bank Indonesia Kota yang merupakan cagar budaya peninggalan De Javasche Bank yang beraliran neo-klasikal, dipadu dengan pengaruh lokal, dan dibangun pertama kali pada tahun 1828.\nPada tahun 1625, di tempat ini pernah dibangun sebuah gereja sederhana untuk umat Protestan. Pada tahun 1628, gereja ini dibongkar karena digunakan untuk tempat meriam besar ketika puluhan ribu tentara Sultan Agung menyerang Batavia untuk pertama kali.Museum ini menyajikan informasi peran Bank Indonesia dalam perjalanan sejarah bangsa yang dimulai sejak sebelum kedatangan bangsa barat di Nusantara hingga terbentuknya Bank Indonesia pada tahun 1953 dan kebijakan-kebijakan Bank Indonesia, meliputi pula latar belakang dan dampak kebijakan Bank Indonesia bagi masyarakat sampai dengan tahun 2005. Penyajiannya dikemas sedemikian rupa dengan memanfaatkan teknologi modern dan multi media, seperti display elektronik, panel statik, televisi plasma, dan diorama sehingga menciptakan kenyamanan pengunjung dalam menikmati Museum Bank Indonesia. Selain itu terdapat pula fakta dan koleksi benda bersejarah pada masa sebelum terbentuknya Bank Indonesia, seperti pada masa kerajaan-kerajaan Nusantara, antara lain berupa koleksi uang numismatik yang ditampilkan juga secara menarik.\nPeresmian Museum Bank Indonesia dilakukan melalui dua tahap, yaitu peresmian tahap I dan mulai dibuka untuk masyarakat (soft opening) pada tanggal 15 Desember 2006 oleh Gubernur Bank Indonesia saat itu, Burhanuddin Abdullah, dan peresmian tahap II (grand opening) oleh Presiden RI Susilo Bambang Yudhoyono, pada tanggal 21 Juli 2009.\nMuseum Bank Indonesia buka setiap hari kecuali Senin dan hari libur nasional.",Budaya,Jakarta,2000,4.7,https://lh5.googleusercontent.com/p/AF1QipNa45AqhxwZWo_uOjBqznLZ7Zvk6QdyyOMIEZB6=w408-h306-k-no,"https://www.google.com/maps/place/Museum+Bank+Indonesia/@-6.1371066,106.8129846,17z/data=!3m1!4b1!4m6!3m5!1s0x2e69f601eb6b390f:0x6dd4776b240168a3!8m2!3d-6.1371066!4d106.8129846!16s%2Fg%2F112yfv12s?entry=ttu","Museum Bank Indonesia Budaya Jakarta Museum Bank Indonesia adalah sebuah museum di Jakarta, Indonesia yang terletak di Jl. Pintu Besar Utara No.3, Jakarta Barat (depan stasiun Beos Kota), dengan menempati area bekas gedung Bank Indonesia Kota yang merupakan cagar budaya peninggalan De Javasche Bank yang beraliran neo-klasikal, dipadu dengan pengaruh lokal, dan dibangun pertama kali pada tahun 1828.\nPada tahun 1625, di tempat ini pernah dibangun sebuah gereja sederhana untuk umat Protestan. Pada tahun 1628, gereja ini dibongkar karena digunakan untuk tempat meriam besar ketika puluhan ribu tentara Sultan Agung menyerang Batavia untuk pertama kali.Museum ini menyajikan informasi peran Bank Indonesia dalam perjalanan sejarah bangsa yang dimulai sejak sebelum kedatangan bangsa barat di Nusantara hingga terbentuknya Bank Indonesia pada tahun 1953 dan kebijakan-kebijakan Bank Indonesia, meliputi pula latar belakang dan dampak kebijakan Bank Indonesia bagi masyarakat sampai dengan tahun 2005. Penyajiannya dikemas sedemikian rupa dengan memanfaatkan teknologi modern dan multi media, seperti display elektronik, panel statik, televisi plasma, dan diorama sehingga menciptakan kenyamanan pengunjung dalam menikmati Museum Bank Indonesia. Selain itu terdapat pula fakta dan koleksi benda bersejarah pada masa sebelum terbentuknya Bank Indonesia, seperti pada masa kerajaan-kerajaan Nusantara, antara lain berupa koleksi uang numismatik yang ditampilkan juga secara menarik.\nPeresmian Museum Bank Indonesia dilakukan melalui dua tahap, yaitu peresmian tahap I dan mulai dibuka untuk masyarakat (soft opening) pada tanggal 15 Desember 2006 oleh Gubernur Bank Indonesia saat itu, Burhanuddin Abdullah, dan peresmian tahap II (grand opening) oleh Presiden RI Susilo Bambang Yudhoyono, pada tanggal 21 Juli 2009.\nMuseum Bank Indonesia buka setiap hari kecuali Senin dan hari libur nasional.",museum bank indonesia budaya jakarta museum bank indonesia museum jakarta  indonesia letak jl  pintu utara no 3  jakarta barat  stasiun beos kota   tempat area bekas gedung bank indonesia kota cagar budaya tinggal de javasche bank alir neo-klasikal  padu pengaruh lokal  bangun kali 1828 npada 1625  bangun gereja sederhana umat protestan  1628  gereja bongkar meriam puluh ribu tentara sultan agung serang batavia kali museum saji informasi peran bank indonesia jalan sejarah bangsa datang bangsa barat nusantara bentuk bank indonesia 1953 bijak bank indonesia  liput latar dampak bijak bank indonesia masyarakat 2005 saji kemas rupa manfaat teknologi modern multi media  display elektronik  panel statik  televisi plasma  diorama cipta nyaman unjung nikmat museum bank indonesia  fakta koleksi benda sejarah bentuk bank indonesia  raja nusantara  koleksi uang numismatik tampil tarik nperesmian museum bank indonesia tahap  resmi tahap i buka masyarakat  soft opening  tanggal 15 desember 2006 gubernur bank indonesia  burhanuddin abdullah  resmi tahap ii  grand opening  presiden ri susilo bambang yudhoyono  tanggal 21 juli 2009 nmuseum bank indonesia buka kecuali senin libur nasional
19,Kidzania,"KidZania adalah sebuah waralaba swasta Meksiko berupa pusat hiburan keluarga yang saat ini beroperasi di 23 lokasi, yang memungkinkan anak-anak melakukan pekerjaan orang dewasa dan mendapat bayaran. KidZania telah dikunjungi oleh lebih dari 31 juta pengunjung di seluruh dunia sejak pembukaannya, menjadikannya salah satu merek hiburan global yang paling cepat berkembang di dunia.",Taman Hiburan,Jakarta,185000,4.6,https://lh5.googleusercontent.com/p/AF1QipNSl1tdAO4_MLxHFjZffSWi-hP-25-iQMagFdcX=w408-h544-k-no,"https://www.google.com/maps/place/Kidzania+Jakarta/@-6.2250735,106.8097144,17z/data=!3m2!4b1!5s0x2e69f15111ebc3fb:0xdd517b6a107fa15c!4m6!3m5!1s0x2e69f1510ffe98ed:0xc9aa1813b2c14c4c!8m2!3d-6.2250735!4d106.8097144!16s%2Fg%2F121xqmbm?entry=ttu","Kidzania Taman Hiburan Jakarta KidZania adalah sebuah waralaba swasta Meksiko berupa pusat hiburan keluarga yang saat ini beroperasi di 23 lokasi, yang memungkinkan anak-anak melakukan pekerjaan orang dewasa dan mendapat bayaran. KidZania telah dikunjungi oleh lebih dari 31 juta pengunjung di seluruh dunia sejak pembukaannya, menjadikannya salah satu merek hiburan global yang paling cepat berkembang di dunia.",kidzania taman hibur jakarta kidzania waralaba swasta meksiko pusat hibur keluarga operasi 23 lokasi  anak kerja orang dewasa bayar  kidzania kunjung 31 juta unjung dunia buka  jadi salah merek hibur global cepat kembang dunia
20,Museum Taman Prasasti,"Museum Taman Prasasti adalah sebuah museum cagar budaya peninggalan masa kolonial Belanda yang berada di Jalan Tanah Abang No. 1, Jakarta Pusat. Museum ini memiliki koleksi prasasti nisan kuno serta miniatur makam khas dari 27 provinsi di Indonesia, beserta koleksi kereta jenazah antik. Museum seluas 1,2 ha ini merupakan museum terbuka yang menampilkan karya seni dari masa lampau tentang kecanggihan para pematung, pemahat, kaligrafer dan sastrawan yang menyatu.
",Budaya,Jakarta,2000,4.5,https://lh5.googleusercontent.com/p/AF1QipPOag797UpTAELioiKZorIhgLdPovSzJBmbRpWL=w408-h306-k-no,"https://www.google.com/maps/place/Museum+Taman+Prasasti/@-6.172452,106.8197689,17z/data=!3m1!4b1!4m6!3m5!1s0x2e69f5d5d956ed99:0x90970858c9aba297!8m2!3d-6.172452!4d106.8197689!16s%2Fm%2F0b777jc?entry=ttu","Museum Taman Prasasti Budaya Jakarta Museum Taman Prasasti adalah sebuah museum cagar budaya peninggalan masa kolonial Belanda yang berada di Jalan Tanah Abang No. 1, Jakarta Pusat. Museum ini memiliki koleksi prasasti nisan kuno serta miniatur makam khas dari 27 provinsi di Indonesia, beserta koleksi kereta jenazah antik. Museum seluas 1,2 ha ini merupakan museum terbuka yang menampilkan karya seni dari masa lampau tentang kecanggihan para pematung, pemahat, kaligrafer dan sastrawan yang menyatu.
",museum taman prasasti budaya jakarta museum taman prasasti museum cagar budaya tinggal kolonial belanda jalan tanah abang no  1  jakarta pusat  museum milik koleksi prasasti nisan kuno miniatur makam khas 27 provinsi indonesia  serta koleksi kereta jenazah antik  museum luas 1 2 ha museum buka tampil karya seni lampau canggih patung  pahat  kaligrafer sastrawan satu
21,Museum Wayang,"Museum Wayang adalah sebuah museum yang berlokasi di Jalan Pintu Besar Utara Nomor 27, Jakarta Barat.",Budaya,Jakarta,5000,4.5,https://lh5.googleusercontent.com/p/AF1QipNQeK8V8tq2ByR7j-uIZoFiN8zduXkkhypH_bLA=w426-h240-k-no,"https://www.google.com/maps/place/Wayang+Museum/@-6.1349072,106.8124452,17z/data=!3m1!4b1!4m6!3m5!1s0x2e6a1dff48f259ff:0xfeb6bfd7e15db853!8m2!3d-6.1349072!4d106.8124452!16s%2Fm%2F09v3972?entry=ttu","Museum Wayang Budaya Jakarta Museum Wayang adalah sebuah museum yang berlokasi di Jalan Pintu Besar Utara Nomor 27, Jakarta Barat.",museum wayang budaya jakarta museum wayang museum lokasi jalan pintu utara nomor 27  jakarta barat
22,Masjid Istiqlal,"Masjid Istiqlal (arti harfiah: Masjid Merdeka) adalah masjid nasional negara Republik Indonesia yang terletak di bekas Taman Wilhelmina, di Timur Laut Lapangan Medan Merdeka yang di tengahnya berdiri Monumen Nasional (Monas), di pusat ibukota Jakarta. Masjid ini merupakan salah satu dari 10 masjid terbesar kapasitasnya di dunia yang dapat menampung lebih dari 200.000 jamaah. Di seberang Timur masjid ini berdiri Gereja Katedral Jakarta. Ketua Harian Badan Pengelola Masjid Istiqlal (BPMI) sekaligus Imam Besar Masjid Istiqlal adalah Prof. Dr. Nasaruddin Umar, M.A. Pembangunan masjid ini diprakarsai oleh Presiden Republik Indonesia saat itu, Ir. Soekarno. Peletakan batu pertama sebagai tanda dimulainya pembangunan Masjid Istiqlal dilakukan oleh Ir. Soekarno pada tanggal 24 Agustus 1961. Arsitek Masjid Istiqlal adalah Frederich Silaban, seorang Nasrani.Masjid ini memiliki gaya arsitektur modern dengan dinding dan lantai berlapis marmer, dihiasi ornamen geometrik dari baja antikarat. Bangunan utama masjid ini terdiri dari lima lantai dan satu lantai dasar. Bangunan utama itu dimahkotai satu kubah besar berdiameter 45 meter yang ditopang 12 tiang besar. Menara tunggal setinggi total 96,66 meter menjulang di sudut Selatan selasar masjid. Masjid ini mampu menampung lebih dari 200.000 jamaah.Selain digunakan sebagai aktivitas ibadah umat Islam, masjid ini juga digunakan sebagai kantor berbagai organisasi Islam di Indonesia, aktivitas sosial, dan kegiatan umum. Masjid ini juga menjadi salah satu daya tarik wisata yang terkenal di Jakarta. Kebanyakan wisatawan yang berkunjung umumnya wisatawan domestik di samping sebagian wisatawan asing yang beragama Islam. Masyarakat non-Muslim juga dapat berkunjung ke masjid ini setelah sebelumnya mendapat pembekalan informasi mengenai Islam dan Masjid Istiqlal, meskipun bagian yang boleh dikunjungi kaum non-Muslim terbatas dan harus didampingi pemandu.\nPada tiap hari besar Islam seperti Ramadhan, Idul Fitri, Idul Adha, Tahun Baru Hijriyah, Maulid Nabi Muhammad serta Isra dan Mi'raj, Presiden Republik Indonesia selalu mengadakan kegiatan keagamaan di masjid ini yang disiarkan secara langsung melalui televisi nasional (TVRI) dan sebagian televisi swasta.",Tempat Ibadah,Jakarta,0,4.7,https://lh5.googleusercontent.com/p/AF1QipNUPThsMA3zy5LWmg2aJmQV4jJinvTzNAsy6Ft2=w426-h240-k-no,"https://www.google.com/maps/place/Istiqlal+Mosque,+Pasar+Baru,+Sawah+Besar,+Central+Jakarta+City,+Jakarta+10710/@-6.1699936,106.8309278,17z/data=!3m1!4b1!4m6!3m5!1s0x2e69f5ce6cc278b3:0x92a90690b871304d!8m2!3d-6.1699936!4d106.8309278!16s%2Fg%2F11bc8ws9yt?entry=ttu","Masjid Istiqlal Tempat Ibadah Jakarta Masjid Istiqlal (arti harfiah: Masjid Merdeka) adalah masjid nasional negara Republik Indonesia yang terletak di bekas Taman Wilhelmina, di Timur Laut Lapangan Medan Merdeka yang di tengahnya berdiri Monumen Nasional (Monas), di pusat ibukota Jakarta. Masjid ini merupakan salah satu dari 10 masjid terbesar kapasitasnya di dunia yang dapat menampung lebih dari 200.000 jamaah. Di seberang Timur masjid ini berdiri Gereja Katedral Jakarta. Ketua Harian Badan Pengelola Masjid Istiqlal (BPMI) sekaligus Imam Besar Masjid Istiqlal adalah Prof. Dr. Nasaruddin Umar, M.A. Pembangunan masjid ini diprakarsai oleh Presiden Republik Indonesia saat itu, Ir. Soekarno. Peletakan batu pertama sebagai tanda dimulainya pembangunan Masjid Istiqlal dilakukan oleh Ir. Soekarno pada tanggal 24 Agustus 1961. Arsitek Masjid Istiqlal adalah Frederich Silaban, seorang Nasrani.Masjid ini memiliki gaya arsitektur modern dengan dinding dan lantai berlapis marmer, dihiasi ornamen geometrik dari baja antikarat. Bangunan utama masjid ini terdiri dari lima lantai dan satu lantai dasar. Bangunan utama itu dimahkotai satu kubah besar berdiameter 45 meter yang ditopang 12 tiang besar. Menara tunggal setinggi total 96,66 meter menjulang di sudut Selatan selasar masjid. Masjid ini mampu menampung lebih dari 200.000 jamaah.Selain digunakan sebagai aktivitas ibadah umat Islam, masjid ini juga digunakan sebagai kantor berbagai organisasi Islam di Indonesia, aktivitas sosial, dan kegiatan umum. Masjid ini juga menjadi salah satu daya tarik wisata yang terkenal di Jakarta. Kebanyakan wisatawan yang berkunjung umumnya wisatawan domestik di samping sebagian wisatawan asing yang beragama Islam. Masyarakat non-Muslim juga dapat berkunjung ke masjid ini setelah sebelumnya mendapat pembekalan informasi mengenai Islam dan Masjid Istiqlal, meskipun bagian yang boleh dikunjungi kaum non-Muslim terbatas dan harus didampingi pemandu.\nPada tiap hari besar Islam seperti Ramadhan, Idul Fitri, Idul Adha, Tahun Baru Hijriyah, Maulid Nabi Muhammad serta Isra dan Mi'raj, Presiden Republik Indonesia selalu mengadakan kegiatan keagamaan di masjid ini yang disiarkan secara langsung melalui televisi nasional (TVRI) dan sebagian televisi swasta.",masjid istiqlal ibadah jakarta masjid istiqlal  arti harfiah  masjid merdeka  masjid nasional negara republik indonesia letak bekas taman wilhelmina  timur laut lapang medan merdeka tengah diri monumen nasional  monas   pusat ibukota jakarta  masjid salah 10 masjid besar kapasitas dunia tampung 200 000 jamaah  seberang timur masjid diri gereja katedral jakarta  ketua hari badan kelola masjid istiqlal  bpmi  imam masjid istiqlal prof dr nasaruddin umar  m a  bangun masjid prakarsa presiden republik indonesia  ir  soekarno  leta batu tanda bangun masjid istiqlal ir  soekarno tanggal 24 agustus 1961 arsitek masjid istiqlal frederich silaban  nasrani masjid milik gaya arsitektur modern dinding lantai lap marmer  hias ornamen geometrik baja antikarat  bangun utama masjid lantai lantai dasar  bangun utama mahkota kubah diameter 45 meter topang 12 tiang  menara tunggal total 96 66 meter julang sudut selatan selasar masjid  masjid tampung 200 000 jamaah selain aktivitas ibadah umat islam  masjid kantor organisasi islam indonesia  aktivitas sosial  giat  masjid salah daya tarik wisata kenal jakarta  banyak wisatawan kunjung wisatawan domestik samping wisatawan asing agama islam  masyarakat non-muslim kunjung masjid bekal informasi islam masjid istiqlal  kunjung kaum non-muslim batas damping pandu npada islam ramadhan  idul fitri  idul adha  hijriyah  maulid nabi muhammad isra mi raj  presiden republik indonesia ada giat agama masjid siar langsung televisi nasional  tvri  televisi swasta
23,Gereja Katedral,"Gereja Katedral Jakarta, atau bernama resmi Gereja Santa Maria Diangkat Ke Surga (bahasa Jerman: De Kerk van Onze Lieve Vrouwe ten Hemelopneming; bahasa Inggris: The Church of Our Lady of the Assumption) adalah sebuah gereja di Jakarta. Gedung gereja ini diresmikan pada 1901 dan dibangun dengan arsitektur neo-gotik dari Eropa, yakni arsitektur yang sangat lazim digunakan untuk membangun gedung gereja beberapa abad yang lalu.",Tempat Ibadah,Jakarta,0,4.8,https://lh5.googleusercontent.com/p/AF1QipMCqOmlO3v-l1IoMwcBxmhnZ-qpvxHbGYWsSzRN=w408-h544-k-no,"https://www.google.com/maps/place/Jakarta+Cathedral/@-6.1691893,106.8328484,17z/data=!3m1!4b1!4m6!3m5!1s0x2e69f5cef86e21ad:0x3ecfda74692fc79!8m2!3d-6.1691893!4d106.8328484!16s%2Fm%2F02r7yts?entry=ttu","Gereja Katedral Tempat Ibadah Jakarta Gereja Katedral Jakarta, atau bernama resmi Gereja Santa Maria Diangkat Ke Surga (bahasa Jerman: De Kerk van Onze Lieve Vrouwe ten Hemelopneming; bahasa Inggris: The Church of Our Lady of the Assumption) adalah sebuah gereja di Jakarta. Gedung gereja ini diresmikan pada 1901 dan dibangun dengan arsitektur neo-gotik dari Eropa, yakni arsitektur yang sangat lazim digunakan untuk membangun gedung gereja beberapa abad yang lalu.",gereja katedral ibadah jakarta gereja katedral jakarta  nama resmi gereja santa maria angkat surga  bahasa jerman  de kerk van onze lieve vrouwe ten hemelopneming  bahasa inggris  the church of our lady of the assumption  gereja jakarta  gedung gereja resmi 1901 bangun arsitektur neo-gotik eropa  arsitektur lazim bangun gedung gereja abad
24,Museum Nasional,"Museum Nasional Republik Indonesia atau Museum Gajah, adalah sebuah museum arkeologi, sejarah, etnografi, dan geografi yang terletak di Jakarta Pusat dan persisnya di Jalan Merdeka Barat 12. Museum ini merupakan museum pertama dan terbesar di Asia Tenggara.",Budaya,Jakarta,5000,4.6,https://lh5.googleusercontent.com/p/AF1QipNPU11UjBh-epyp2JUtS9g2tQyxBui-l11amrFS=w427-h240-k-no,"https://www.google.com/maps/place/National+Museum+of+Indonesia/@-6.1764021,106.8215901,17z/data=!3m1!4b1!4m6!3m5!1s0x2e69f5d4b571f28b:0xa41541566f6058ed!8m2!3d-6.1764021!4d106.8215901!16s%2Fm%2F027vccr?entry=ttu","Museum Nasional Budaya Jakarta Museum Nasional Republik Indonesia atau Museum Gajah, adalah sebuah museum arkeologi, sejarah, etnografi, dan geografi yang terletak di Jakarta Pusat dan persisnya di Jalan Merdeka Barat 12. Museum ini merupakan museum pertama dan terbesar di Asia Tenggara.",museum nasional budaya jakarta museum nasional republik indonesia museum gajah  museum arkeologi  sejarah  etnografi  geografi letak jakarta pusat persis jalan merdeka barat 12 museum museum besar asia tenggara
25,Pasar Tanah Abang,"Pasar Tanah Abang atau Pasar Sabtu dibangun oleh Yustinus Vinck pada 30 Agustus 1735. Yustinus Vinck mendirikan Pasar Tanah Abang Pasar atas izin dari Gubernur Jenderal Abraham Patramini. Izin yang diberikan saat itu untuk Pasar Tanah Abang adalah untuk berjualan tekstil serta barang kelontong dan hanya buka setiap hari Sabtu. Oleh karena itu, pasar ini disebut Pasar Sabtu. Pasar ini mampu menyaingi Pasar Senen (Welter Vreden) yang sudah lebih dulu maju.\nPada tahun 1740 terjadi Peristiwa Geger Pecinan, yaitu pembantaian orang-orang Tionghoa, perusakan harta benda, termasuk Pasar Tanah Abang diporakporandakan dan dibakar. Pada tahun 1881, Pasar Tanah Abang kembali dibangun dan yang tadinya dibuka pada hari Sabtu, ditambah hari Rabu, sehingga Pasar Tanah Abang dibuka 2 kali seminggu. Bangunan Pasar pada mulanya sangat sederhana,terdiri dari dinding bambu dan papan serta atap rumbia dari 229 papan dan 139 petak bambu. Pasar Tanah Abang terus mengalami perbaikan hingga akhir abad ke-19 dan bagian lantainya mulai dikeraskan dengan pondasi adukan. Pada tahun 1913, Pasar Tanah Abang kembali diperbaiki. Pada tahun 1926 pemerintah Batavia membongkar Pasar Tanah Abang dan diganti bangunan permanen berupa tiga los panjang dari tembok dan papan serta beratap genteng, dengan kantor pasarnya berada di atas bangunan pasar mirip kandang burung. Pelataran parkir di depan pasar menjadi tempat parkir kuda-kuda penarik delman dan gerobak. Di situ tersedia kobakan air yang cukup besar, dan di seberang jalan ada toko yang khusus menjual dedak makanan kuda. Beberapa puluh meter dari toko dedak ada sebuah gang yang dikenal sebagai Gang Madat, tempat lokalisasi para pemadat.\nPada zaman pendudukan Jepang, pasar ini hampir tidak berfungsi, dan menjadi tempat para gelandangan.\nPasar Tanah Abang semakin berkembang setelah dibangunnya Stasiun Tanah Abang. Di tempat tersebut mulai dibangun tempat-tempat seperti Masjid Al Makmur dan Klenteng Hok Tek Tjen Sien yang keduanya seusia dengan Pasar Tanah Abang. Pada tahun 1973, Pasar Tanah Abang diremajakan, diganti dengan 4 bangunan berlantai empat, dan sudah mengalami dua kali kebakaran, pertama tanggal 30 Desember 1978, Blok A di lantai tiga dan kedua menimpa Blok B tanggal 13 Agustus 1979. Pada tahun 1975 tercatat kiosnya ada 4.351 buah dengan 3.016 pedagang.",Pusat Perbelanjaan,Jakarta,0,4,https://lh5.googleusercontent.com/p/AF1QipNl7A-qgY6fk654Qnl2rUBrHGnXXTYNq3hGGZmc=w408-h248-k-no,"https://www.google.com/maps/place/Ps.+Tanah+Abang,+Kb.+Kacang,+Kecamatan+Tanah+Abang,+Kota+Jakarta+Pusat,+Daerah+Khusus+Ibukota+Jakarta/@-6.1890096,106.8119312,17z/data=!3m1!4b1!4m6!3m5!1s0x2e69f69b7ca68c63:0x5b53885371ab984!8m2!3d-6.1890096!4d106.8119312!16s%2Fg%2F11bymzf34t?entry=ttu","Pasar Tanah Abang Pusat Perbelanjaan Jakarta Pasar Tanah Abang atau Pasar Sabtu dibangun oleh Yustinus Vinck pada 30 Agustus 1735. Yustinus Vinck mendirikan Pasar Tanah Abang Pasar atas izin dari Gubernur Jenderal Abraham Patramini. Izin yang diberikan saat itu untuk Pasar Tanah Abang adalah untuk berjualan tekstil serta barang kelontong dan hanya buka setiap hari Sabtu. Oleh karena itu, pasar ini disebut Pasar Sabtu. Pasar ini mampu menyaingi Pasar Senen (Welter Vreden) yang sudah lebih dulu maju.\nPada tahun 1740 terjadi Peristiwa Geger Pecinan, yaitu pembantaian orang-orang Tionghoa, perusakan harta benda, termasuk Pasar Tanah Abang diporakporandakan dan dibakar. Pada tahun 1881, Pasar Tanah Abang kembali dibangun dan yang tadinya dibuka pada hari Sabtu, ditambah hari Rabu, sehingga Pasar Tanah Abang dibuka 2 kali seminggu. Bangunan Pasar pada mulanya sangat sederhana,terdiri dari dinding bambu dan papan serta atap rumbia dari 229 papan dan 139 petak bambu. Pasar Tanah Abang terus mengalami perbaikan hingga akhir abad ke-19 dan bagian lantainya mulai dikeraskan dengan pondasi adukan. Pada tahun 1913, Pasar Tanah Abang kembali diperbaiki. Pada tahun 1926 pemerintah Batavia membongkar Pasar Tanah Abang dan diganti bangunan permanen berupa tiga los panjang dari tembok dan papan serta beratap genteng, dengan kantor pasarnya berada di atas bangunan pasar mirip kandang burung. Pelataran parkir di depan pasar menjadi tempat parkir kuda-kuda penarik delman dan gerobak. Di situ tersedia kobakan air yang cukup besar, dan di seberang jalan ada toko yang khusus menjual dedak makanan kuda. Beberapa puluh meter dari toko dedak ada sebuah gang yang dikenal sebagai Gang Madat, tempat lokalisasi para pemadat.\nPada zaman pendudukan Jepang, pasar ini hampir tidak berfungsi, dan menjadi tempat para gelandangan.\nPasar Tanah Abang semakin berkembang setelah dibangunnya Stasiun Tanah Abang. Di tempat tersebut mulai dibangun tempat-tempat seperti Masjid Al Makmur dan Klenteng Hok Tek Tjen Sien yang keduanya seusia dengan Pasar Tanah Abang. Pada tahun 1973, Pasar Tanah Abang diremajakan, diganti dengan 4 bangunan berlantai empat, dan sudah mengalami dua kali kebakaran, pertama tanggal 30 Desember 1978, Blok A di lantai tiga dan kedua menimpa Blok B tanggal 13 Agustus 1979. Pada tahun 1975 tercatat kiosnya ada 4.351 buah dengan 3.016 pedagang.",pasar tanah abang pusat belanja jakarta pasar tanah abang pasar sabtu bangun yustinus vinck 30 agustus 1735 yustinus vinck diri pasar tanah abang pasar izin gubernur jenderal abraham patramini  izin pasar tanah abang jual tekstil barang kelontong buka sabtu   pasar pasar sabtu  pasar saing pasar senen  welter vreden  maju npada 1740 peristiwa geger pecinan  bantai orang tionghoa  rusa harta benda  pasar tanah abang diporakporandakan bakar  1881  pasar tanah abang bangun buka sabtu  tambah rabu  pasar tanah abang buka 2 kali minggu  bangun pasar sederhana  dinding bambu papan atap rumbia 229 papan 139 petak bambu  pasar tanah abang alami baik abad ke-19 lantai keras pondasi adu  1913  pasar tanah abang baik  1926 perintah batavia bongkar pasar tanah abang ganti bangun permanen los tembok papan atap genteng  kantor pasar bangun pasar kandang burung  latar parkir pasar parkir kuda tarik delman gerobak  situ sedia kobak air  seberang jalan toko khusus jual dedak makan kuda  puluh meter toko dedak gang kenal gang madat  lokalisasi madat npada zaman duduk jepang  pasar fungsi  gelandang npasar tanah abang kembang bangun stasiun tanah abang  bangun tempat masjid al makmur klenteng hok tek tjen sien usia pasar tanah abang  1973  pasar tanah abang remaja  ganti 4 bangun lantai  alami kali bakar  tanggal 30 desember 1978  blok a lantai timpa blok b tanggal 13 agustus 1979 1975 catat kios 4 351 buah 3 016 dagang
26,Pecinan Glodok,"Kawasan Glodok yang dikenal sebagai pusat perdagangan elektronik sendiri dulunya merupakan bekas Penjara Glodok yang angker. Lokasi ini berada di seberang Glodok-Pancoran di kawasan Harco. Sebelum terjadi kerusuhan Mei 1998, kawasan ini sempat menjadi pusat belanja elektronik bagi wisatawan Jepang, Taiwan, dan Hongkong. Di Pinangsia, masyarakat bisa menemukan produk perlengkapan rumah tangga dan bangunan. Selain wisata belanja, pecinan Glodok-Pancoran juga merupakan situs sejarah awal mula Kota Jakarta. Setelah etnis Tionghoa bermukim dan membangun bisnis, serta perkebunan tebu, Batavia mulai berkembang pesat.",Pusat Perbelanjaan,Jakarta,0,4.3,https://lh5.googleusercontent.com/p/AF1QipNsoZ0b1v6F01z0wum4sdgBqYRKYJTOvl37KejA=w408-h544-k-no,"https://www.google.com/maps/place/Glodok+Chinatown+Market/@-6.1427907,106.8142058,17z/data=!3m1!4b1!4m6!3m5!1s0x2e69f60794af519f:0xe79dcb4569eb7d7f!8m2!3d-6.1427907!4d106.8142058!16s%2Fg%2F1tdhpfr0?entry=ttu","Pecinan Glodok Pusat Perbelanjaan Jakarta Kawasan Glodok yang dikenal sebagai pusat perdagangan elektronik sendiri dulunya merupakan bekas Penjara Glodok yang angker. Lokasi ini berada di seberang Glodok-Pancoran di kawasan Harco. Sebelum terjadi kerusuhan Mei 1998, kawasan ini sempat menjadi pusat belanja elektronik bagi wisatawan Jepang, Taiwan, dan Hongkong. Di Pinangsia, masyarakat bisa menemukan produk perlengkapan rumah tangga dan bangunan. Selain wisata belanja, pecinan Glodok-Pancoran juga merupakan situs sejarah awal mula Kota Jakarta. Setelah etnis Tionghoa bermukim dan membangun bisnis, serta perkebunan tebu, Batavia mulai berkembang pesat.",pecinan glodok pusat belanja jakarta kawasan glodok kenal pusat dagang elektronik dulunya bekas penjara glodok angker  lokasi seberang glodok-pancoran kawasan harco  rusuh mei 1998  kawasan pusat belanja elektronik wisatawan jepang  taiwan  hongkong  pinangsia  masyarakat temu produk lengkap rumah tangga bangun  wisata belanja  pecinan glodok-pancoran situs sejarah kota jakarta  etnis tionghoa mukim bangun bisnis  kebun tebu  batavia kembang pesat
27,Sea World,"Seaworld Indonesia adalah sebuah miniatur pesona laut yang terdapat dalam kompleks wisata pertama di Taman Impian Jaya Ancol.\nPada tanggal 2 Oktober 1992, Gubernur DKI masa itu, Wiyogo Atmodarminto meletakkan batu pertama pembangunan Seaworld Indonesia. Tidak sampai dua tahun, pada tanggal 3 Juni 1994 SeaWorld Indonesia sudah mulai beroperasi. Area Seaworld seluas 3 hektare dengan luas bangunan utama 4.500 m2 berisi berbagai macam akuarium, lorong Antasena (lorong bawah air), perpustakaan, museum, terapi ikan dokter, glow theatre, komputer edukatif layar sentuh berisi informasi berbagai spesies di Seaworld dan bermacam fasilitas pelengkap untuk pengunjung seperti tempat makan, toko suvenir, dan ruang serba guna.",Taman Hiburan,Jakarta,115000,4.5,https://lh5.googleusercontent.com/p/AF1QipM3VktyRho8HhEydCJgfPZcTg7tM_hXBdVERv6x=w408-h306-k-no,"https://www.google.com/maps/place/Sea+World+Ancol/@-6.1257784,106.8428327,17z/data=!3m1!4b1!4m6!3m5!1s0x2e6a1e22b8ad5c1b:0x8eea0c4c3f8cb410!8m2!3d-6.126601!4d106.842958!16s%2Fg%2F1n03_59lk?entry=ttu","Sea World Taman Hiburan Jakarta Seaworld Indonesia adalah sebuah miniatur pesona laut yang terdapat dalam kompleks wisata pertama di Taman Impian Jaya Ancol.\nPada tanggal 2 Oktober 1992, Gubernur DKI masa itu, Wiyogo Atmodarminto meletakkan batu pertama pembangunan Seaworld Indonesia. Tidak sampai dua tahun, pada tanggal 3 Juni 1994 SeaWorld Indonesia sudah mulai beroperasi. Area Seaworld seluas 3 hektare dengan luas bangunan utama 4.500 m2 berisi berbagai macam akuarium, lorong Antasena (lorong bawah air), perpustakaan, museum, terapi ikan dokter, glow theatre, komputer edukatif layar sentuh berisi informasi berbagai spesies di Seaworld dan bermacam fasilitas pelengkap untuk pengunjung seperti tempat makan, toko suvenir, dan ruang serba guna.",sea world taman hibur jakarta seaworld indonesia miniatur pesona laut kompleks wisata taman impi jaya ancol npada tanggal 2 oktober 1992  gubernur dki  wiyogo atmodarminto letak batu bangun seaworld indonesia   tanggal 3 juni 1994 seaworld indonesia operasi  area seaworld luas 3 hektare luas bangun utama 4 500 m2 isi akuarium  lorong antasena  lorong air   pustaka  museum  terapi ikan dokter  glow theatre  komputer edukatif layar sentuh isi informasi spesies seaworld fasilitas lengkap unjung makan  toko suvenir  ruang serba
28,Wisata Agro Edukatif Istana Susu Cibugary,Kawasan Wisata Agro Edukatif Istana Susu “Cibugary” (Cibubur Garden Dairy ) merupakan suatu kawasan agro peternakan sapi perah bernuansa kebun dan taman. Wisata edukasi Cibubur Garden Dairy (CIBUGARY) merupakan salah wisata edukasi yang diminati siswa sekolah. Edukasi pengenalan peternakan sapi memberikan pengalaman yang tidak dapat dilupakan oleh siswa sekolah. Kegiatan edukasi yang tidak terlalu banyak dan menyenangkan ini sangat disukai siswa sekolah. Dengan berwisata edukasi ini dapat menambah ilmu dan pengalaman secara langsung bagi siswa sekolah. Paket wisata edukatif Istana Susu Cibugary dihargai antara Rp 35.000 sampai Rp 65.000 per orang. Harga tersebut sudah termasuk beberapa botol susu pasteurisasi dan goodybag cibugary.,Taman Hiburan,Jakarta,35000,4.5,https://lh5.googleusercontent.com/p/AF1QipMpHoEe4NFNIgEloAL-fKWSqEZ6nsl-FbIEhHB4=w408-h306-k-no,"https://www.google.com/maps/place/Cibugary+Farm+-+Wisata+Edukasi+Cibugary/@-6.3214192,106.8681255,13z/data=!4m10!1m2!2m1!1sistana+susu+cibugary!3m6!1s0x2e69ecca1d79d3d3:0xc998bd9e30f544a0!8m2!3d-6.356969!4d106.906393!15sChRpc3RhbmEgc3VzdSBjaWJ1Z2FyeVoWIhRpc3RhbmEgc3VzdSBjaWJ1Z2FyeZIBEnRvdXJpc3RfYXR0cmFjdGlvbpoBI0NoWkRTVWhOTUc5blMwVkpRMEZuU1VONWFEZERPVVpSRUFF4AEA!16s%2Fg%2F11cjhzgj8r?entry=ttu",Wisata Agro Edukatif Istana Susu Cibugary Taman Hiburan Jakarta Kawasan Wisata Agro Edukatif Istana Susu “Cibugary” (Cibubur Garden Dairy ) merupakan suatu kawasan agro peternakan sapi perah bernuansa kebun dan taman. Wisata edukasi Cibubur Garden Dairy (CIBUGARY) merupakan salah wisata edukasi yang diminati siswa sekolah. Edukasi pengenalan peternakan sapi memberikan pengalaman yang tidak dapat dilupakan oleh siswa sekolah. Kegiatan edukasi yang tidak terlalu banyak dan menyenangkan ini sangat disukai siswa sekolah. Dengan berwisata edukasi ini dapat menambah ilmu dan pengalaman secara langsung bagi siswa sekolah. Paket wisata edukatif Istana Susu Cibugary dihargai antara Rp 35.000 sampai Rp 65.000 per orang. Harga tersebut sudah termasuk beberapa botol susu pasteurisasi dan goodybag cibugary.,wisata agro edukatif istana susu cibugary taman hibur jakarta kawasan wisata agro edukatif istana susu  cibugary   cibubur garden dairy  kawasan agro terna sapi perah nuansa kebun taman  wisata edukasi cibubur garden dairy  cibugary  salah wisata edukasi mati siswa sekolah  edukasi kenal terna sapi alam lupa siswa sekolah  giat edukasi senang suka siswa sekolah  wisata edukasi tambah ilmu alam langsung siswa sekolah  paket wisata edukatif istana susu cibugary harga rp 35 000 rp 65 000 orang  harga botol susu pasteurisasi goodybag cibugary
29,Wisata Kuliner Pecenongan,"Pecenongan merupakan salah satu surga kuliner di Jakarta Pusat yang dikenal sejak zaman Jakarta masih bernama kota Batavia. Dulunya di kawasan ini terdapat pedagang kaki lima yang menjajakan kuliner di pinggir jalan, tetapi tahun demi tahun kawasan Pecenongan semakin ramai dengan adanya rumah makan-rumah makan yang mulai dibangun. Kawasan pecenongan ini cocok bagi kalian yang ingin berwisata kuliner dimalam hari, beragam jenis kuliner yang pastinya membuat kamu kebingungan ingin mencoba yang mana terlebih dahulu. Tak heran jika orang yang sudah pernah mencoba pergi kulineran ke sini pasti akan kembali lagi.
",Pusat Perbelanjaan,Jakarta,0,5,https://lh5.googleusercontent.com/p/AF1QipMN7i0QBdFJMlkVDZkxJu0fNEr8NBACSupqdieq=w408-h306-k-no,"https://www.google.com/maps/place/Kawasan+Wisata+Kuliner+Pecenongan/@-6.1667887,106.8265261,17z/data=!3m1!4b1!4m6!3m5!1s0x2e69f5f77f8f6655:0xd91d1217242ad12b!8m2!3d-6.1667887!4d106.8265261!16s%2Fg%2F11hz02120x?entry=ttu","Wisata Kuliner Pecenongan Pusat Perbelanjaan Jakarta Pecenongan merupakan salah satu surga kuliner di Jakarta Pusat yang dikenal sejak zaman Jakarta masih bernama kota Batavia. Dulunya di kawasan ini terdapat pedagang kaki lima yang menjajakan kuliner di pinggir jalan, tetapi tahun demi tahun kawasan Pecenongan semakin ramai dengan adanya rumah makan-rumah makan yang mulai dibangun. Kawasan pecenongan ini cocok bagi kalian yang ingin berwisata kuliner dimalam hari, beragam jenis kuliner yang pastinya membuat kamu kebingungan ingin mencoba yang mana terlebih dahulu. Tak heran jika orang yang sudah pernah mencoba pergi kulineran ke sini pasti akan kembali lagi.
",wisata kuliner pecenongan pusat belanja jakarta pecenongan salah surga kuliner jakarta pusat kenal zaman jakarta nama kota batavia  dulunya kawasan dagang kaki jaja kuliner pinggir jalan  kawasan pecenongan ramai rumah makan-rumah makan bangun  kawasan pecenongan cocok wisata kuliner malam  agam jenis kuliner pasti bingung coba  heran orang coba pergi kuliner
30,Taman Menteng,"Taman Menteng adalah sebuah taman yang berlokasi di kawasan Menteng, Jakarta Pusat. Taman ini dulunya ditempati oleh Stadion Menteng.\nTaman ini berdiri di atas lahan seluas 2,9 hektar, dan memiliki koleksi 30 spesies tanaman yang berbeda. Taman Menteng juga memiliki beragam fasilitas pendukung seperti taman bermain untuk anak-anak serta lapangan futsal dan basket. Uniknya, di taman ini terdapat pula 44 sumur resapan untuk membantu penyerapan air hujan ke dalam tanah.
",Taman Hiburan,Jakarta,0,4.5,https://lh5.googleusercontent.com/p/AF1QipMZuo1257E-yaS6Gw3-gEPhi-QDMDbz7MXfuSv2=w408-h272-k-no,"https://www.google.com/maps/place/Menteng+Park/@-6.1964087,106.8293106,17z/data=!3m1!4b1!4m6!3m5!1s0x2e69f422b00ee429:0xa28d5c5a0efbe12e!8m2!3d-6.1964087!4d106.8293106!16s%2Fg%2F11byz6zj8g?entry=ttu","Taman Menteng Taman Hiburan Jakarta Taman Menteng adalah sebuah taman yang berlokasi di kawasan Menteng, Jakarta Pusat. Taman ini dulunya ditempati oleh Stadion Menteng.\nTaman ini berdiri di atas lahan seluas 2,9 hektar, dan memiliki koleksi 30 spesies tanaman yang berbeda. Taman Menteng juga memiliki beragam fasilitas pendukung seperti taman bermain untuk anak-anak serta lapangan futsal dan basket. Uniknya, di taman ini terdapat pula 44 sumur resapan untuk membantu penyerapan air hujan ke dalam tanah.
",taman menteng taman hibur jakarta taman menteng taman lokasi kawasan menteng  jakarta pusat  taman dulunya tempat stadion menteng ntaman diri lahan luas 2 9 hektar  milik koleksi 30 spesies tanam beda  taman menteng milik agam fasilitas dukung taman main anak lapang futsal basket  unik  taman 44 sumur resap bantu serap air hujan tanah
31,Wisata Alam Mangrove Angke,"Jangan anggap di Jakarta tidak ada wisata alam. Langsung meluncur ke Jakarta Utara, tepatnya di Kamal Muara Penjaringan atau Pantai Indah Kapuk. Di daerah ini terdapat area wisata alam yaitu Taman Wisata Mangrove Jakarta yang sekarang dan beberapa tahun belakangan tengah hits. Di kawasan ini terdapat tiga area, satu berupa Suaka Margasatwa Muara Angke yang tertutup untuk umum, Hutan Mangrove milik Pemprov DKI tetapi kurang begitu menarik untuk wisata. Selanjutnya Taman Wisata Alam Mangrove Angke yang memang merupakan area wisata berbasis konservasi mangrove.
",Cagar Alam,Jakarta,25000,4.3,https://lh5.googleusercontent.com/p/AF1QipPkYUb3cB8E7Bq3ARMHJqBSa1OIgsz30cHUm5SQ=w408-h306-k-no,"https://www.google.com/maps/place/Taman+Wisata+Alam+Mangrove+Angke+Kapuk/@-6.1064903,106.7368887,17z/data=!3m1!4b1!4m9!3m8!1s0x2e6a1d2589502ba3:0xc39c90629ab16290!5m2!4m1!1i2!8m2!3d-6.1064903!4d106.7368887!16s%2Fg%2F1pzpnxtjc?entry=ttu","Wisata Alam Mangrove Angke Cagar Alam Jakarta Jangan anggap di Jakarta tidak ada wisata alam. Langsung meluncur ke Jakarta Utara, tepatnya di Kamal Muara Penjaringan atau Pantai Indah Kapuk. Di daerah ini terdapat area wisata alam yaitu Taman Wisata Mangrove Jakarta yang sekarang dan beberapa tahun belakangan tengah hits. Di kawasan ini terdapat tiga area, satu berupa Suaka Margasatwa Muara Angke yang tertutup untuk umum, Hutan Mangrove milik Pemprov DKI tetapi kurang begitu menarik untuk wisata. Selanjutnya Taman Wisata Alam Mangrove Angke yang memang merupakan area wisata berbasis konservasi mangrove.
",wisata alam mangrove angke cagar alam jakarta anggap jakarta wisata alam  langsung luncur jakarta utara  tepat kamal muara jaring pantai indah kapuk  daerah area wisata alam taman wisata mangrove jakarta hits  kawasan area  suaka margasatwa muara angke tutup  hutan mangrove milik pemprov dki tarik wisata  taman wisata alam mangrove angke area wisata bas konservasi mangrove
32,Setu Babakan,"Setu Babakan atau Danau Babakan terletak di Srengseng Sawah, kecamatan Jagakarsa, Kotamadya Jakarta Selatan, Indonesia dekat Depok yang berfungsi sebagai pusat Perkampungan Budaya Betawi, suatu area yang diperuntukkan untuk pelestarian warisan budaya Jakarta, yaitu budaya asli Betawi.\nPerkampungan budaya Betawi ini didirikan pada tanggal 18 Agustus 2000 melalui Surat Keputusan Gubernur DKI Nomor 92 tahun 2000 yang dikeluarkan oleh Gubernur DKI Jakarta pada waktu itu yaitu Sutiyoso\nSitu Babakan merupakan danau buatan dengan area 30 hektare (79 akre) dengan kedalaman 1-5 meter dimana airnya berasal dari Sungai Ciliwung dan saat ini digunakan sebagai tempat wisata alternatif, bagi warga dan para pengunjung.\nTaman disekitarnya ditanami dengan beragam pohon buah-buahan yaitu Mangga, Palem, Melinjo, Rambutan, Jambu, Pandan, Kecapi, Jamblang, Krendang, Guni, Nangka Cimpedak, Nam-nam, dan Jengkol.\nBanyak kuliner khas Betawi terdapat disini, antara lain Kerak Telor, Toge Goreng, Arum Manis, Rujak Bebek, Soto Betawi, Es Potong, Es Duren, Bir Pletok, Nasi Uduk, Nasi Ulam, Lontong Sayur, dll.\nWisata budaya yang disajikan antara laim rumah-rumah khas Betawi yang dibagi menjadi 3 macam, pertama rumah Betawi gudang atau kandang, kedua rumah Betawi Kebaya atau Bapang, dan yang ketiga adalah rumah Joglo, hampir serupa dengan rumah khas Yogyakarta.\nKeseniannya berupa Lenong, Tari Topeng, Tanjidor, Marawis, Gambang Kromong, Tari Lenggang Nyai, dan Tari Narojeng.\nUpacara Adat yang ada di perkampungan Betawi Setu Babakan adalah Penganten Sunat, Pindah Rumah, Khatam Qur'an, dan Nujuh Bulan.\nMayoritas penduduk di Setu Babakan adalah Betawi, dengan program dari pemda DKI untuk memperbaiki sarana dan prasarana yang ada untuk mengakomodasi kebutuhan ruang terbuka hijau, serta area untuk resapan air, setu babakan berbenah diri dengan dukungan penuh dari pemda DKI\nFungsi dari Setu ini bukan hanya untuk tempat melestarikan kebudayaan betawi yang makin tergerus oleh zaman, tetapi digunakan juga sebagai tempat alternatif rekreasi yang berlokasi di selatan jakarta. selain fungsi utamanya sebagai penampung air resapan untuk selatan jakarta,",Budaya,Jakarta,0,4.4,https://lh5.googleusercontent.com/p/AF1QipOd1IQyvkCRZgLBH3hiVPuuE-06gXkfCMmCHP8g=w408-h544-k-no,"https://www.google.com/maps/place/Setu+Babakan/@-6.3416666,106.8238889,14z/data=!3m1!4b1!4m6!3m5!1s0x2e69ec2c9dd1c945:0x217a79a62ac3e4fd!8m2!3d-6.3416667!4d106.8238889!16s%2Fm%2F02vqs32?entry=ttu","Setu Babakan Budaya Jakarta Setu Babakan atau Danau Babakan terletak di Srengseng Sawah, kecamatan Jagakarsa, Kotamadya Jakarta Selatan, Indonesia dekat Depok yang berfungsi sebagai pusat Perkampungan Budaya Betawi, suatu area yang diperuntukkan untuk pelestarian warisan budaya Jakarta, yaitu budaya asli Betawi.\nPerkampungan budaya Betawi ini didirikan pada tanggal 18 Agustus 2000 melalui Surat Keputusan Gubernur DKI Nomor 92 tahun 2000 yang dikeluarkan oleh Gubernur DKI Jakarta pada waktu itu yaitu Sutiyoso\nSitu Babakan merupakan danau buatan dengan area 30 hektare (79 akre) dengan kedalaman 1-5 meter dimana airnya berasal dari Sungai Ciliwung dan saat ini digunakan sebagai tempat wisata alternatif, bagi warga dan para pengunjung.\nTaman disekitarnya ditanami dengan beragam pohon buah-buahan yaitu Mangga, Palem, Melinjo, Rambutan, Jambu, Pandan, Kecapi, Jamblang, Krendang, Guni, Nangka Cimpedak, Nam-nam, dan Jengkol.\nBanyak kuliner khas Betawi terdapat disini, antara lain Kerak Telor, Toge Goreng, Arum Manis, Rujak Bebek, Soto Betawi, Es Potong, Es Duren, Bir Pletok, Nasi Uduk, Nasi Ulam, Lontong Sayur, dll.\nWisata budaya yang disajikan antara laim rumah-rumah khas Betawi yang dibagi menjadi 3 macam, pertama rumah Betawi gudang atau kandang, kedua rumah Betawi Kebaya atau Bapang, dan yang ketiga adalah rumah Joglo, hampir serupa dengan rumah khas Yogyakarta.\nKeseniannya berupa Lenong, Tari Topeng, Tanjidor, Marawis, Gambang Kromong, Tari Lenggang Nyai, dan Tari Narojeng.\nUpacara Adat yang ada di perkampungan Betawi Setu Babakan adalah Penganten Sunat, Pindah Rumah, Khatam Qur'an, dan Nujuh Bulan.\nMayoritas penduduk di Setu Babakan adalah Betawi, dengan program dari pemda DKI untuk memperbaiki sarana dan prasarana yang ada untuk mengakomodasi kebutuhan ruang terbuka hijau, serta area untuk resapan air, setu babakan berbenah diri dengan dukungan penuh dari pemda DKI\nFungsi dari Setu ini bukan hanya untuk tempat melestarikan kebudayaan betawi yang makin tergerus oleh zaman, tetapi digunakan juga sebagai tempat alternatif rekreasi yang berlokasi di selatan jakarta. selain fungsi utamanya sebagai penampung air resapan untuk selatan jakarta,",setu babakan budaya jakarta setu babakan danau babakan letak srengseng sawah  camat jagakarsa  kotamadya jakarta selatan  indonesia depok fungsi pusat kampung budaya betawi  area untuk lestari waris budaya jakarta  budaya asli betawi nperkampungan budaya betawi diri tanggal 18 agustus 2000 surat putus gubernur dki nomor 92 2000 keluar gubernur dki jakarta sutiyoso nsitu babakan danau buat area 30 hektare  79 akre  dalam 1-5 meter mana air asal sungai ciliwung wisata alternatif  warga unjung ntaman sekitar tanam agam pohon buah mangga  palem  melinjo  rambutan  jambu  pandan  kecapi  jamblang  krendang  gun  nangka cimpedak  nam-nam  jengkol nbanyak kuliner khas betawi  kerak telor  toge goreng  arum manis  rujak bebek  soto betawi  es potong  es duren  bir pletok  nasi uduk  nasi ulam  lontong sayur  dll nwisata budaya saji laim rumah khas betawi bagi 3  rumah betawi gudang kandang  rumah betawi kebaya bapang  tiga rumah joglo  rumah khas yogyakarta nkeseniannya lenong  tari topeng  tanjidor  marawis  gambang kromong  tari lenggang nyai  tari narojeng nupacara adat kampung betawi setu babakan penganten sunat  pindah rumah  khatam qur an  nujuh bulan nmayoritas duduk setu babakan betawi  program pemda dki baik sarana prasarana akomodasi butuh ruang buka hijau  area resap air  setu babakan benah dukung penuh pemda dki nfungsi setu lestari budaya betawi gerus zaman  alternatif rekreasi lokasi selatan jakarta  fungsi utama tampung air resap selatan jakarta
33,Taman Suropati,"Taman Suropati (awalnya bernama Burgemeester Bisschopplein) adalah nama sebuah taman di Jakarta. Pada awalnya nama taman ini diambil dari nama wali kota Batavia pertama, G.J. Bisshop (1916–1920). Taman ini merupakan pusat kawasan Menteng, berada tepat di antara pertemuan tiga jalan utama, yaitu Menteng Boulevard (Jalan Teuku Umar), Orange Boulevard (Jalan Diponegoro), dan Nassau Boulevard (Jalan Imam Bonjol). Lapangan yang kini disebut sebagai Taman Suropati ini sejak tahun 1920 sudah menggantikan lapangan bundar yang luas dalam Rencana Moojen. Taman Suropati, yang disebut-sebut sebagai titik nol Republik Indonesia, menjadi taman yang rindang dan sejak beberapa tahun yang lalu dihiasi dengan patung-patung karya pematung dari negara-negara pendiri Perhimpunan Bangsa-Bangsa Asia Tenggara.",Taman Hiburan,Jakarta,0,4.6,https://lh5.googleusercontent.com/p/AF1QipP8ZzWjOF-YHlDdZwpzP6f0SKK284XIJqL6aKDH=w408-h306-k-no,"https://www.google.com/maps/place/Suropati+Park/@-6.199387,106.8326333,17z/data=!3m1!4b1!4m6!3m5!1s0x2e69f416e4052ef9:0x8b3359cdbfba5a81!8m2!3d-6.199387!4d106.8326333!16s%2Fg%2F120z1syk?entry=ttu","Taman Suropati Taman Hiburan Jakarta Taman Suropati (awalnya bernama Burgemeester Bisschopplein) adalah nama sebuah taman di Jakarta. Pada awalnya nama taman ini diambil dari nama wali kota Batavia pertama, G.J. Bisshop (1916–1920). Taman ini merupakan pusat kawasan Menteng, berada tepat di antara pertemuan tiga jalan utama, yaitu Menteng Boulevard (Jalan Teuku Umar), Orange Boulevard (Jalan Diponegoro), dan Nassau Boulevard (Jalan Imam Bonjol). Lapangan yang kini disebut sebagai Taman Suropati ini sejak tahun 1920 sudah menggantikan lapangan bundar yang luas dalam Rencana Moojen. Taman Suropati, yang disebut-sebut sebagai titik nol Republik Indonesia, menjadi taman yang rindang dan sejak beberapa tahun yang lalu dihiasi dengan patung-patung karya pematung dari negara-negara pendiri Perhimpunan Bangsa-Bangsa Asia Tenggara.",taman suropati taman hibur jakarta taman suropati  nama burgemeester bisschopplein  nama taman jakarta  nama taman ambil nama wali kota batavia  g j  bisshop  1916 1920   taman pusat kawasan menteng  temu jalan utama  menteng boulevard  jalan teuku umar   orange boulevard  jalan diponegoro   nassau boulevard  jalan imam bonjol   lapang taman suropati 1920 ganti lapang bundar luas rencana moojen  taman suropati  sebut titik nol republik indonesia  taman rindang hias patung karya patung negara diri himpun bangsa asia tenggara
34,Pasar Taman Puring,"Taman Puring bukanlah taman secara harfiah. Sejak eksis di tahun 1960 silam, Taman Puring adalah sebuah pasar. Selama bertahun-tahun, pasar ini sempat menjadi pasar gelap alias pasar barang-barang ilegal. Antara tahun 1980-1990an, pasar ini makin dijauhi masyarakat karena menjadi sentra barang-barang hasil tindakan kriminal. Sejak terbakar pada 2002, Pasar Taman Puring perlahan berbenah diri hingga sekarang menjadi destinasi belanja akhir pekan favorit warga Jakarta. Ada ratusan kios sepatu pria mulai dari sepatu kulit, sepatu gunung, sepatu futsal, hingga sepatu gaul khas anak muda. Beragam merk mulai dari Adidas, Caterpillar, Nike, Karrimor, Vans, hingga Converse tersedia dalam berbagai model dan warna.",Pusat Perbelanjaan,Jakarta,0,4.4,https://lh5.googleusercontent.com/p/AF1QipOWgomDtfuKhyHx09BsanGV1ZyG3iG6z9HOsc5q=w408-h306-k-no,"https://www.google.com/maps/place/Taman+Puring+Market/@-6.241369,106.7890587,17z/data=!3m1!4b1!4m6!3m5!1s0x2e69f1142da82439:0x9ef95dd7736011bd!8m2!3d-6.241369!4d106.7890587!16s%2Fg%2F11btytg_qd?entry=ttu","Pasar Taman Puring Pusat Perbelanjaan Jakarta Taman Puring bukanlah taman secara harfiah. Sejak eksis di tahun 1960 silam, Taman Puring adalah sebuah pasar. Selama bertahun-tahun, pasar ini sempat menjadi pasar gelap alias pasar barang-barang ilegal. Antara tahun 1980-1990an, pasar ini makin dijauhi masyarakat karena menjadi sentra barang-barang hasil tindakan kriminal. Sejak terbakar pada 2002, Pasar Taman Puring perlahan berbenah diri hingga sekarang menjadi destinasi belanja akhir pekan favorit warga Jakarta. Ada ratusan kios sepatu pria mulai dari sepatu kulit, sepatu gunung, sepatu futsal, hingga sepatu gaul khas anak muda. Beragam merk mulai dari Adidas, Caterpillar, Nike, Karrimor, Vans, hingga Converse tersedia dalam berbagai model dan warna.",pasar taman puring pusat belanja jakarta taman puring taman harfiah  eks 1960 silam  taman puring pasar  tahun  pasar pasar gelap alias pasar barang ilegal  1980-1990an  pasar jauh masyarakat sentra barang hasil tindak kriminal  bakar 2002  pasar taman puring perlahan benah destinasi belanja pekan favorit warga jakarta  ratus kios sepatu pria sepatu kulit  sepatu gunung  sepatu futsal  sepatu gaul khas anak muda  agam merk adidas  caterpillar  nike  karrimor  vans  converse sedia model warna
35,Grand Indonesia Mall,"Grand Indonesia merupakan mal di Jakarta. Mal ini dibuka pada tahun 2007 oleh Presiden Susilo Bambang Yudhoyono. Pada tahun 2007, Hotel Indonesia mengalami pemugaran. Selanjutnya setelah dibuka kembali, hotel dikelola oleh grup Kempinski dan namanya diganti menjadi Hotel Indonesia-Kempinski.",Pusat Perbelanjaan,Jakarta,0,4.7,https://lh5.googleusercontent.com/p/AF1QipN13lR-3TR_krQpfCF-pxZV6LiIqjLhaL9d5Ecg=w521-h240-k-no,"https://www.google.com/maps/place/Grand+Indonesia+West+Mall/@-6.1951904,106.8172232,17z/data=!4m10!1m2!2m1!1sgrand+indonesia+mall!3m6!1s0x2e69f4204b1fa529:0x17836e2286ad0cce!8m2!3d-6.1951904!4d106.8194119!15sChRncmFuZCBpbmRvbmVzaWEgbWFsbFoWIhRncmFuZCBpbmRvbmVzaWEgbWFsbJIBD3Nob3BwaW5nX2NlbnRlcuABAA!16s%2Fg%2F11c6djyvjw?entry=ttu","Grand Indonesia Mall Pusat Perbelanjaan Jakarta Grand Indonesia merupakan mal di Jakarta. Mal ini dibuka pada tahun 2007 oleh Presiden Susilo Bambang Yudhoyono. Pada tahun 2007, Hotel Indonesia mengalami pemugaran. Selanjutnya setelah dibuka kembali, hotel dikelola oleh grup Kempinski dan namanya diganti menjadi Hotel Indonesia-Kempinski.",grand indonesia mall pusat belanja jakarta grand indonesia mal jakarta  mal buka 2007 presiden susilo bambang yudhoyono  2007  hotel indonesia alami pugar  buka  hotel kelola grup kempinski nama ganti hotel indonesia-kempinski
36,Skyrink - Mall Taman Anggrek,Salah satu arena ice skating Jakarta adalah Ice Skating Taman Anggrek. Area ice skating di Taman Anggrek dibuat seluas 1.248 meter persegi. Ice Skating Termegah Di Indonesia adalaH di Taman Anggrek. Tidak hanya termegah di Indonesia tetapi juga termegah di Asia.Maka dari itu tidak mengherankan bahwa banyak sekali pengunjung yang datang.,Taman Hiburan,Jakarta,110000,4.5,https://lh5.googleusercontent.com/p/AF1QipNTZ9EupeLSeSpeZPXYBvi-5KW6VHQr3JAF0XS8=w426-h240-k-no,"https://www.google.com/maps/place/Skyrink+Jakarta+-+Mall+Taman+Anggrek/@-6.178996,106.791941,17z/data=!3m2!4b1!5s0x2e69f6f9e27a8eb3:0xd485f9568226a8df!4m6!3m5!1s0x2e69f6f56ab6ef79:0xfc0b659d8cf1560b!8m2!3d-6.178996!4d106.791941!16s%2Fg%2F1ts2lyw6?entry=ttu",Skyrink - Mall Taman Anggrek Taman Hiburan Jakarta Salah satu arena ice skating Jakarta adalah Ice Skating Taman Anggrek. Area ice skating di Taman Anggrek dibuat seluas 1.248 meter persegi. Ice Skating Termegah Di Indonesia adalaH di Taman Anggrek. Tidak hanya termegah di Indonesia tetapi juga termegah di Asia.Maka dari itu tidak mengherankan bahwa banyak sekali pengunjung yang datang.,skyrink - mall taman anggrek taman hibur jakarta salah arena ice skating jakarta ice skating taman anggrek  area ice skating taman anggrek luas 1 248 meter persegi  ice skating megah indonesia taman anggrek  megah indonesia megah asia maka heran unjung
37,Bumi Perkemahan Cibubur,"Bumi Perkemahan dan Graha Wisata Pramuka Cibubur (Buperta Cibubur) adalah kawasan perkemahan yang terdapat di Cibubur, Ciracas, Jakarta Timur. Kawasan ini memiliki luas 210 hektar dan sudah berkali-kali menjadi lokasi pelaksanaan Jambore Nasional sejak tahun 1973. Buperta Cibubur dibangun di kawasan yang sebelumnya merupakan hutan karet. Pihak pengelola juga bekerja sama dengan TNI AD dan TNI AU dalam pengelolaan Buperta Cibubur.Buperta Cibubur dapat diakses dari Terminal Kampung Rambutan dengan angkutan umum jurusan Kranggan atau Mekarsari Jonggol,
",Taman Hiburan,Jakarta,10000,4.5,https://lh5.googleusercontent.com/p/AF1QipNcHkfB58NGZ6fbNqIYM_D2iOWLzBHIvjpzAS_8=w426-h240-k-no,"https://www.google.com/maps/place/Bumi+Perkemahan+dan+Graha+Wisata+(Buperta)+Cibubur,+Jakarta+Timur./@-6.3639582,106.8978554,17z/data=!3m1!4b1!4m6!3m5!1s0x2e69ed0636fa4c35:0x75633f07f5c906e4!8m2!3d-6.3639582!4d106.8978554!16s%2Fg%2F11ty6ylvy6?entry=ttu","Bumi Perkemahan Cibubur Taman Hiburan Jakarta Bumi Perkemahan dan Graha Wisata Pramuka Cibubur (Buperta Cibubur) adalah kawasan perkemahan yang terdapat di Cibubur, Ciracas, Jakarta Timur. Kawasan ini memiliki luas 210 hektar dan sudah berkali-kali menjadi lokasi pelaksanaan Jambore Nasional sejak tahun 1973. Buperta Cibubur dibangun di kawasan yang sebelumnya merupakan hutan karet. Pihak pengelola juga bekerja sama dengan TNI AD dan TNI AU dalam pengelolaan Buperta Cibubur.Buperta Cibubur dapat diakses dari Terminal Kampung Rambutan dengan angkutan umum jurusan Kranggan atau Mekarsari Jonggol,
",bumi kemah cibubur taman hibur jakarta bumi kemah graha wisata pramuka cibubur  buperta cibubur  kawasan kemah cibubur  ciracas  jakarta timur  kawasan milik luas 210 hektar lokasi laksana jambore nasional 1973 buperta cibubur bangun kawasan hutan karet  kelola tni ad tni au kelola buperta cibubur buperta cibubur akses terminal kampung rambutan angkut jurus kranggan mekarsari jonggol
38,Istana Negara Republik Indonesia,"Istana Negara merupakan pusat kegiatan pemerintahan negara. Banyak kegiatan-kegiatan bersifat kenegaraan digelar di Istana Negara. Seperti kegiatan pelantikan pejabat-pejabat penting negara, maupun pembukaan kongres bersifat nasional dan internasional. Istana Negara fungsinya lebih difokuskan kepada kegiatan resmi kepresidenan, yaitu sebagai kantor Presiden Republik Indonesia. Dilansir situs Sekretaris Negara (Sesneg), Istana Negara awalnya sebagai kediaman pribadi warga Belanda, J.A Van Braam.",Budaya,Jakarta,0,4.6,https://lh5.googleusercontent.com/p/AF1QipP94XEe5AzOBrQHce_T7U0UqbcDY26LUnIpwZUj=w408-h544-k-no,"https://www.google.com/maps/place/The+State+Palace/@-6.167915,106.8239502,17z/data=!3m1!4b1!4m6!3m5!1s0x2e69f567d8adcb6f:0xde490e60a9a44e65!8m2!3d-6.167915!4d106.8239502!16s%2Fg%2F11p12ymhmy?entry=ttu","Istana Negara Republik Indonesia Budaya Jakarta Istana Negara merupakan pusat kegiatan pemerintahan negara. Banyak kegiatan-kegiatan bersifat kenegaraan digelar di Istana Negara. Seperti kegiatan pelantikan pejabat-pejabat penting negara, maupun pembukaan kongres bersifat nasional dan internasional. Istana Negara fungsinya lebih difokuskan kepada kegiatan resmi kepresidenan, yaitu sebagai kantor Presiden Republik Indonesia. Dilansir situs Sekretaris Negara (Sesneg), Istana Negara awalnya sebagai kediaman pribadi warga Belanda, J.A Van Braam.",istana negara republik indonesia budaya jakarta istana negara pusat giat perintah negara  giat sifat negara gelar istana negara  giat lantik jabat negara  buka kongres sifat nasional internasional  istana negara fungsi fokus giat resmi presiden  kantor presiden republik indonesia  lansir situs sekretaris negara  sesneg   istana negara diam pribadi warga belanda  j a van braam
39,Museum Macan (Modern and Contemporary Art in Nusantara),"Museum Seni Modern dan Kontemporer di Nusantara atau Museum MACAN adalah sebuah museum seni di Kebon Jeruk di Jakarta, Indonesia. Museum ini merupakan yang pertama di Indonesia yang memiliki koleksi seni modern dan kontemporer Indonesia dan internasional.",Budaya,Jakarta,100000,4.5,https://lh5.googleusercontent.com/p/AF1QipP5k7CxSxUZQtYH6JUe_mj6ivuW_Pe9r6XY0ftH=w408-h272-k-no,"https://www.google.com/maps/place/Museum+MACAN+(Modern+and+Contemporary+Art+in+Nusantara)/@-6.1910434,106.7679858,17z/data=!3m1!4b1!4m6!3m5!1s0x2e69f71dafebfd57:0xf19623593db3f0f6!8m2!3d-6.1910434!4d106.7679858!16s%2Fg%2F11f4v4x9mf?entry=ttu","Museum Macan (Modern and Contemporary Art in Nusantara) Budaya Jakarta Museum Seni Modern dan Kontemporer di Nusantara atau Museum MACAN adalah sebuah museum seni di Kebon Jeruk di Jakarta, Indonesia. Museum ini merupakan yang pertama di Indonesia yang memiliki koleksi seni modern dan kontemporer Indonesia dan internasional.",museum macan  modern and contemporary art in nusantara  budaya jakarta museum seni modern kontemporer nusantara museum macan museum seni kebon jeruk jakarta  indonesia  museum indonesia milik koleksi seni modern kontemporer indonesia internasional
40,Galeri Nasional Indonesia,"Galeri Nasional Indonesia (bahasa Inggris: National Gallery of Indonesia) adalah sebuah lembaga budaya negara atau sebagai museum seni rupa modern dan kontemporer. Di sini terdapat gedung yang berfungsi antara lain sebagai tempat pameran, dan perhelatan seni rupa Indonesia dan mancanegara. Gedung ini merupakan institusi milik pemerintah di bawah Menteri Pendidikan dan Kebudayaan. Fungsi Galeri Nasional Indonesia adalah melaksanakan pengkajian, pengumpulan, registrasi, perawatan, pengamanan, pameran, kemitraan, layanan edukasi dan publikasi karya seni rupa. Lalu fungsi utamanya adalah melindungi, pengembangan, dan pemanfaatan asset kesenian (seni rupa) sebagai fasilitas pendidikan dan kebudayaan. Galeri Nasional beralamat di Jalan Medan Merdeka Timur No. 14 Jakarta Pusat.
",Budaya,Jakarta,0,4.6,https://lh5.googleusercontent.com/p/AF1QipNm0qy--aEb3Q3dvq5dBc16UZUOAZLPDCiv-Tki=w408-h272-k-no,"https://www.google.com/maps/place/National+Gallery+of+Indonesia/@-6.1785482,106.8327716,17z/data=!3m1!4b1!4m6!3m5!1s0x2e69f432fb0c95a5:0x5a9cae96473931a8!8m2!3d-6.1785482!4d106.8327716!16s%2Fm%2F0qfpbqv?entry=ttu","Galeri Nasional Indonesia Budaya Jakarta Galeri Nasional Indonesia (bahasa Inggris: National Gallery of Indonesia) adalah sebuah lembaga budaya negara atau sebagai museum seni rupa modern dan kontemporer. Di sini terdapat gedung yang berfungsi antara lain sebagai tempat pameran, dan perhelatan seni rupa Indonesia dan mancanegara. Gedung ini merupakan institusi milik pemerintah di bawah Menteri Pendidikan dan Kebudayaan. Fungsi Galeri Nasional Indonesia adalah melaksanakan pengkajian, pengumpulan, registrasi, perawatan, pengamanan, pameran, kemitraan, layanan edukasi dan publikasi karya seni rupa. Lalu fungsi utamanya adalah melindungi, pengembangan, dan pemanfaatan asset kesenian (seni rupa) sebagai fasilitas pendidikan dan kebudayaan. Galeri Nasional beralamat di Jalan Medan Merdeka Timur No. 14 Jakarta Pusat.
",galeri nasional indonesia budaya jakarta galeri nasional indonesia  bahasa inggris  national gallery of indonesia  lembaga budaya negara museum seni rupa modern kontemporer  gedung fungsi pamer  helat seni rupa indonesia mancanegara  gedung institusi milik perintah menteri didik budaya  fungsi galeri nasional indonesia laksana kaji  kumpul  registrasi  awat  aman  pamer  mitra  layan edukasi publikasi karya seni rupa  fungsi utama lindung  kembang  manfaat asset seni  seni rupa  fasilitas didik budaya  galeri nasional alamat jalan medan merdeka timur no  14 jakarta pusat
41,Museum Bahari Jakarta,Museum Bahari adalah museum yang menyimpan koleksi yang berhubungan dengan kebaharian dan kenelayanan bangsa Indonesia dari Sabang hingga Merauke yang berlokasi di seberang Pelabuhan Sunda Kelapa. Museum adalah salah satu dari delapan museum yang berada di bawah pengawasan dari Dinas Kebudayaan Permuseuman Provinsi Daerah Khusus Ibu kota Jakarta.,Budaya,Jakarta,2000,4.4,https://lh5.googleusercontent.com/p/AF1QipNuABN6Rv5ArY1lV7qogkCpSfqW678NRmvA3Gc4=w426-h240-k-no,"https://www.google.com/maps/place/Museum+Bahari+Jakarta/@-6.1269553,106.8085899,17z/data=!3m1!4b1!4m6!3m5!1s0x2e69f5e451849b79:0x9decbe492b2ded46!8m2!3d-6.1269553!4d106.8085899!16s%2Fm%2F09v54ky?entry=ttu",Museum Bahari Jakarta Budaya Jakarta Museum Bahari adalah museum yang menyimpan koleksi yang berhubungan dengan kebaharian dan kenelayanan bangsa Indonesia dari Sabang hingga Merauke yang berlokasi di seberang Pelabuhan Sunda Kelapa. Museum adalah salah satu dari delapan museum yang berada di bawah pengawasan dari Dinas Kebudayaan Permuseuman Provinsi Daerah Khusus Ibu kota Jakarta.,museum bahari jakarta budaya jakarta museum bahari museum simpan koleksi hubung bahari nelayan bangsa indonesia sabang merauke lokasi seberang labuh sunda kelapa  museum salah delapan museum awas dinas budaya museum provinsi daerah khusus kota jakarta
42,Museum Seni Rupa dan Kramik,"Museum Seni Rupa dan Keramik (Indonesia: Museum Seni Rupa dan Keramik) adalah sebuah museum di Jakarta, Indonesia. Museum ini didedikasikan khusus untuk menampilkan seni rupa tradisional dan keramik Indonesia. Museum ini terletak di sisi timur Lapangan Fatahillah, dekat Museum Sejarah Jakarta dan Museum Wayang.",Budaya,Jakarta,5000,4.4,https://lh5.googleusercontent.com/p/AF1QipPKf9iyADzmAtmJTpch9_h6ev7w7Nmc_9SzKNWY=w408-h724-k-no,"https://www.google.com/maps/place/Museum+of+Fine+Art+and+Ceramics/@-6.1342598,106.814552,17z/data=!3m1!4b1!4m6!3m5!1s0x2e6a1dff428f242d:0x3ebe306f6e4f4a6b!8m2!3d-6.1342598!4d106.814552!16s%2Fm%2F09v74pc?entry=ttu","Museum Seni Rupa dan Kramik Budaya Jakarta Museum Seni Rupa dan Keramik (Indonesia: Museum Seni Rupa dan Keramik) adalah sebuah museum di Jakarta, Indonesia. Museum ini didedikasikan khusus untuk menampilkan seni rupa tradisional dan keramik Indonesia. Museum ini terletak di sisi timur Lapangan Fatahillah, dekat Museum Sejarah Jakarta dan Museum Wayang.",museum seni rupa kramik budaya jakarta museum seni rupa keramik  indonesia  museum seni rupa keramik  museum jakarta  indonesia  museum dedikasi khusus tampil seni rupa tradisional keramik indonesia  museum letak sisi timur lapang fatahillah  museum sejarah jakarta museum wayang
43,The Escape Hunt,"Escape Hunt adalah salah satu tempat rekreasi yang lokasinya terletak di Jakarta Selatan. Di tempat ini, kamu akan berperan sebagai seorang detektif yang berada di sebuah ruangan terkunci dan hanya diberikan waktu 1 jam untuk memecahkan teka-teki yang ada. Tidak perlu khawatir atau takut sendirian, karena di sini kamu bisa mengajak hingga 4 temanmu dalam satu ruangan yang sama dan memecahkan kasus bersama-sama. Menarik sekali, bukan? Pertama kali datang di tempat ini, kamu akan dituntun untuk mengisi data di formulir yang telah disediakan dan diberikan briefing oleh pemandu game mengenai jalan cerita tema/kasus yang sudah kamu tentukan.",Taman Hiburan,Jakarta,70000,4.5,https://lh5.googleusercontent.com/p/AF1QipOM6WoE20JBdeQsuuq49oXzAPzu1FHgZ5icQfWh=w408-h306-k-no,"https://www.google.com/maps/place/Pandora+Experience+Mall+Ciputra/@-6.2555033,106.7422213,12z/data=!4m10!1m2!2m1!1sthe+escape+hunt+experience+jakarta!3m6!1s0x2e69f65b3af4727b:0x5190628b9c0500a9!8m2!3d-6.1685311!4d106.7868975!15sCiJ0aGUgZXNjYXBlIGh1bnQgZXhwZXJpZW5jZSBqYWthcnRhWiQiInRoZSBlc2NhcGUgaHVudCBleHBlcmllbmNlIGpha2FydGGSAQpwbGF5Z3JvdW5kmgEkQ2hkRFNVaE5NRzluUzBWSlEwRm5TVVJhYVV4NWVIVm5SUkFC4AEA!16s%2Fg%2F11g8xcv0db?entry=ttu","The Escape Hunt Taman Hiburan Jakarta Escape Hunt adalah salah satu tempat rekreasi yang lokasinya terletak di Jakarta Selatan. Di tempat ini, kamu akan berperan sebagai seorang detektif yang berada di sebuah ruangan terkunci dan hanya diberikan waktu 1 jam untuk memecahkan teka-teki yang ada. Tidak perlu khawatir atau takut sendirian, karena di sini kamu bisa mengajak hingga 4 temanmu dalam satu ruangan yang sama dan memecahkan kasus bersama-sama. Menarik sekali, bukan? Pertama kali datang di tempat ini, kamu akan dituntun untuk mengisi data di formulir yang telah disediakan dan diberikan briefing oleh pemandu game mengenai jalan cerita tema/kasus yang sudah kamu tentukan.",the escape hunt taman hibur jakarta escape hunt salah rekreasi lokasi letak jakarta selatan   peran detektif ruang kunci 1 jam pecah teka-teki  khawatir takut  ajak 4 teman ruang pecah  tarik   kali  tuntun isi data formulir sedia briefing pandu game jalan cerita tema kasus tentu
44,Monumen Selamat Datang,"Monumen Selamat Datang adalah sebuah monumen yang terletak di tengah Bundaran Hotel Indonesia, Jakarta, Indonesia. Monumen ini berupa patung sepasang manusia yang sedang menggenggam bunga dan melambaikan tangan. Patung tersebut menghadap ke utara yang berarti mereka menyambut orang-orang yang datang dari arah Monumen Nasional.
",Budaya,Jakarta,0,4.7,https://lh5.googleusercontent.com/p/AF1QipO0Wimeii0tLRH48YeOTlJbcs32uwmFMhupwZXa=w408-h408-k-no,"https://www.google.com/maps/place/Selamat+Datang+Monument/@-6.1949841,106.8230272,17z/data=!3m1!4b1!4m6!3m5!1s0x2e69f69fabaf5407:0x243d1c0d2c810c99!8m2!3d-6.1949841!4d106.8230272!16s%2Fm%2F0g9tpx8?entry=ttu","Monumen Selamat Datang Budaya Jakarta Monumen Selamat Datang adalah sebuah monumen yang terletak di tengah Bundaran Hotel Indonesia, Jakarta, Indonesia. Monumen ini berupa patung sepasang manusia yang sedang menggenggam bunga dan melambaikan tangan. Patung tersebut menghadap ke utara yang berarti mereka menyambut orang-orang yang datang dari arah Monumen Nasional.
",monumen selamat budaya jakarta monumen selamat monumen letak bundar hotel indonesia  jakarta  indonesia  monumen patung pasang manusia genggam bunga lambai tangan  patung hadap utara sambut orang arah monumen nasional
45,Jakarta Aquarium dan Safari,"Jika telah mengunjungi Seaworld Ancol, mungkin sudah tidak asing lagi dengan serunya menyaksikan biota laut. Jika belum puas, pengunjung dapat mencoba mengunjungi wisata satwa laut unik di Jakarta Aquarium. Jakarta Aquarium menempati areal seluas ±7000 m2 ini menawarkan atraksi wisata laut modern yang tidak hanya menghibur, juga edukatif. Meskipun tidak seluas SeaWorld Ancol, taman rekreasi ini juga menawarkan wahana dan atraksi yang tak kalah menariknya.",Taman Hiburan,Jakarta,185000,4.6,https://lh5.googleusercontent.com/p/AF1QipN-JAR_zWdmKyL1HG3nY9pAGrlbSgtmtDIQNthn=w408-h320-k-no,"https://www.google.com/maps/place/Jakarta+AQuarium+Safari/@-6.1749533,106.7900155,17z/data=!3m1!4b1!4m6!3m5!1s0x2e69f7fb7dfbb9a3:0xde7bf875b06023b1!8m2!3d-6.1749533!4d106.7900155!16s%2Fg%2F11qq01l_3l?entry=ttu","Jakarta Aquarium dan Safari Taman Hiburan Jakarta Jika telah mengunjungi Seaworld Ancol, mungkin sudah tidak asing lagi dengan serunya menyaksikan biota laut. Jika belum puas, pengunjung dapat mencoba mengunjungi wisata satwa laut unik di Jakarta Aquarium. Jakarta Aquarium menempati areal seluas ±7000 m2 ini menawarkan atraksi wisata laut modern yang tidak hanya menghibur, juga edukatif. Meskipun tidak seluas SeaWorld Ancol, taman rekreasi ini juga menawarkan wahana dan atraksi yang tak kalah menariknya.",jakarta aquarium safari taman hibur jakarta unjung seaworld ancol  asing seru saksi biota laut  puas  unjung coba unjung wisata satwa laut unik jakarta aquarium  jakarta aquarium tempat areal luas 7000 m2 tawar atraksi wisata laut modern hibur  edukatif  luas seaworld ancol  taman rekreasi tawar wahana atraksi kalah tarik
46,Pulau Semak Daun,"Pulau Semak Daun merupakan salah satu pulau yang terletak digugusan kepulauan Seribu. Secara administratif pulau ini termasuk dalam wilayah kabupaten Kepulauan Seribu provinsi DKI Jakarta sebagai daerah penangkaran penyu sisik dengan pantai yang nyaman untuk berenang karena pantainya yang bersih dan landai, berpasir putih, dan bebas bulu babi, terdapat pula daerah yang bagus untuk menyelam dan snorkeling pemula dan letaknya tidak jauh dari pulau Pramuka.",Bahari,Jakarta,40000,5,https://lh5.googleusercontent.com/p/AF1QipPmwI33lpXC6_cXzizuJI4VYJ4Qz9s7e5HfmMKO=w408-h544-k-no,"https://www.google.com/maps/place/Pulau+Semak+Daun/@-5.7297547,106.5711862,17z/data=!3m1!4b1!4m6!3m5!1s0x2e6a7741c0ca63ff:0x4c52864f684e038d!8m2!3d-5.7297547!4d106.5711862!16s%2Fg%2F11t2r6_1m4?entry=ttu","Pulau Semak Daun Bahari Jakarta Pulau Semak Daun merupakan salah satu pulau yang terletak digugusan kepulauan Seribu. Secara administratif pulau ini termasuk dalam wilayah kabupaten Kepulauan Seribu provinsi DKI Jakarta sebagai daerah penangkaran penyu sisik dengan pantai yang nyaman untuk berenang karena pantainya yang bersih dan landai, berpasir putih, dan bebas bulu babi, terdapat pula daerah yang bagus untuk menyelam dan snorkeling pemula dan letaknya tidak jauh dari pulau Pramuka.",pulau semak daun bahari jakarta pulau semak daun salah pulau letak gugus pulau ribu  administratif pulau wilayah kabupaten pulau ribu provinsi dki jakarta daerah tangkar penyu sisik pantai nyaman renang pantai bersih landai  pasir putih  bebas bulu babi  daerah bagus selam snorkeling mula letak pulau pramuka
47,Taman Situ Lembang,"Taman Situ Lembang adalah sebuah taman kota yang terletak di pusat Jakarta. Situ berarti danau yang payau, sedangkan Lembang adalah nama jalan yang berada di dekat taman tersebut..\nTaman ini merupakan salah satu taman tertua di Jakarta dan memiliki danau kecil yang airnya berasal dari sumber air alam. Di taman ini terletak fasilitas arena pemancingan, trek lari, dan arena permainan anak. Taman Situ Lembang dikelilingi oleh rumah-rumah di kawasan elite Menteng",Taman Hiburan,Jakarta,0,4.6,https://lh5.googleusercontent.com/p/AF1QipMOvFRVu2X7pBYWHqffPKvSRW9PhGQ-sM_DYoxj=w408-h306-k-no,"https://www.google.com/maps/place/Situ+Lembang+Park/@-6.1978263,106.8345821,17z/data=!3m1!4b1!4m6!3m5!1s0x514107ef6417075:0xdf97f027bb9bcd42!8m2!3d-6.1978263!4d106.8345821!16s%2Fg%2F11bzq3fvt7?entry=ttu","Taman Situ Lembang Taman Hiburan Jakarta Taman Situ Lembang adalah sebuah taman kota yang terletak di pusat Jakarta. Situ berarti danau yang payau, sedangkan Lembang adalah nama jalan yang berada di dekat taman tersebut..\nTaman ini merupakan salah satu taman tertua di Jakarta dan memiliki danau kecil yang airnya berasal dari sumber air alam. Di taman ini terletak fasilitas arena pemancingan, trek lari, dan arena permainan anak. Taman Situ Lembang dikelilingi oleh rumah-rumah di kawasan elite Menteng",taman situ lembang taman hibur jakarta taman situ lembang taman kota letak pusat jakarta  situ danau payau  lembang nama jalan taman  ntaman salah taman tua jakarta milik danau air asal sumber air alam  taman letak fasilitas arena pancing  trek lari  arena main anak  taman situ lembang keliling rumah kawasan elite menteng
48,Taman Ismail Marzuki,"Pusat Kesenian Jakarta Taman Ismail Marzuki yang populer disebut Taman Ismail Marzuki (TIM) merupakan sebuah pusat kesenian dan kebudayaan yang berlokasi di jalan Cikini Raya 73, Jakarta Pusat. Di sini terletak Institut Kesenian Jakarta dan Planetarium Jakarta. Selain itu, TIM juga memiliki enam teater modern, balai pameran, galeri, gedung arsip, dan bioskop. Acara-acara seni dan budaya dipertunjukkan secara rutin di pusat kesenian ini, termasuk pementasan drama, tari, wayang, musik, pembacaan puisi, pameran lukisan dan pertunjukan film. Berbagai jenis kesenian tradisional dan kontemporer, baik yang merupakan tradisi asli Indonesia maupun dari luar negeri juga dapat ditemukan di tempat ini. Nama pusat kesenian ini berasal dari nama pencipta lagu terkenal Indonesia, Ismail Marzuki.",Budaya,Jakarta,5000,4.8,https://lh5.googleusercontent.com/p/AF1QipOA6GJGKvOCgVtfS_5-UTiyrN-t8uP5JMJuzDf9=w408-h544-k-no,"https://www.google.com/maps/place/Taman+Ismail+Marzuki+(TIM)/@-6.190742,106.838181,17z/data=!3m1!4b1!4m6!3m5!1s0x2e69f51f0ca6b0eb:0xe5788342658120f1!8m2!3d-6.190742!4d106.838181!16s%2Fg%2F11vb68fvp4?entry=ttu","Taman Ismail Marzuki Budaya Jakarta Pusat Kesenian Jakarta Taman Ismail Marzuki yang populer disebut Taman Ismail Marzuki (TIM) merupakan sebuah pusat kesenian dan kebudayaan yang berlokasi di jalan Cikini Raya 73, Jakarta Pusat. Di sini terletak Institut Kesenian Jakarta dan Planetarium Jakarta. Selain itu, TIM juga memiliki enam teater modern, balai pameran, galeri, gedung arsip, dan bioskop. Acara-acara seni dan budaya dipertunjukkan secara rutin di pusat kesenian ini, termasuk pementasan drama, tari, wayang, musik, pembacaan puisi, pameran lukisan dan pertunjukan film. Berbagai jenis kesenian tradisional dan kontemporer, baik yang merupakan tradisi asli Indonesia maupun dari luar negeri juga dapat ditemukan di tempat ini. Nama pusat kesenian ini berasal dari nama pencipta lagu terkenal Indonesia, Ismail Marzuki.",taman ismail marzuki budaya jakarta pusat seni jakarta taman ismail marzuki populer taman ismail marzuki  tim  pusat seni budaya lokasi jalan cikini raya 73  jakarta pusat  letak institut seni jakarta planetarium jakarta   tim milik enam teater modern  balai pamer  galeri  gedung arsip  bioskop  acara seni budaya tunjuk rutin pusat seni  mentas drama  tari  wayang  musik  baca puisi  pamer lukis tunjuk film  jenis seni tradisional kontemporer  tradisi asli indonesia negeri temu  nama pusat seni asal nama cipta lagu kenal indonesia  ismail marzuki
49,Galeri Indonesia Kaya,"Galeri Indonesia Kaya (disingkat GIK) adalah ruang publik yang memadukan konsep edukasi dan digital dengan tujuan untuk memperkenalkan dan mengapresiasi seni-budaya Indonesia khususnya kepada generasi muda, yang bertempat di Grand Indonesia, Jakarta, Indonesia. Galeri Indonesia Kaya digagas dan dibangun untuk menjadi ruang edutainment budaya berbasis teknologi digital yang dapat mendekatkan dan menyalurkan kreativitas berekspresi generasi muda dalam lingkup tradisi budaya nusantara. Tempat ini memiliki auditorium yang dapat digunakan untuk masyarakat yang membutuhkan tempat berkarya.",Budaya,Jakarta,0,4.8,https://lh5.googleusercontent.com/p/AF1QipOOqK2lJ1tD4cITkCfmVPkIEZHCApz-DthNnhC_=w408-h306-k-no,"https://www.google.com/maps/place/Galeri+Indonesia+Kaya/@-6.1948499,106.8200607,17z/data=!3m2!4b1!5s0x2e69f421ccf212e3:0xd7f546bd05299b41!4m6!3m5!1s0x2e69f420492fc27f:0x824342015eaa861a!8m2!3d-6.1948499!4d106.8200607!16s%2Fg%2F11b6_jdx2l?entry=ttu","Galeri Indonesia Kaya Budaya Jakarta Galeri Indonesia Kaya (disingkat GIK) adalah ruang publik yang memadukan konsep edukasi dan digital dengan tujuan untuk memperkenalkan dan mengapresiasi seni-budaya Indonesia khususnya kepada generasi muda, yang bertempat di Grand Indonesia, Jakarta, Indonesia. Galeri Indonesia Kaya digagas dan dibangun untuk menjadi ruang edutainment budaya berbasis teknologi digital yang dapat mendekatkan dan menyalurkan kreativitas berekspresi generasi muda dalam lingkup tradisi budaya nusantara. Tempat ini memiliki auditorium yang dapat digunakan untuk masyarakat yang membutuhkan tempat berkarya.",galeri indonesia kaya budaya jakarta galeri indonesia kaya  singkat gik  ruang publik madu konsep edukasi digital tuju kenal apresiasi seni-budaya indonesia generasi muda  tempat grand indonesia  jakarta  indonesia  galeri indonesia kaya gagas bangun ruang edutainment budaya bas teknologi digital dekat salur kreativitas ekspres generasi muda lingkup tradisi budaya nusantara  milik auditorium masyarakat butuh karya
50,Museum Joang 45,"Gedung Joang '45 atau Museum Joang 45 adalah salah satu museum yang berada di Jakarta. Saat ini pengelolaannya dilaksanakan oleh Dinas Pariwisata dan Kebudayaan Provinsi DKI Jakarta. Museum ini terletak di Jalan Menteng Raya 31, Kelurahan Kebon Sirih, Kecamatan Menteng, Jakarta Pusat. Museum ini diresmikan pada tahun 1974 oleh Presiden Soeharto, setelah dilakukan renovasi.",Budaya,Jakarta,2000,4,https://lh5.googleusercontent.com/p/AF1QipOPeoNRLRz_QmTM12jMoaZUsLf5g2gsbmMsDjba=w408-h272-k-no,"https://www.google.com/maps/place/Gedung+Joang+'45/@-6.1860641,106.8365002,17z/data=!3m1!4b1!4m6!3m5!1s0x2e69f439e42506f1:0x5b47d4d83d25b9dd!8m2!3d-6.1860641!4d106.8365002!16s%2Fg%2F120yrqgp?entry=ttu","Museum Joang 45 Budaya Jakarta Gedung Joang '45 atau Museum Joang 45 adalah salah satu museum yang berada di Jakarta. Saat ini pengelolaannya dilaksanakan oleh Dinas Pariwisata dan Kebudayaan Provinsi DKI Jakarta. Museum ini terletak di Jalan Menteng Raya 31, Kelurahan Kebon Sirih, Kecamatan Menteng, Jakarta Pusat. Museum ini diresmikan pada tahun 1974 oleh Presiden Soeharto, setelah dilakukan renovasi.",museum joang 45 budaya jakarta gedung joang 45 museum joang 45 salah museum jakarta  kelola laksana dinas pariwisata budaya provinsi dki jakarta  museum letak jalan menteng raya 31  lurah kebon sirih  camat menteng  jakarta pusat  museum resmi 1974 presiden soeharto  renovasi
51,Jakarta Planetarium,"Planetarium dan Observatorium Jakarta adalah satu dari tiga wahana simulasi langit di Indonesia selain di Kutai, Kalimantan Timur, dan Surabaya, Jawa Timur. Planetarium tertua ini letaknya di Taman Ismail Marzuki, Jakarta. Planetarium Jakarta merupakan sarana wisata pendidikan yang dapat menyajikan pertunjukan / peragaan simulasi perbintangan atau benda-benda langit. Pengunjung diajak mengembara di jagat raya untuk memahami konsepsi tentang alam semesta melalui acara demi acara. Planetarium Jakarta berdiri tahun 1964 diprakarsai Presiden Soekarno dan diserahkan ke Pemerintah Provinsi DKI Jakarta pada 1969. Di tempat ini juga tersedia ruang pameran benda- benda angkasa yang menyuguhkan berbagai foto serta keterangan lengkap dari berbagai bentuk galaksi, teori-teori pembentukan galaksi disertai pengenalan tokoh-tokoh di balik munculnya teori.",Taman Hiburan,Jakarta,12000,4.6,https://lh5.googleusercontent.com/p/AF1QipPUeAcZNKIJnv-CJ84h6u9-tHNIXky2UWv7lJka=w408-h544-k-no,"https://www.google.com/maps/place/Unit+Pengelola+Pusat+Kesenian+Jakarta+Taman+Ismail+Mazuki/@-6.1891586,106.769736,12z/data=!4m10!1m2!2m1!1splanetarium+dan+observatorium+jakarta!3m6!1s0x2e69f4392e3b5a1b:0xeb14a935dca46518!8m2!3d-6.1891586!4d106.8397738!15sCiVwbGFuZXRhcml1bSBkYW4gb2JzZXJ2YXRvcml1bSBqYWthcnRhWiciJXBsYW5ldGFyaXVtIGRhbiBvYnNlcnZhdG9yaXVtIGpha2FydGGSAQphcnRfY2VudGVymgEkQ2hkRFNVaE5NRzluUzBWSlEwRm5TVU5KZWs1aE16ZEJSUkFC4AEA!16s%2Fm%2F0h3wm55?entry=ttu","Jakarta Planetarium Taman Hiburan Jakarta Planetarium dan Observatorium Jakarta adalah satu dari tiga wahana simulasi langit di Indonesia selain di Kutai, Kalimantan Timur, dan Surabaya, Jawa Timur. Planetarium tertua ini letaknya di Taman Ismail Marzuki, Jakarta. Planetarium Jakarta merupakan sarana wisata pendidikan yang dapat menyajikan pertunjukan / peragaan simulasi perbintangan atau benda-benda langit. Pengunjung diajak mengembara di jagat raya untuk memahami konsepsi tentang alam semesta melalui acara demi acara. Planetarium Jakarta berdiri tahun 1964 diprakarsai Presiden Soekarno dan diserahkan ke Pemerintah Provinsi DKI Jakarta pada 1969. Di tempat ini juga tersedia ruang pameran benda- benda angkasa yang menyuguhkan berbagai foto serta keterangan lengkap dari berbagai bentuk galaksi, teori-teori pembentukan galaksi disertai pengenalan tokoh-tokoh di balik munculnya teori.",jakarta planetarium taman hibur jakarta planetarium observatorium jakarta wahana simulasi langit indonesia kuta  kalimantan timur  surabaya  jawa timur  planetarium tua letak taman ismail marzuki  jakarta  planetarium jakarta sarana wisata didik saji tunjuk  aga simulasi bintang benda langit  unjung ajak embara jagat raya paham konsepsi alam semesta acara acara  planetarium jakarta diri 1964 prakarsa presiden soekarno serah perintah provinsi dki jakarta 1969 sedia ruang pamer benda- benda angkasa suguh foto terang lengkap bentuk galaksi  teori bentuk galaksi serta kenal tokoh muncul teori
52,Kampung Cina,"KAMPUNG China adalah hunian dan kawasan perdagangan di Cibubur, Jakarta Timur. Wilayah ini berdiri berkat kerja sama antara Pemerintah Kota Jakarta Timur dengan perusahaan asing untuk menyulap area 300 hektare kawasan wisata Cibubur menjadi kota wisata, mandiri dan town center. Mengutip buku Ensiklopedia Jakarta, kampung itu mulai beroperasi pada tanggal 14 September 2002. Bangunan, nuansa alam, sampai pernak-pernik yang dijual masih berbau kesenian China. Semua produk yang dijajahkan pun berasal dari negeri tirai bambu tersebut. Wilayah itu akan menjadi tujuan wisata pada setiap perayaan hari raya Imlek.
",Budaya,Jakarta,15000,4.7,https://lh5.googleusercontent.com/p/AF1QipNSqmJelm7LtwyVSdSLnx7SB5jfcx7swTFh2rDD=w408-h306-k-no,"https://www.google.com/maps/place/Kampung+cina/@-6.4693527,106.7513562,17z/data=!3m1!4b1!4m6!3m5!1s0x2e69c34bcf2722bb:0x2511682e19e7119e!8m2!3d-6.4693527!4d106.7513562!16s%2Fg%2F11nmhs1293?entry=ttu","Kampung Cina Budaya Jakarta KAMPUNG China adalah hunian dan kawasan perdagangan di Cibubur, Jakarta Timur. Wilayah ini berdiri berkat kerja sama antara Pemerintah Kota Jakarta Timur dengan perusahaan asing untuk menyulap area 300 hektare kawasan wisata Cibubur menjadi kota wisata, mandiri dan town center. Mengutip buku Ensiklopedia Jakarta, kampung itu mulai beroperasi pada tanggal 14 September 2002. Bangunan, nuansa alam, sampai pernak-pernik yang dijual masih berbau kesenian China. Semua produk yang dijajahkan pun berasal dari negeri tirai bambu tersebut. Wilayah itu akan menjadi tujuan wisata pada setiap perayaan hari raya Imlek.
",kampung cina budaya jakarta kampung china huni kawasan dagang cibubur  jakarta timur  wilayah diri berkat kerja perintah kota jakarta timur usaha asing sulap area 300 hektare kawasan wisata cibubur kota wisata  mandiri town center  kutip buku ensiklopedia jakarta  kampung operasi tanggal 14 september 2002 bangun  nuansa alam  pernak-pernik jual bau seni china  produk jajah asal negeri tirai bambu  wilayah tuju wisata raya raya imlek
53,Rumah Sipitung,"Rumah Si Pitung di Marunda, Jakarta Utara, Indonesia, merupakan satu dari sedikit rumah panggung Betawi yang tersisa. Rumah panggung ini merupakan representasi hunian panggung masyarakat Betawi yang tinggal di wilayah-wilayah Pesisir. Rumah ini menjadi museum dan masuk dalam cagar budaya. Tidak diketahui kapan persisnya Rumah Si Pitung didirikan. Diperkirakan bangunan tersebut dibangun pada abad ke-20. Rumah panggung yang sering juga disebut Rumah Tinggi Marunda ini mirip dengan rumah tradisional Suku Bugis. Rumah ini tadinya milik Haji Saipudin, seorang saudagar kaya bandar ikan asal Makassar (sumber lain mengatakan Haji Saipudin adalah juragan sero, atau konglomerat kapal). Haji Saipuddin diyakini merupakan sahabat erat Si Pitung. Pitung ditengarai hanya beberapa kali singgah di rumah itu (diperkirakan pada dasawarsa 1890-an). Singgahnya Si Pitung terakhir kali adalah dalam rangka bersembunyi dari kejaran tentara Belanda dengan tuduhan merampok. Pemerintah DKI Jakarta pertama kali memugar rumah panggung yang ditopang oleh 40 buah tiang itu pada tahun 1972. Sebelumnya pada tahun yang sama bangunan ini dibeli oleh Pemprov DKI Jakarta dari keturunan (ahli waris) H. Saipudin. Bangunan tersebut kini menjadi museum dan masuk dalam cagar budaya berdasarkan SK Gubernur No.475 tahun 1993 dan SK Menteri No.140/M/1998. Lembaga yang memberi nama rumah asli Betawi Pesisir ini sebagai rumah Si Pitung adalah Museum Nasional.",Budaya,Jakarta,5000,4.5,https://lh5.googleusercontent.com/p/AF1QipMnFfVE1-r45wQ3B27wRk9ooyKdbdvNWGqLE71L=w408-h306-k-no,"https://www.google.com/maps/place/Museum+Kebaharian+Jakarta+Rumah+Si+Pitung/@-6.0969637,106.9588413,17z/data=!3m1!4b1!4m6!3m5!1s0x2e6a2056223ee0cd:0xd3f94174199a878d!8m2!3d-6.0969637!4d106.9588413!16s%2Fg%2F11flq7k0m7?entry=ttu","Rumah Sipitung Budaya Jakarta Rumah Si Pitung di Marunda, Jakarta Utara, Indonesia, merupakan satu dari sedikit rumah panggung Betawi yang tersisa. Rumah panggung ini merupakan representasi hunian panggung masyarakat Betawi yang tinggal di wilayah-wilayah Pesisir. Rumah ini menjadi museum dan masuk dalam cagar budaya. Tidak diketahui kapan persisnya Rumah Si Pitung didirikan. Diperkirakan bangunan tersebut dibangun pada abad ke-20. Rumah panggung yang sering juga disebut Rumah Tinggi Marunda ini mirip dengan rumah tradisional Suku Bugis. Rumah ini tadinya milik Haji Saipudin, seorang saudagar kaya bandar ikan asal Makassar (sumber lain mengatakan Haji Saipudin adalah juragan sero, atau konglomerat kapal). Haji Saipuddin diyakini merupakan sahabat erat Si Pitung. Pitung ditengarai hanya beberapa kali singgah di rumah itu (diperkirakan pada dasawarsa 1890-an). Singgahnya Si Pitung terakhir kali adalah dalam rangka bersembunyi dari kejaran tentara Belanda dengan tuduhan merampok. Pemerintah DKI Jakarta pertama kali memugar rumah panggung yang ditopang oleh 40 buah tiang itu pada tahun 1972. Sebelumnya pada tahun yang sama bangunan ini dibeli oleh Pemprov DKI Jakarta dari keturunan (ahli waris) H. Saipudin. Bangunan tersebut kini menjadi museum dan masuk dalam cagar budaya berdasarkan SK Gubernur No.475 tahun 1993 dan SK Menteri No.140/M/1998. Lembaga yang memberi nama rumah asli Betawi Pesisir ini sebagai rumah Si Pitung adalah Museum Nasional.",rumah sipitung budaya jakarta rumah si pitung marunda  jakarta utara  indonesia  rumah panggung betawi sisa  rumah panggung representasi huni panggung masyarakat betawi tinggal wilayah pesisir  rumah museum masuk cagar budaya  persis rumah si pitung diri  bangun bangun abad ke-20  rumah panggung rumah marunda rumah tradisional suku bugis  rumah milik haji saipudin  saudagar kaya bandar ikan makassar  sumber haji saipudin juragan sero  konglomerat kapal   haji saipuddin yakin sahabat erat si pitung  pitung tengara kali singgah rumah  dasawarsa 1890-an   singgah si pitung kali rangka sembunyi kejar tentara belanda tuduh rampok  perintah dki jakarta kali pugar rumah panggung topang 40 buah tiang 1972 bangun beli pemprov dki jakarta turun  ahli waris  h saipudin  bangun museum masuk cagar budaya dasar sk gubernur no 475 1993 sk menteri no 140 m 1998  lembaga nama rumah asli betawi pesisir rumah si pitung museum nasional
54,Taman Agrowisata Cilangkap,"Taman seluas sekitar 19 hektar ini dimiliki oleh pemerintah Provinsi (Pemprov) DKI Jakarta yang dikelola oleh Dinas Pertanian dan Kehutanan DKI. Taman Wisata Agro Cilangkap ini terletak di Jalan Raya Cilangkap No.45, Jakarta Timur. Taman ini terasa begitu permai dengan tumbuhnya aneka jenis pepohonan rindang. Kesejukan udara yang jauh dari polusi asap kendaraan bermotor, juga dapat dinikmati di taman yang dijadikan alternatif destinasi wisata bagi warga berdomisili di sekitar kawasan tersebut. Taman Wisata Agro Cilangkap juga dilengkapi dengan beberapa fasilitas seperti arena olahraga, jogging track, arena bermain anak, serta bagi sobat Ayojakarta yang memiliki hobi memancing, di sekitar area taman memiliki danau yang biasanya dijadikan area untuk memancing.",Taman Hiburan,Jakarta,0,4.3,https://lh5.googleusercontent.com/p/AF1QipPvlFw6dhP6m3jlOJZVug2VMPJx9el4dAKlKKzD=w408-h544-k-no,"https://www.google.com/maps/place/Parks+Agro+Tourism+Cilangkap/@-6.3422608,106.9000233,17z/data=!3m1!4b1!4m6!3m5!1s0x2e69ecd777995d99:0xb192c7fabc8d9932!8m2!3d-6.3422608!4d106.9000233!16s%2Fg%2F11d_z8my2_?entry=ttu","Taman Agrowisata Cilangkap Taman Hiburan Jakarta Taman seluas sekitar 19 hektar ini dimiliki oleh pemerintah Provinsi (Pemprov) DKI Jakarta yang dikelola oleh Dinas Pertanian dan Kehutanan DKI. Taman Wisata Agro Cilangkap ini terletak di Jalan Raya Cilangkap No.45, Jakarta Timur. Taman ini terasa begitu permai dengan tumbuhnya aneka jenis pepohonan rindang. Kesejukan udara yang jauh dari polusi asap kendaraan bermotor, juga dapat dinikmati di taman yang dijadikan alternatif destinasi wisata bagi warga berdomisili di sekitar kawasan tersebut. Taman Wisata Agro Cilangkap juga dilengkapi dengan beberapa fasilitas seperti arena olahraga, jogging track, arena bermain anak, serta bagi sobat Ayojakarta yang memiliki hobi memancing, di sekitar area taman memiliki danau yang biasanya dijadikan area untuk memancing.",taman agrowisata cilangkap taman hibur jakarta taman luas 19 hektar milik perintah provinsi  pemprov  dki jakarta kelola dinas tani hutan dki  taman wisata agro cilangkap letak jalan raya cilangkap no 45  jakarta timur  taman permai tumbuh aneka jenis pohon rindang  sejuk udara polusi asap kendara motor  nikmat taman jadi alternatif destinasi wisata warga domisili kawasan  taman wisata agro cilangkap lengkap fasilitas arena olahraga  jogging track  arena main anak  sobat ayojakarta milik hobi pancing  area taman milik danau jadi area pancing
55,Klenteng Jin De Yuan,"Kelenteng Kim Tek Le, atau yang lebih dikenal dengan Kelenteng Jin De Yuan, sudah dibangun sejak 1650. Kelenteng yang disebut-sebut sebagai yang tertua di Jakarta ini didirikan oleh seorang Letnan Tionghoa, Kwee Hoen dan awalnya dinamakan Koan Im Teng. Jin De Yuan juga dikenal sebagai salah satu dari empat kelenteng besar yang dikelola oleh Kong Koan atau Dewan Tionghoa. Mereka adalah Kelenteng Goenoeng Sari, Kelenteng Toa Peh Kong, Kelenteng Jin De yuan sendiri, dan Kelenteng Hian Thian Shang di Tanah Tandjoeng yang kini sudah musnah.",Tempat Ibadah,Jakarta,0,4.8,https://lh5.googleusercontent.com/p/AF1QipOJ_p2e68rN3XY6HqvvgCsUv3M3zC9lhMA03hiX=w426-h240-k-no,"https://www.google.com/maps/place/Jin+De+Fo+Yuan/@-6.1975723,106.6142803,12z/data=!4m10!1m2!2m1!1sklenteng+jin+de+yuan!3m6!1s0x2e69f9a3bd5ee759:0x2a0501a1bd0ea1a6!8m2!3d-6.1975723!4d106.6843181!15sChRrbGVudGVuZyBqaW4gZGUgeXVhbpIBD2J1ZGRoaXN0X3RlbXBsZeABAA!16s%2Fg%2F11bzyphshl?entry=ttu","Klenteng Jin De Yuan Tempat Ibadah Jakarta Kelenteng Kim Tek Le, atau yang lebih dikenal dengan Kelenteng Jin De Yuan, sudah dibangun sejak 1650. Kelenteng yang disebut-sebut sebagai yang tertua di Jakarta ini didirikan oleh seorang Letnan Tionghoa, Kwee Hoen dan awalnya dinamakan Koan Im Teng. Jin De Yuan juga dikenal sebagai salah satu dari empat kelenteng besar yang dikelola oleh Kong Koan atau Dewan Tionghoa. Mereka adalah Kelenteng Goenoeng Sari, Kelenteng Toa Peh Kong, Kelenteng Jin De yuan sendiri, dan Kelenteng Hian Thian Shang di Tanah Tandjoeng yang kini sudah musnah.",klenteng jin de yuan ibadah jakarta kelenteng kim tek le  kenal kelenteng jin de yuan  bangun 1650 kelenteng sebut tua jakarta diri letnan tionghoa  kwee hoen nama koan im teng  jin de yuan kenal salah kelenteng kelola kong koan dewan tionghoa  kelenteng goenoeng sari  kelenteng toa peh kong  kelenteng jin de yuan  kelenteng hian thian shang tanah tandjoeng musnah
56,Pantai Ancol,"Pantai Ancol merupakan kawasan wisata yang merupakan destinasi wisata pantai dalam kota Jakarta. Wisatawan dapat menikmati suasana segar Pantai Lagoon, Festival, Indah, Beach Pool dan Carnaval, serta Danau Impian. Berlibur di alam terbuka dipercaya memiliki efek menenangkan dan menyenangkan. Panjang garis pantainya yang kurang lebih 6,5 km menjadi tempat berbagai aktivitas wisata. Wisata pantai ini merupakan BUMD penghasil Pendapatan Asli Daerah kedua terbesar bagi provinsi DKI Jakarta.",Bahari,Jakarta,25000,4.4,https://lh5.googleusercontent.com/p/AF1QipPtflz1a30v4r1FyNFSyLCLbGVoY9cYXUoGBYBE=w408-h306-k-no,"https://www.google.com/maps/place/Ancol+beach/@-6.1192554,106.8499888,16z/data=!3m1!4b1!4m6!3m5!1s0x2e6a1e3c1ca938d1:0x1ccccec14fd711af!8m2!3d-6.1194215!4d106.8502435!16s%2Fg%2F1pty45vqg?entry=ttu","Pantai Ancol Bahari Jakarta Pantai Ancol merupakan kawasan wisata yang merupakan destinasi wisata pantai dalam kota Jakarta. Wisatawan dapat menikmati suasana segar Pantai Lagoon, Festival, Indah, Beach Pool dan Carnaval, serta Danau Impian. Berlibur di alam terbuka dipercaya memiliki efek menenangkan dan menyenangkan. Panjang garis pantainya yang kurang lebih 6,5 km menjadi tempat berbagai aktivitas wisata. Wisata pantai ini merupakan BUMD penghasil Pendapatan Asli Daerah kedua terbesar bagi provinsi DKI Jakarta.",pantai ancol bahari jakarta pantai ancol kawasan wisata destinasi wisata pantai kota jakarta  wisatawan nikmat suasana segar pantai lagoon  festival  indah  beach pool carnaval  danau impi  libur alam buka percaya milik efek tenang senang  garis pantai 6 5 km aktivitas wisata  wisata pantai bumd hasil dapat asli daerah besar provinsi dki jakarta
57,Taman Lapangan Banteng,"Lapangan Banteng, dulu bernama Waterlooplein (bahasa Belanda: plein = lapangan) yaitu suatu lapangan yang terletak di Weltevreden, Batavia; tidak jauh dari Gereja Katedral Jakarta. Pada masa itu, Lapangan Banteng dikenal dengan sebutan Lapangan Singa[1] karena di tengahnya terpancang tugu peringatan kemenangan pertempuran di Waterloo, dengan patung singa di atasnya. Pertempuran Waterloo tersebut terjadi tanggal 18 Juni 1815 di dekat kota Waterloo, yaitu sekitar 15 km ke arah selatan dari ibu kota Belgia, Brussels. Pertempuran itu merupakan pertempuran terakhir Napoleon melawan pasukan gabungan Inggris-Belanda-Jerman. Pertempuran ini juga dicatat dalam sejarah sebagai penutup dari seratus hari sejak larinya Napoleon dari pengasingannya di pulau Elba. Sedangkan Tugu Singa tersebut didirikan pada zaman pemerintahan pendudukan tentara Jepang (1942-1945). Setelah Indonesia merdeka, namanya diganti menjadi Lapangan Banteng. Terdapat kemungkinan pada zaman dahulu tempat yang kini menjadi lapangan itu dihuni berbagai macam satwa liar seperti macan, kijang, dan banteng. Pada waktu J.P. Coen membangun kota Batavia di dekat muara Ciliwung, lapangan tersebut dan sekelilingnya masih berupa hutan belantara yang sebagian berpaya–paya. Sebelah timur dijalan Lapangan banteng timur tedapat Kantor Satlantas Polres jakarta Pusat.",Taman Hiburan,Jakarta,0,4.7,https://lh5.googleusercontent.com/p/AF1QipNZi5XFWjchZUGLPs2N293UB4XFecdr38BRE_HG=w408-h544-k-no,"https://www.google.com/maps/place/Lapangan+Banteng+Park/@-6.170555,106.8350378,17z/data=!3m1!4b1!4m6!3m5!1s0x2e69f5cbff32cf03:0xc0f7ede65818fc6d!8m2!3d-6.170555!4d106.8350378!16s%2Fg%2F1hb_h2wc5?entry=ttu","Taman Lapangan Banteng Taman Hiburan Jakarta Lapangan Banteng, dulu bernama Waterlooplein (bahasa Belanda: plein = lapangan) yaitu suatu lapangan yang terletak di Weltevreden, Batavia; tidak jauh dari Gereja Katedral Jakarta. Pada masa itu, Lapangan Banteng dikenal dengan sebutan Lapangan Singa[1] karena di tengahnya terpancang tugu peringatan kemenangan pertempuran di Waterloo, dengan patung singa di atasnya. Pertempuran Waterloo tersebut terjadi tanggal 18 Juni 1815 di dekat kota Waterloo, yaitu sekitar 15 km ke arah selatan dari ibu kota Belgia, Brussels. Pertempuran itu merupakan pertempuran terakhir Napoleon melawan pasukan gabungan Inggris-Belanda-Jerman. Pertempuran ini juga dicatat dalam sejarah sebagai penutup dari seratus hari sejak larinya Napoleon dari pengasingannya di pulau Elba. Sedangkan Tugu Singa tersebut didirikan pada zaman pemerintahan pendudukan tentara Jepang (1942-1945). Setelah Indonesia merdeka, namanya diganti menjadi Lapangan Banteng. Terdapat kemungkinan pada zaman dahulu tempat yang kini menjadi lapangan itu dihuni berbagai macam satwa liar seperti macan, kijang, dan banteng. Pada waktu J.P. Coen membangun kota Batavia di dekat muara Ciliwung, lapangan tersebut dan sekelilingnya masih berupa hutan belantara yang sebagian berpaya–paya. Sebelah timur dijalan Lapangan banteng timur tedapat Kantor Satlantas Polres jakarta Pusat.",taman lapang banteng taman hibur jakarta lapang banteng  nama waterlooplein  bahasa belanda  plein  lapang  lapang letak weltevreden  batavia  gereja katedral jakarta   lapang banteng kenal sebut lapang singa  1  tengah pancang tugu ingat menang tempur waterloo  patung singa atas  tempur waterloo tanggal 18 juni 1815 kota waterloo  15 km arah selatan kota belgia  brussels  tempur tempur napoleon lawan pasu gabung inggris-belanda-jerman  tempur catat sejarah tutup ratus lari napoleon asing pulau elba  tugu singa diri zaman perintah duduk tentara jepang  1942-1945   indonesia merdeka  nama ganti lapang banteng  zaman lapang huni satwa liar macan  kijang  banteng  j p coen bangun kota batavia muara ciliwung  lapang keliling hutan belantara paya paya  belah timur jalan lapang banteng timur tedapat kantor satlantas polres jakarta pusat
58,Taman Ayodya,"Taman Ayodya, yang dulu bernama Taman Barito, adalah sebuah taman kota yang berada di Jakarta Selatan. Taman ini berlokasi di atas lahan seluas 7.500 m2, dilengkapi dengan kolam buatan seluas 1.500 m2 di tengahnya.\nTaman Ayodya juga dilengkapi dengan jalur pijakan, kursi, gazebo, pendopo, kamar mandi, serta trek jogging.. Di dekat taman ini terdapat hotel dan pasar seperti Hotel Gran Mahakam, Plaza Blok M, Pasar Burung Barito, Mal Kebayoran Baru, dan Pasar Taman Puring.\nTaman ini bersebelahan dengan Taman Langsat hanya dengan menyebrang jalan raya saja.",Taman Hiburan,Jakarta,0,4.5,https://lh5.googleusercontent.com/p/AF1QipPc82nKlFglSaHuHsTmXXhNEVulcNn-SMORJSI5=w426-h240-k-no,"https://www.google.com/maps/place/Ayodia+Park+-+Barito/@-6.2453376,106.7945996,17z/data=!3m1!4b1!4m6!3m5!1s0x2e69f16ccbbd35b9:0x25629aaf4a5042b!8m2!3d-6.2453376!4d106.7945996!16s%2Fg%2F11byz6zj8b?entry=ttu","Taman Ayodya Taman Hiburan Jakarta Taman Ayodya, yang dulu bernama Taman Barito, adalah sebuah taman kota yang berada di Jakarta Selatan. Taman ini berlokasi di atas lahan seluas 7.500 m2, dilengkapi dengan kolam buatan seluas 1.500 m2 di tengahnya.\nTaman Ayodya juga dilengkapi dengan jalur pijakan, kursi, gazebo, pendopo, kamar mandi, serta trek jogging.. Di dekat taman ini terdapat hotel dan pasar seperti Hotel Gran Mahakam, Plaza Blok M, Pasar Burung Barito, Mal Kebayoran Baru, dan Pasar Taman Puring.\nTaman ini bersebelahan dengan Taman Langsat hanya dengan menyebrang jalan raya saja.",taman ayodya taman hibur jakarta taman ayodya  nama taman barito  taman kota jakarta selatan  taman lokasi lahan luas 7 500 m2  lengkap kolam buat luas 1 500 m2 tengah ntaman ayodya lengkap jalur pijak  kursi  gazebo  pendopo  kamar mandi  trek jogging  taman hotel pasar hotel gran mahakam  plaza blok m  pasar burung barito  mal kebayoran  pasar taman puring ntaman bahan taman langsat menyebrang jalan raya
59,Museum Sumpah Pemuda,"Museum Sumpah Pemuda adalah sebuah museum sejarah perjuangan kemerdekaan Republik Indonesia yang berada di Jalan Kramat Raya No. 106, Jakarta Pusat dan dikelola oleh Kementerian Pendidikan dan Kebudayaan Republik Indonesia. Museum ini dibuka untuk umum, setiap hari Selasa sampai dengan Jumat dari pukul 08.00 hingga 16.00 UTC+7, setiap Sabtu dan Minggu pada pukul 08.00—16.00 WIB, dan setiap hari Senin dan hari besar nasional, museum ini ditutup untuk umum.\nMuseum ini memiliki koleksi foto dan benda-benda yang berhubungan dengan sejarah Sumpah Pemuda 1928, serta kegiatan-kegiatan dalam pergerakan nasional kepemudaan Indonesia. Museum Sumpah Pemuda ini didirikan berdasarkan SK Gubernur DKI Jakarta pada tahun 1972 dan menjadi benda cagar budaya nasional.
",Budaya,Jakarta,2000,4.7,https://lh5.googleusercontent.com/p/AF1QipOwwl-NzZbjAUtjbWcg_Qh78MG2JPEdJMfECRTy=w408-h306-k-no,"https://www.google.com/maps/place/Museum+Sumpah+Pemuda/@-6.1838388,106.8430507,17z/data=!3m1!4b1!4m6!3m5!1s0x2e69f448497eae29:0x6f890df278af3c65!8m2!3d-6.1838388!4d106.8430507!16s%2Fg%2F120qwcwd?entry=ttu","Museum Sumpah Pemuda Budaya Jakarta Museum Sumpah Pemuda adalah sebuah museum sejarah perjuangan kemerdekaan Republik Indonesia yang berada di Jalan Kramat Raya No. 106, Jakarta Pusat dan dikelola oleh Kementerian Pendidikan dan Kebudayaan Republik Indonesia. Museum ini dibuka untuk umum, setiap hari Selasa sampai dengan Jumat dari pukul 08.00 hingga 16.00 UTC+7, setiap Sabtu dan Minggu pada pukul 08.00—16.00 WIB, dan setiap hari Senin dan hari besar nasional, museum ini ditutup untuk umum.\nMuseum ini memiliki koleksi foto dan benda-benda yang berhubungan dengan sejarah Sumpah Pemuda 1928, serta kegiatan-kegiatan dalam pergerakan nasional kepemudaan Indonesia. Museum Sumpah Pemuda ini didirikan berdasarkan SK Gubernur DKI Jakarta pada tahun 1972 dan menjadi benda cagar budaya nasional.
",museum sumpah pemuda budaya jakarta museum sumpah pemuda museum sejarah juang merdeka republik indonesia jalan kramat raya no  106  jakarta pusat kelola menteri didik budaya republik indonesia  museum buka  selasa jumat 08 00 16 00 utc 7  sabtu minggu 08 00 16 00 wib  senin nasional  museum tutup umum nmuseum milik koleksi foto benda hubung sejarah sumpah pemuda 1928  giat gera nasional pemuda indonesia  museum sumpah pemuda diri dasar sk gubernur dki jakarta 1972 benda cagar budaya nasional
60,Museum Tekstil,"Museum cinta Tekstil menempati gedung tua di Jalan K.S. Tubun / Kota Bambu Selatan No. 4 Kecamatan Palmerah, Jakarta Barat\n\nGedungnya sendiri pada mulanya adalah rumah pribadi seorang warga negara Prancis yang dibangun pada abad ke-19. Kemudian dibeli oleh konsul Turki bernama Abdul Azis Almussawi Al Kazimi yang menetap di Indonesia. Selanjutnya tahun 1942 dijual kepada Dr. Karel Christian Cruq.\nPada masa perjuangan kemerdekaan Indonesia, gedung ini menjadi markas Barisan Keamanan Rakyat (BKR) dan tahun 1947 didiami oleh Lie Sion Pin. Pada tahun 1952 dibeli oleh Departemen Sosial dan pada tanggal 25 Oktober 1975 diserahkan kepada Pemda DKI Jakarta yang untuk kemudian pada tanggal 28 Juni 1976 diresmikan penggunaannya oleh Ibu Tien Soeharto sebagai Museum Tekstil.",Budaya,Jakarta,5000,4.5,https://lh5.googleusercontent.com/p/AF1QipNTTERsgK1oPw3bRiPXPxGNKxfhOBiy2St2ihiY=w408-h306-k-no,"https://www.google.com/maps/place/Museum+of+Textile/@-6.1882117,106.8097432,17z/data=!3m1!4b1!4m6!3m5!1s0x2e69f69b22a0585d:0xdc276556f2689b10!8m2!3d-6.1882117!4d106.8097432!16s%2Fm%2F09v8mnv?entry=ttu","Museum Tekstil Budaya Jakarta Museum cinta Tekstil menempati gedung tua di Jalan K.S. Tubun / Kota Bambu Selatan No. 4 Kecamatan Palmerah, Jakarta Barat\n\nGedungnya sendiri pada mulanya adalah rumah pribadi seorang warga negara Prancis yang dibangun pada abad ke-19. Kemudian dibeli oleh konsul Turki bernama Abdul Azis Almussawi Al Kazimi yang menetap di Indonesia. Selanjutnya tahun 1942 dijual kepada Dr. Karel Christian Cruq.\nPada masa perjuangan kemerdekaan Indonesia, gedung ini menjadi markas Barisan Keamanan Rakyat (BKR) dan tahun 1947 didiami oleh Lie Sion Pin. Pada tahun 1952 dibeli oleh Departemen Sosial dan pada tanggal 25 Oktober 1975 diserahkan kepada Pemda DKI Jakarta yang untuk kemudian pada tanggal 28 Juni 1976 diresmikan penggunaannya oleh Ibu Tien Soeharto sebagai Museum Tekstil.",museum tekstil budaya jakarta museum cinta tekstil tempat gedung tua jalan k s  tubun  kota bambu selatan no  4 camat palmerah  jakarta barat n ngedungnya rumah pribadi warga negara prancis bangun abad ke-19  beli konsul turki nama abdul azis almussawi al kazimi tetap indonesia  1942 jual dr karel christian cruq npada juang merdeka indonesia  gedung markas baris aman rakyat  bkr  1947 ami lie sion pin  1952 beli departemen sosial tanggal 25 oktober 1975 serah pemda dki jakarta tanggal 28 juni 1976 resmi guna tien soeharto museum tekstil
61,Tugu Proklamasi,"Tugu Proklamasi adalah tugu peringatan proklamasi kemerdekaan Republik Indonesia yang berdiri di kompleks Taman Proklamasi di Jalan Proklamasi, Jakarta Pusat. Taman tersebut berlokasi di bekas kediaman Sukarno di Jalan Pegangsaan Timur 56. Rumah tersebut, telah dihancurkan, adalah lokasi pembacaan proklamasi kemerdekaan.Pada kompleks juga terdapat monumen dua patung Sukarno-Hatta berukuran besar yang berdiri berdampingan, mirip dengan dokumentasi foto ketika naskah proklamasi pertama kali dibacakan. Di tengah-tengah dua patung proklamator terdapat patung naskah proklamasi terbuat dari lempengan batu marmer hitam, dengan susunan dan bentuk tulisan mirip dengan naskah ketikan aslinya.",Budaya,Jakarta,0,4.7,https://lh5.googleusercontent.com/p/AF1QipP10inpB-nHfueSmhJhLKbtyhpbef2Bjj3TPgBp=w408-h272-k-no,"https://www.google.com/maps/place/Tugu+Proklamasi/@-6.2032463,106.846814,17z/data=!3m1!4b1!4m6!3m5!1s0x2e69f46c25499983:0x865de36846fb5edb!8m2!3d-6.2032463!4d106.846814!16s%2Fg%2F122dm0x9?entry=ttu","Tugu Proklamasi Budaya Jakarta Tugu Proklamasi adalah tugu peringatan proklamasi kemerdekaan Republik Indonesia yang berdiri di kompleks Taman Proklamasi di Jalan Proklamasi, Jakarta Pusat. Taman tersebut berlokasi di bekas kediaman Sukarno di Jalan Pegangsaan Timur 56. Rumah tersebut, telah dihancurkan, adalah lokasi pembacaan proklamasi kemerdekaan.Pada kompleks juga terdapat monumen dua patung Sukarno-Hatta berukuran besar yang berdiri berdampingan, mirip dengan dokumentasi foto ketika naskah proklamasi pertama kali dibacakan. Di tengah-tengah dua patung proklamator terdapat patung naskah proklamasi terbuat dari lempengan batu marmer hitam, dengan susunan dan bentuk tulisan mirip dengan naskah ketikan aslinya.",tugu proklamasi budaya jakarta tugu proklamasi tugu ingat proklamasi merdeka republik indonesia diri kompleks taman proklamasi jalan proklamasi  jakarta pusat  taman lokasi bekas diam sukarno jalan gangsa timur 56 rumah  hancur  lokasi baca proklamasi merdeka pada kompleks monumen patung sukarno-hatta ukur diri damping  dokumentasi foto naskah proklamasi kali baca  tengah patung proklamator patung naskah proklamasi buat lempeng batu marmer hitam  susun bentuk tulis naskah keti asli
62,Taman Legenda Keong Emas,"Taman Legenda Keong Emas merupakan salah satu tempat rekreasi favorit yang ada di kawasan Jakarta Timur. Berada di dalam lokasi Taman Mini Indonesia Indah atau TMII, Taman Legenda Keong Emas TMII juga telah menjadi ikon di dalam pusat sarana wisata terbesar di Indonesia ini. Selain sebagai sarana rekreasi untuk seluruh keluarga, Taman Legenda Keong Emas TMII juga mempunyai visi dan misi untuk mengedukasi masyarakat sekaligus melestarikan warisan kebudayaan Indonesia, salah satunya melalui legenda cerita rakyat.",Taman Hiburan,Jakarta,30000,4.5,https://lh5.googleusercontent.com/p/AF1QipNm7gjsJgZ75WzNtJOqPCQZk6zROxBiyHosvTt2=w408-h272-k-no,"https://www.google.com/maps/place/Taman+Legenda+Keong+Emas+TMII/@-6.3039042,106.8936219,17z/data=!3m1!4b1!4m6!3m5!1s0x2e69ed5cc064937b:0xf00c5e910ce3350!8m2!3d-6.3039042!4d106.8936219!16s%2Fg%2F1tl5_snq?entry=ttu","Taman Legenda Keong Emas Taman Hiburan Jakarta Taman Legenda Keong Emas merupakan salah satu tempat rekreasi favorit yang ada di kawasan Jakarta Timur. Berada di dalam lokasi Taman Mini Indonesia Indah atau TMII, Taman Legenda Keong Emas TMII juga telah menjadi ikon di dalam pusat sarana wisata terbesar di Indonesia ini. Selain sebagai sarana rekreasi untuk seluruh keluarga, Taman Legenda Keong Emas TMII juga mempunyai visi dan misi untuk mengedukasi masyarakat sekaligus melestarikan warisan kebudayaan Indonesia, salah satunya melalui legenda cerita rakyat.",taman legenda keong emas taman hibur jakarta taman legenda keong emas salah rekreasi favorit kawasan jakarta timur  lokasi taman mini indonesia indah tmii  taman legenda keong emas tmii ikon pusat sarana wisata besar indonesia  sarana rekreasi keluarga  taman legenda keong emas tmii visi misi edukasi masyarakat lestari waris budaya indonesia  salah satu legenda cerita rakyat
63,Museum Kebangkitan Nasional,"Museum Kebangkitan Nasional (bahasa Inggris: Museum of National Awakening) adalah sebuah gedung yang dibangun sebagai monumen tempat lahir dan berkembangnya kesadaran nasional dan juga ditemukannya organisasi pergerakan modern pertama kali dengan nama Boedi Oetomo. Sebelum menjadi museum, bangunan ini dahulunya adalah sekolah kedokteran yang didirikan oleh Belanda dengan nama School tot Opleiding van Inlandsche Artsen disingkat STOVIA atau Sekolah Dokter Bumiputra. Dalam perjalanannya, gedung tersebut selalu beralih fungsi. Lokasi museum ini tidak jauh dari Pasar Senen, tepatnya di Jalan Abdurrahman Saleh No.26, sebelum RSPAD Gatot Subroto, Jakarta Pusat.",Budaya,Jakarta,2000,4.7,https://lh5.googleusercontent.com/p/AF1QipMTbqpGX9glqeA1KuP4D98SpIxqfeM9xapSLS8V=w408-h306-k-no,"https://www.google.com/maps/place/Kebangkitan+Nasional+Museum/@-6.1787536,106.8379735,17z/data=!3m1!4b1!4m6!3m5!1s0x2e69f434569482cb:0xf63185f968d128ab!8m2!3d-6.1787536!4d106.8379735!16s%2Fm%2F04drtbj?entry=ttu","Museum Kebangkitan Nasional Budaya Jakarta Museum Kebangkitan Nasional (bahasa Inggris: Museum of National Awakening) adalah sebuah gedung yang dibangun sebagai monumen tempat lahir dan berkembangnya kesadaran nasional dan juga ditemukannya organisasi pergerakan modern pertama kali dengan nama Boedi Oetomo. Sebelum menjadi museum, bangunan ini dahulunya adalah sekolah kedokteran yang didirikan oleh Belanda dengan nama School tot Opleiding van Inlandsche Artsen disingkat STOVIA atau Sekolah Dokter Bumiputra. Dalam perjalanannya, gedung tersebut selalu beralih fungsi. Lokasi museum ini tidak jauh dari Pasar Senen, tepatnya di Jalan Abdurrahman Saleh No.26, sebelum RSPAD Gatot Subroto, Jakarta Pusat.",museum bangkit nasional budaya jakarta museum bangkit nasional  bahasa inggris  museum of national awakening  gedung bangun monumen lahir kembang sadar nasional temu organisasi gera modern kali nama boedi oetomo  museum  bangun dahulu sekolah dokter diri belanda nama school tot opleiding van inlandsche artsen singkat stovia sekolah dokter bumiputra  jalan  gedung alih fungsi  lokasi museum pasar senen  tepat jalan abdurrahman saleh no 26  rspad gatot subroto  jakarta pusat
64,Museum Sasmita Loka Ahmad Yani,"Museum Sasmita Loka Ahmad Yani adalah salah satu museum pahlawan nasional yang terletak di jalan Lembang No. 58 dan jalan Laruharhari No. 65, Jakarta Pusat, DKI Jakarta, Indonesia. Museum ini terbuka untuk umum dari hari Selasa hingga hari Minggu, dari pukul 08:00 hingga pukul 14:00 WIB. Setiap hari Senin museum ini ditutup untuk umum.",Budaya,Jakarta,2000,4.7,https://lh5.googleusercontent.com/p/AF1QipOSKNJJazl0voJOBCgOUAbWNZXJycgaS5l6L4Zx=w408-h861-k-no,"https://www.google.com/maps/place/Sasmita+Loka+Ahmad+Yani+Museum/@-6.2045797,106.8366143,17z/data=!3m1!4b1!4m6!3m5!1s0x2e69f4123755eccb:0x5b8c2f700730e22c!8m2!3d-6.2045797!4d106.8366143!16s%2Fm%2F0crgqrd?entry=ttu","Museum Sasmita Loka Ahmad Yani Budaya Jakarta Museum Sasmita Loka Ahmad Yani adalah salah satu museum pahlawan nasional yang terletak di jalan Lembang No. 58 dan jalan Laruharhari No. 65, Jakarta Pusat, DKI Jakarta, Indonesia. Museum ini terbuka untuk umum dari hari Selasa hingga hari Minggu, dari pukul 08:00 hingga pukul 14:00 WIB. Setiap hari Senin museum ini ditutup untuk umum.",museum sasmita loka ahmad yani budaya jakarta museum sasmita loka ahmad yani salah museum pahlawan nasional letak jalan lembang no  58 jalan laruharhari no  65  jakarta pusat  dki jakarta  indonesia  museum buka selasa minggu  08 00 14 00 wib  senin museum tutup
65,Museum Basoeki Abdullah,"Museum Basoeki Abdullah berisi lukisan dan koleksi pribadi Basoeki Abdullah seperti patung, topeng, wayang dan senjata. Museum yang terletak di Jakarta Selatan ini dikelola oleh Kementerian Pendidikan dan Kebudayaan. Selain digunakan untuk pameran, museum ini juga digunakan untuk menggelar seminar, penelitian, lokakarya serta menerbitkan bermacam bentuk publikasi berupa katalog, biografi, kumpulan artikel dan hasil penelitian.
",Budaya,Jakarta,1000,4.7,https://lh5.googleusercontent.com/p/AF1QipNCdClSO1XqUqr9mV4E5Im6adcJV_hOtigslf3E=w408-h272-k-no,"https://www.google.com/maps/place/Museum+Basoeki+Abdullah/@-6.2898255,106.7933649,17z/data=!3m1!4b1!4m6!3m5!1s0x2e69f1c2b2cfffff:0x771c0cb63c79fd9b!8m2!3d-6.2898255!4d106.7933649!16s%2Fm%2F010lr3gt?entry=ttu","Museum Basoeki Abdullah Budaya Jakarta Museum Basoeki Abdullah berisi lukisan dan koleksi pribadi Basoeki Abdullah seperti patung, topeng, wayang dan senjata. Museum yang terletak di Jakarta Selatan ini dikelola oleh Kementerian Pendidikan dan Kebudayaan. Selain digunakan untuk pameran, museum ini juga digunakan untuk menggelar seminar, penelitian, lokakarya serta menerbitkan bermacam bentuk publikasi berupa katalog, biografi, kumpulan artikel dan hasil penelitian.
",museum basoeki abdullah budaya jakarta museum basoeki abdullah isi lukis koleksi pribadi basoeki abdullah patung  topeng  wayang senjata  museum letak jakarta selatan kelola menteri didik budaya  pamer  museum gelar seminar  teliti  lokakarya terbit bentuk publikasi katalog  biografi  kumpul artikel hasil teliti
66,Museum Layang-layang,"Museum Layang-Layang adalah sebuah museum yang terletak di Jl. H. Kamang No. 38, Pondok Labu, Jakarta Selatan. Museum ini merupakan museum layang-layang pertama di Indonesia. Jumlah koleksi layang-layang di museum ini berjumlah 600, tetapi jumlah tersebut terus bertambah seiring datangnya koleksi-koleksi baru dari para pelayang daerah dan luar negeri maupun layang-layang yang dibuat sendiri oleh karyawan museum. Museum Layang-Layang buka setiap hari mulai pukul 09.00-16.00 WIB. Hari libur nasional Museum Layang-layang tutup.",Budaya,Jakarta,10000,4.5,https://lh5.googleusercontent.com/p/AF1QipPZCEUXIleunLpbHPTU6FME1DkwrxPGCZt-REUs=w408-h408-k-no,"https://www.google.com/maps/place/Museum+Layang-layang+Indonesia/@-6.3079851,106.7905852,17z/data=!3m1!4b1!4m6!3m5!1s0x2e69ee2000d43c8f:0xb04581a01e99f973!8m2!3d-6.3079851!4d106.7905852!16s%2Fg%2F1q5gpjkvb?entry=ttu","Museum Layang-layang Budaya Jakarta Museum Layang-Layang adalah sebuah museum yang terletak di Jl. H. Kamang No. 38, Pondok Labu, Jakarta Selatan. Museum ini merupakan museum layang-layang pertama di Indonesia. Jumlah koleksi layang-layang di museum ini berjumlah 600, tetapi jumlah tersebut terus bertambah seiring datangnya koleksi-koleksi baru dari para pelayang daerah dan luar negeri maupun layang-layang yang dibuat sendiri oleh karyawan museum. Museum Layang-Layang buka setiap hari mulai pukul 09.00-16.00 WIB. Hari libur nasional Museum Layang-layang tutup.",museum layang budaya jakarta museum layang museum letak jl  h kamang no  38  pondok labu  jakarta selatan  museum museum layang indonesia  koleksi layang museum 600  tambah iring datang koleksi layang daerah negeri layang karyawan museum  museum layang buka 09 00-16 00 wib  libur nasional museum layang tutup
67,Margasatwa Muara Angke,"Suaka margasatwa Muara Angke adalah sebuah kawasan konservasi berdasarkan SK Menteri Kehutanan RI Nomor: 097/Kpts-II/1988, 29 Februari 1998 di wilayah hutan bakau di pesisir utara Jakarta. Secara administratif, kawasan ini termasuk wilayah Kelurahan Kapuk Muara, Kecamatan Penjaringan, Kotamadya Jakarta Utara.",Cagar Alam,Jakarta,25000,4.3,https://lh5.googleusercontent.com/p/AF1QipNONbJodH58ni62bIeNhYlPWc1njyWXoNHv9rFN=w408-h306-k-no,"https://www.google.com/maps/place/Muara+Angke+Wildlife+Refuge/@-6.1160075,106.7692016,17z/data=!3m1!4b1!4m6!3m5!1s0x2e6a1d0ae19c6755:0x5c8d4e303f5adb9d!8m2!3d-6.1160075!4d106.7692016!16s%2Fg%2F120p51cs?entry=ttu","Margasatwa Muara Angke Cagar Alam Jakarta Suaka margasatwa Muara Angke adalah sebuah kawasan konservasi berdasarkan SK Menteri Kehutanan RI Nomor: 097/Kpts-II/1988, 29 Februari 1998 di wilayah hutan bakau di pesisir utara Jakarta. Secara administratif, kawasan ini termasuk wilayah Kelurahan Kapuk Muara, Kecamatan Penjaringan, Kotamadya Jakarta Utara.",margasatwa muara angke cagar alam jakarta suaka margasatwa muara angke kawasan konservasi dasar sk menteri hutan ri nomor  097 kpts-ii 1988  29 februari 1998 wilayah hutan bakau pesisir utara jakarta  administratif  kawasan wilayah lurah kapuk muara  camat jaring  kotamadya jakarta utara
68,Pasar Petak Sembilan,"Pecinan Glodok, tepatnya di Pasar Petak Sembilan, Jakarta Barat merupakan salah satu tempat yang menjual berbagai macam kuliner khas China. Kawasan yang sebagaian besar dihuni oleh orang Tionghoa ini terkenal dengan kuliner khas China yang banyak dijajakan oleh para warga. Mulai dari kue keranjang, kue dodol, hingga kue lapis banyak dijajakan di sini. Dengan harga mulai dari Rp 30 ribu hingga Rp 100 ribu, ketiga jenis kue ini menjadi kue yang paling sering dibeli untuk melengkapi perayaan Imlek. Menurut sumber dari penjual, mereka mengaku bahwa kue yang dijajakan didatangkan langsung dari berbagai daerah. Karena berasal dari wilayah yang berbeda, kue-kue ini memilliki ciri khas tersendiri.",Pusat Perbelanjaan,Jakarta,0,4.5,https://lh5.googleusercontent.com/p/AF1QipMuqtGNYt_-tKQSUo-HgGrASvaEm0LLO8crJpJI=w408-h271-k-no,"https://www.google.com/maps/place/Petak+Sembilan+Market/@-6.1438308,106.8128989,17z/data=!3m1!4b1!4m6!3m5!1s0x2e69f6066210c605:0x8228181292dfa2ba!8m2!3d-6.1438308!4d106.8128989!16s%2Fg%2F11c55brx49?entry=ttu","Pasar Petak Sembilan Pusat Perbelanjaan Jakarta Pecinan Glodok, tepatnya di Pasar Petak Sembilan, Jakarta Barat merupakan salah satu tempat yang menjual berbagai macam kuliner khas China. Kawasan yang sebagaian besar dihuni oleh orang Tionghoa ini terkenal dengan kuliner khas China yang banyak dijajakan oleh para warga. Mulai dari kue keranjang, kue dodol, hingga kue lapis banyak dijajakan di sini. Dengan harga mulai dari Rp 30 ribu hingga Rp 100 ribu, ketiga jenis kue ini menjadi kue yang paling sering dibeli untuk melengkapi perayaan Imlek. Menurut sumber dari penjual, mereka mengaku bahwa kue yang dijajakan didatangkan langsung dari berbagai daerah. Karena berasal dari wilayah yang berbeda, kue-kue ini memilliki ciri khas tersendiri.",pasar petak sembilan pusat belanja jakarta pecinan glodok  tepat pasar petak sembilan  jakarta barat salah jual kuliner khas china  kawasan bagai huni orang tionghoa kenal kuliner khas china jaja warga  kue keranjang  kue dodol  kue lapis jaja  harga rp 30 ribu rp 100 ribu  tiga jenis kue kue beli lengkap raya imlek  sumber jual  aku kue jaja langsung daerah  asal wilayah beda  kue memilliki ciri khas sendiri
69,Freedom Library,"Freedom Library adalah perpustakaan buku yang dibuka umum. Memiliki puluhan ribu koleksi buku yang disusun di rak dan sesuai dengan tema, sehingga mempermudah untuk mencari buku yang diinginkan. Dengan desain ruangan yang modern serta suasana yang tenang membuat pembaca akan betah berlama-lama disini.  Cukup dengan mendaftar menjadi member terlebih dahulu dan tidak dikenakan biaya (Gratis) kalian bisa membaca buku diperpustakaan ini.
",Budaya,Jakarta,0,4.6,https://lh5.googleusercontent.com/p/AF1QipNCsvSMD5sdYNWQNT7J1ErWXYbO_v3-2AD9BN4=w408-h544-k-no,"https://www.google.com/maps/place/Perpustakaan+Freedom/@-6.2130428,106.8298132,17z/data=!3m1!4b1!4m6!3m5!1s0x2e69f46c1bb36901:0x541c4bed464fbe7e!8m2!3d-6.2130428!4d106.8298132!16s%2Fg%2F1ts6qgng?entry=ttu","Freedom Library Budaya Jakarta Freedom Library adalah perpustakaan buku yang dibuka umum. Memiliki puluhan ribu koleksi buku yang disusun di rak dan sesuai dengan tema, sehingga mempermudah untuk mencari buku yang diinginkan. Dengan desain ruangan yang modern serta suasana yang tenang membuat pembaca akan betah berlama-lama disini.  Cukup dengan mendaftar menjadi member terlebih dahulu dan tidak dikenakan biaya (Gratis) kalian bisa membaca buku diperpustakaan ini.
",freedom library budaya jakarta freedom library pustaka buku buka  milik puluh ribu koleksi buku susun rak sesuai tema  mudah cari buku  desain ruang modern suasana tenang baca betah lama  daftar member kena biaya  gratis  baca buku pustaka
70,Perpustakaan Nasional,"Perpustakaan Nasional adalah perpustakaan yang secara khusus didirikan oleh Pemerintah Negara demi menyimpan informasi negara tersebut. Berbeda dengan perpustakaan umum, sangatlah jarang khalayak ramai diperbolehkan meminjam buku. Seringkali sebuah perpustakaan nasional menyimpan koleksi langka dan bersejarah.\nBeberapa perpustakaan awal bisa disebut perpustakaan nasional, seperti Perpustakaan Alexandria yang merupakan Perpustakaan Mesir Kuno. Perpustakaan nasional sering kali berukuran sangat besar dan luas apalagi jika diperbandingkan dengan perpustakaan biasa lainnya di negaranya. Beberapa negara yang tidak independen, tetapi tetap berkeinginan melestarikan budaya khusus mereka umumnya mendirikan sebuah perpustakaan nasional dengan segala atribut kelembagaan tersebut deposito hukum.\nBanyak perpustakaan nasional yang bekerja sama dengan Federasi Internasional dari Asosiasi dan Institusi Perpustakaan (bahasa Inggris: International Federation of Library Associations and Institutions (IFLA)) guna membagas tugas umum, menetapkan, dan mempromosikan standar umum serta pelaksanaan proyek untuk membantu memenuhi tugas mereka. Perpustakaan nasional di Eropa berpartisipasi dalam Perpustakaan Eropa. Ini merupakan pelayanan dari Konferensi Pustakawan Nasional Eropa (bahasa Inggris: Conference of European National Librarians (CENL)).\nSalah satu rencana pertama dari sebuah perpustakaan nasional yang dirancang oleh matematikawan, John Dee, pada tahun 1556 yang diperlihatkan pada Mary I dari Inggris dengan rencana yang visioner untuk pelestarian buku-buku lama, manuskrip, dan catatan dan pendirian perpustakaan nasional, tetapi proposal tersebut tidak disetujui.",Budaya,Jakarta,0,4.7,https://lh5.googleusercontent.com/p/AF1QipNsFAPfpd91ZIK4lYXYRAXPR8vUNvw7DQNDFV-C=w408-h306-k-no,"https://www.google.com/maps/place/National+Library+of+the+Republic+of+Indonesia/@-6.1811826,106.8269204,17z/data=!3m1!4b1!4m6!3m5!1s0x2e69f442596e0c93:0x4ba58be40979fe36!8m2!3d-6.1811826!4d106.8269204!16s%2Fm%2F0ch46lx?entry=ttu","Perpustakaan Nasional Budaya Jakarta Perpustakaan Nasional adalah perpustakaan yang secara khusus didirikan oleh Pemerintah Negara demi menyimpan informasi negara tersebut. Berbeda dengan perpustakaan umum, sangatlah jarang khalayak ramai diperbolehkan meminjam buku. Seringkali sebuah perpustakaan nasional menyimpan koleksi langka dan bersejarah.\nBeberapa perpustakaan awal bisa disebut perpustakaan nasional, seperti Perpustakaan Alexandria yang merupakan Perpustakaan Mesir Kuno. Perpustakaan nasional sering kali berukuran sangat besar dan luas apalagi jika diperbandingkan dengan perpustakaan biasa lainnya di negaranya. Beberapa negara yang tidak independen, tetapi tetap berkeinginan melestarikan budaya khusus mereka umumnya mendirikan sebuah perpustakaan nasional dengan segala atribut kelembagaan tersebut deposito hukum.\nBanyak perpustakaan nasional yang bekerja sama dengan Federasi Internasional dari Asosiasi dan Institusi Perpustakaan (bahasa Inggris: International Federation of Library Associations and Institutions (IFLA)) guna membagas tugas umum, menetapkan, dan mempromosikan standar umum serta pelaksanaan proyek untuk membantu memenuhi tugas mereka. Perpustakaan nasional di Eropa berpartisipasi dalam Perpustakaan Eropa. Ini merupakan pelayanan dari Konferensi Pustakawan Nasional Eropa (bahasa Inggris: Conference of European National Librarians (CENL)).\nSalah satu rencana pertama dari sebuah perpustakaan nasional yang dirancang oleh matematikawan, John Dee, pada tahun 1556 yang diperlihatkan pada Mary I dari Inggris dengan rencana yang visioner untuk pelestarian buku-buku lama, manuskrip, dan catatan dan pendirian perpustakaan nasional, tetapi proposal tersebut tidak disetujui.",pustaka nasional budaya jakarta pustaka nasional pustaka khusus diri perintah negara simpan informasi negara  beda pustaka  jarang khalayak ramai boleh pinjam buku  seringkali pustaka nasional simpan koleksi langka sejarah nbeberapa pustaka pustaka nasional  pustaka alexandria pustaka mesir kuno  pustaka nasional kali ukur luas banding pustaka negara  negara independen  lestari budaya khusus diri pustaka nasional atribut lembaga deposito hukum nbanyak pustaka nasional federasi internasional asosiasi institusi pustaka  bahasa inggris  international federation of library associations and institutions  ifla   bagas tugas  tetap  promosi standar laksana proyek bantu penuh tugas  pustaka nasional eropa partisipasi pustaka eropa  layan konferensi pustakawan nasional eropa  bahasa inggris  conference of european national librarians  cenl   nsalah rencana pustaka nasional rancang matematikawan  john dee  1556 mary i inggris rencana visioner lestari buku  manuskrip  catat diri pustaka nasional  proposal tuju
71,Cibubur Garden Diary (Cibugary),"Cibubur Garden Dairy atau biasa dikenal degan sebutan Cibugary merupakan sebuah perternakan sapi perah dan peternakan kambing yang memiliki nuansa kebun dikawasan Cibubur, sang empunya Bapak Rachmat Baghory mempunyai inisiatif untuk menjadikan tempat tersebut sebagai wisata agro edukatif terutama untuk anak-anak.",Cagar Alam,Jakarta,50000,5,https://lh5.googleusercontent.com/p/AF1QipMADoVvTYftqaSQFYJcniIPOB09a3YfXW_Utswe=w408-h541-k-no,"https://www.google.com/maps/place/Eduwisata+Cibugary+(Cibubur+Garden+Dairy)+Kampung+Sapi+Perah+DKI+Jakarta/@-6.3568541,106.9064214,17z/data=!3m1!4b1!4m6!3m5!1s0x2e69ed0076fa7a0d:0xccd77ec325d5715!8m2!3d-6.3568541!4d106.9064214!16s%2Fg%2F11vphfsw3q?entry=ttu","Cibubur Garden Diary (Cibugary) Cagar Alam Jakarta Cibubur Garden Dairy atau biasa dikenal degan sebutan Cibugary merupakan sebuah perternakan sapi perah dan peternakan kambing yang memiliki nuansa kebun dikawasan Cibubur, sang empunya Bapak Rachmat Baghory mempunyai inisiatif untuk menjadikan tempat tersebut sebagai wisata agro edukatif terutama untuk anak-anak.",cibubur garden diary  cibugary  cagar alam jakarta cibubur garden dairy kenal degan sebut cibugary terna sapi perah terna kambing milik nuansa kebun kawasan cibubur  sang empunya rachmat baghory inisiatif jadi wisata agro edukatif anak
72,Waterboom PIK (Pantai Indah Kapuk),"Waterbom Jakarta merupakan sebuah wahana permainan air yang cukup populer di kawasan Pantai Indah Kapuk (PIK), Jakarta Utara. Harga tiket masuk Waterboom PIK tidak terlalu menguras kantong, hanya Rp 100 ribu per orang saat weekday atau Rp 200 ribu saat weekend. Waterboom PIK menjadi objek wisata favorit saat liburan karena menawarkan fasilitas memadai dan memiliki wahana permainan air yang terbilang lengkap.",Taman Hiburan,Jakarta,300000,4.4,https://lh5.googleusercontent.com/p/AF1QipOKG218VlUQpD6wRdpLxjUHk8qvBkhwkdsFXsEi=w408-h408-k-no,"https://www.google.com/maps/place/Waterbom+Pantai+Indah+Kapuk/@-6.1136559,106.7456709,17z/data=!4m10!1m2!2m1!1swaterbom+jakarta!3m6!1s0x2e6a1d15c1017401:0x1b5d23b0ebcb9970!8m2!3d-6.1136559!4d106.7478596!15sChB3YXRlcmJvbSBqYWthcnRhkgEKd2F0ZXJfcGFya-ABAA!16s%2Fg%2F11g_w9p5s?entry=ttu","Waterboom PIK (Pantai Indah Kapuk) Taman Hiburan Jakarta Waterbom Jakarta merupakan sebuah wahana permainan air yang cukup populer di kawasan Pantai Indah Kapuk (PIK), Jakarta Utara. Harga tiket masuk Waterboom PIK tidak terlalu menguras kantong, hanya Rp 100 ribu per orang saat weekday atau Rp 200 ribu saat weekend. Waterboom PIK menjadi objek wisata favorit saat liburan karena menawarkan fasilitas memadai dan memiliki wahana permainan air yang terbilang lengkap.",waterboom pik  pantai indah kapuk  taman hibur jakarta waterbom jakarta wahana main air populer kawasan pantai indah kapuk  pik   jakarta utara  harga tiket masuk waterboom pik uras kantong  rp 100 ribu orang weekday rp 200 ribu weekend  waterboom pik objek wisata favorit libur tawar fasilitas pada milik wahana main air bilang lengkap
73,Museum Perangko,Museum perangko dibangun dengan bentuk bangunan bergaya Jawa Bali di atas lahan seluas 9.590 m2 dan diresmikan oleh Presiden Soeharto pada tanggal 29 September 1983. Museum ini memamerkan koleksi perangko asal Indonesia dan luar negeri. Adapula sepeda pos antik merk Falter buatan Jerman Barat tahun 1950 diletakkan di serambi museum. Halaman depan ada bola dunia dengan merpati yang membawa sebuah surat yang melambangkan bahwa tugas Perum Pos dan Giro menjangkau seluruh dunia.,Budaya,Jakarta,5000,4.5,https://lh3.googleusercontent.com/gps-proxy/ALd4DhFhts0VgR_Gjd8HWL3g2CeedKdpXefwW7s_9FAO4AxG5_W8QnF8TgbJ3hiFv3qzu7W1HOlwzA3hM0vadtL-XC93KZCZSjecOw8ZXukAq7qje26lg2pXPc3-Rf3F4Yd6y4jpCbvCm6O8usbzvZU9axnTZCvzMhVpYZ3TQsXcjY7X_xRz8bIfYNL8YOVK6LUkLLQf_w=w408-h306-k-no,"https://www.google.com/maps/place/Museum+Perangko+Indonesia/@-6.3041841,106.9017725,17z/data=!3m1!4b1!4m6!3m5!1s0x2e69ed50f32ca43d:0x9421f13946ad5819!8m2!3d-6.3041841!4d106.9017725!16s%2Fg%2F121z_7hx?entry=ttu",Museum Perangko Budaya Jakarta Museum perangko dibangun dengan bentuk bangunan bergaya Jawa Bali di atas lahan seluas 9.590 m2 dan diresmikan oleh Presiden Soeharto pada tanggal 29 September 1983. Museum ini memamerkan koleksi perangko asal Indonesia dan luar negeri. Adapula sepeda pos antik merk Falter buatan Jerman Barat tahun 1950 diletakkan di serambi museum. Halaman depan ada bola dunia dengan merpati yang membawa sebuah surat yang melambangkan bahwa tugas Perum Pos dan Giro menjangkau seluruh dunia.,museum perangko budaya jakarta museum perangko bangun bentuk bangun gaya jawa bal lahan luas 9 590 m2 resmi presiden soeharto tanggal 29 september 1983 museum pamer koleksi perangko indonesia negeri  adapula sepeda pos antik merk falter buat jerman barat 1950 letak serambi museum  halaman bola dunia merpati bawa surat melambang tugas perum pos giro jangkau dunia
74,Museum Tengah Kebun,"Museum di Tengah Kebun adalah sebuah museum penyimpanan ± 4.000 koleksi seni dan sejarah Indonesia dan luar negeri yang berlokasi di daerah Kemang, Jakarta Selatan. Museum ini dibangun di tengah kebun seluas 3.500 m2. Museum ini dimiliki secara pribadi oleh Sjahrial Djalil, salah satu tokoh periklanan modern Indonesia dan pendiri biro iklan Ad Force Inc. Pada tahun 2013, museum ini terpilih sebagai Museum Swasta Terbaik di Museum Awards dengan koleksi dari 63 negara dan 26 provinsi di Indonesia.[2] Hal yang membuat museum ini berbeda dari museum lainnya adalah penataan sebanyak 2.414 koleksi yang dipamerkan kepada pengunjung diletakkan tidak beraturan di berbagai sudut ruangan, seperti lantai, tangah taman, toilet, dinding luar rumah, dan lain sebagainya.",Budaya,Jakarta,0,4.7,https://lh5.googleusercontent.com/p/AF1QipOMQd1Ub1Crtu6criKMwyuTvZMw6Bo5WsQbuV2K=w408-h306-k-no,"https://www.google.com/maps/place/Museum+di+Tengah+Kebun/@-6.267513,106.824107,17z/data=!3m1!4b1!4m6!3m5!1s0x2e69f22f457b184b:0x84734bdfb662a1d7!8m2!3d-6.267513!4d106.824107!16s%2Fg%2F1yjg81w5c?entry=ttu","Museum Tengah Kebun Budaya Jakarta Museum di Tengah Kebun adalah sebuah museum penyimpanan ± 4.000 koleksi seni dan sejarah Indonesia dan luar negeri yang berlokasi di daerah Kemang, Jakarta Selatan. Museum ini dibangun di tengah kebun seluas 3.500 m2. Museum ini dimiliki secara pribadi oleh Sjahrial Djalil, salah satu tokoh periklanan modern Indonesia dan pendiri biro iklan Ad Force Inc. Pada tahun 2013, museum ini terpilih sebagai Museum Swasta Terbaik di Museum Awards dengan koleksi dari 63 negara dan 26 provinsi di Indonesia.[2] Hal yang membuat museum ini berbeda dari museum lainnya adalah penataan sebanyak 2.414 koleksi yang dipamerkan kepada pengunjung diletakkan tidak beraturan di berbagai sudut ruangan, seperti lantai, tangah taman, toilet, dinding luar rumah, dan lain sebagainya.",museum kebun budaya jakarta museum kebun museum simpan  4 000 koleksi seni sejarah indonesia negeri lokasi daerah kemang  jakarta selatan  museum bangun kebun luas 3 500 m2  museum milik pribadi sjahrial djalil  salah tokoh iklan modern indonesia diri biro iklan ad force inc 2013  museum pilih museum swasta baik museum awards koleksi 63 negara 26 provinsi indonesia   2  museum beda museum tata 2 414 koleksi pamer unjung letak atur sudut ruang  lantai  tangah taman  toilet  dinding rumah
75,SnowBay Waterpark,"Waterpark yang menghadirkan wahana imajinatif berkonsep pegunungan bersalju. Tidak ketinggalan dengan atraksi air terbaik yang sangat menyenangkan. Dengan luas sekitar 3 hektar, tempat wisata ini menyediakan wahana – wahana permainan air terbaik. Tak salah jika water park ini diminati dan dipadati oleh pengunjung terutama saat musim liburan datang. Pengunjung dapat menikmati keseruan berbagai atraksi air dengan pemandangan artistik yang menutupi 70% kawasan dengan salju. Pengunjung dapat merasakan rasa lelah dan penat berkurang hanya dengan menyaksikan suasana salju eksotik ini. Pengunjung akan disambut dengan rekreasi air berkelas dunia dengan konsep petualangan yang akan membuat terkesima. Menyuguhkan berbagai aktivitas seru yang dapat dinikmati oleh seluruh keluarga dari segala umur. Tidak hanya permainan air, terdapat juga wahana yang menantang adrenalin, cocok bagi yang ingin melepas stres.",Taman Hiburan,Jakarta,180000,4.3,https://lh5.googleusercontent.com/p/AF1QipO4U54TPmq-RhscqWRmNKfHPIuEX_nHqKFwdzdf=w427-h240-k-no,"https://www.google.com/maps/place/SnowBay+Waterpark+TMII/@-6.2997228,106.891314,17z/data=!3m1!4b1!4m6!3m5!1s0x2e69ed5e55a3b46b:0x4ddf9442ff41a1f4!8m2!3d-6.2997228!4d106.891314!16s%2Fg%2F11bwdsbdvn?entry=ttu","SnowBay Waterpark Taman Hiburan Jakarta Waterpark yang menghadirkan wahana imajinatif berkonsep pegunungan bersalju. Tidak ketinggalan dengan atraksi air terbaik yang sangat menyenangkan. Dengan luas sekitar 3 hektar, tempat wisata ini menyediakan wahana – wahana permainan air terbaik. Tak salah jika water park ini diminati dan dipadati oleh pengunjung terutama saat musim liburan datang. Pengunjung dapat menikmati keseruan berbagai atraksi air dengan pemandangan artistik yang menutupi 70% kawasan dengan salju. Pengunjung dapat merasakan rasa lelah dan penat berkurang hanya dengan menyaksikan suasana salju eksotik ini. Pengunjung akan disambut dengan rekreasi air berkelas dunia dengan konsep petualangan yang akan membuat terkesima. Menyuguhkan berbagai aktivitas seru yang dapat dinikmati oleh seluruh keluarga dari segala umur. Tidak hanya permainan air, terdapat juga wahana yang menantang adrenalin, cocok bagi yang ingin melepas stres.",snowbay waterpark taman hibur jakarta waterpark hadir wahana imajinatif konsep gunung salju  tinggal atraksi air baik senang  luas 3 hektar  wisata sedia wahana  wahana main air baik  salah water park mati padat unjung musim libur  unjung nikmat seru atraksi air pandang artistik tutup 70  kawasan salju  unjung rasa lelah penat kurang saksi suasana salju eksotik  unjung sambut rekreasi air kelas dunia konsep tualang kesima  suguh aktivitas seru nikmat keluarga umur  main air  wahana tantang adrenalin  cocok lepas stres
76,Taman Cattleya,"Kehadiran Taman Cattleya tentu saja sangat bermanfaat bagi masyarakat Ibu Kota, ditengah situasi penatnya kemacetan, tumpukkan pekerjaan, serta polusi yang menjadi ancaman bagi kota-kota besar. Lokasi Taman Cattleya sangat strategis bagi mereka anda yang sedang bingung mencari tempat yang pas di akhir pekan. Lokasi Taman Cattleya berada di dekat pusat perbelanjaan yang sangat terkenal, yaitu Mall Taman Anggrek.",Taman Hiburan,Jakarta,20000,4.5,https://lh5.googleusercontent.com/p/AF1QipNbQCGKg6p9Z1MUx7QBSEHKCnIFXHKFHwLk53zU=w427-h240-k-no,"https://www.google.com/maps/place/Cattleya+City+Park/@-6.1819063,106.7944073,17z/data=!3m1!4b1!4m6!3m5!1s0x2e69f68b3ee6be5d:0x9557708125db83f6!8m2!3d-6.1819063!4d106.7944073!16s%2Fg%2F11b7kkt0f2?entry=ttu","Taman Cattleya Taman Hiburan Jakarta Kehadiran Taman Cattleya tentu saja sangat bermanfaat bagi masyarakat Ibu Kota, ditengah situasi penatnya kemacetan, tumpukkan pekerjaan, serta polusi yang menjadi ancaman bagi kota-kota besar. Lokasi Taman Cattleya sangat strategis bagi mereka anda yang sedang bingung mencari tempat yang pas di akhir pekan. Lokasi Taman Cattleya berada di dekat pusat perbelanjaan yang sangat terkenal, yaitu Mall Taman Anggrek.",taman cattleya taman hibur jakarta hadir taman cattleya manfaat masyarakat kota  tengah situasi penat macet  tumpuk kerja  polusi ancam kota  lokasi taman cattleya strategis bingung cari pas pekan  lokasi taman cattleya pusat belanja kenal  mall taman anggrek
77,Taman Hutan Tebet,"Taman Tebet dibangun tahun 1960, taman ini sempat tertunda di tahun 1970 dan jadi pemukiman liar sampai tahun 2006. Dahulu, namanya Taman Honda. Bukan tanpa alasan, dinamakan demikian karena restorasi taman ini dilakukan atas kerjasama PT Honda Prospect Motor dan Pemerintah Provinsi DKI Jakarta. Taman seluas 1.800 m2 yang diresmikan oleh gubernur DKI Jakarta (waktu itu) Fauzi Bowo tanggal 28 Juli 2010. Merupakan ruang terbuka hijau yang dapat dimanfaatkan warga Jakarta untuk beraktivitas. Berada di antara jalan Tebet Barat Raya dan jalan Tebet Timur Raya Kecamatan Tebet, Kotamadya Jakarta Selatan. Kawasan taman memiliki anak sungai yang mengalir dari arah Pasarminggu menuju ke Manggarai. Taman Tebet juga dilengkapi dengan sejumlah fasilitas, seperti arena bermain untuk anak dan tempat berolahraga. Untuk arena olahraga sendiri, ada bulu tangkis dan jogging track. Taman yang dirawat oleh petugas ini juga menyediakan musala, kamar mandi, gazebo, dan fasilitas terapi refleksi.",Taman Hiburan,Jakarta,0,4.7,https://lh5.googleusercontent.com/p/AF1QipN-4pyZiKSzWC9zhWWlTJ8q5MZDl8x_3t5zgo2S=w408-h306-k-no,"https://www.google.com/maps/place/Taman+Hutan+Kota+Tebet/@-6.2400781,106.8528222,17z/data=!3m1!4b1!4m6!3m5!1s0x2e69f3bcce6d8b39:0x1f37e39d760e6751!8m2!3d-6.2400781!4d106.8528222!16s%2Fg%2F11f_6n5g_7?entry=ttu","Taman Hutan Tebet Taman Hiburan Jakarta Taman Tebet dibangun tahun 1960, taman ini sempat tertunda di tahun 1970 dan jadi pemukiman liar sampai tahun 2006. Dahulu, namanya Taman Honda. Bukan tanpa alasan, dinamakan demikian karena restorasi taman ini dilakukan atas kerjasama PT Honda Prospect Motor dan Pemerintah Provinsi DKI Jakarta. Taman seluas 1.800 m2 yang diresmikan oleh gubernur DKI Jakarta (waktu itu) Fauzi Bowo tanggal 28 Juli 2010. Merupakan ruang terbuka hijau yang dapat dimanfaatkan warga Jakarta untuk beraktivitas. Berada di antara jalan Tebet Barat Raya dan jalan Tebet Timur Raya Kecamatan Tebet, Kotamadya Jakarta Selatan. Kawasan taman memiliki anak sungai yang mengalir dari arah Pasarminggu menuju ke Manggarai. Taman Tebet juga dilengkapi dengan sejumlah fasilitas, seperti arena bermain untuk anak dan tempat berolahraga. Untuk arena olahraga sendiri, ada bulu tangkis dan jogging track. Taman yang dirawat oleh petugas ini juga menyediakan musala, kamar mandi, gazebo, dan fasilitas terapi refleksi.",taman hutan tebet taman hibur jakarta taman tebet bangun 1960  taman tunda 1970 mukim liar 2006  nama taman honda  alas  nama restorasi taman kerjasama pt honda prospect motor perintah provinsi dki jakarta  taman luas 1 800 m2 resmi gubernur dki jakarta   fauzi bowo tanggal 28 juli 2010 ruang buka hijau manfaat warga jakarta aktivitas  jalan tebet barat raya jalan tebet timur raya camat tebet  kotamadya jakarta selatan  kawasan taman milik anak sungai alir arah pasarminggu manggarai  taman tebet lengkap fasilitas  arena main anak olahraga  arena olahraga  bulu tangkis jogging track  taman rawat tugas sedia musala  kamar mandi  gazebo  fasilitas terapi refleksi
78,Hutan Kota Srengseng,"Selain Taman Hutan Mangrove dan Pantai Indah Kapuk, salah satu taman yang sudah cukup terkenal lama bisa dijumpai di sekitar Universitas Indonesia Depok, letaknya di pinggiran Jakarta, namanya Hutan Kota Srengseng. Sesuai namanya, kawasan wisata ini terletak di daerah Srengseng Kembangan Jakbar, letaknya dekat dengan daerah Kemayoran, Kebon Jeruk serta Rawa Buaya. Hutan Srengseng ini menjadi salah satu kawasan alam hijua yang bisa dijumpai di Daerah Khusus Ibukota Jakarta. Namun perlu diketahui bukan Srengseng Sawah ya, itu sudah berbeda. Kehadiran Taman Kota ini memberikan peran penting di sektor alam Jakarta yang tengah mengalami perkembangan cukup pesat.",Taman Hiburan,Jakarta,1000,4.3,https://lh5.googleusercontent.com/p/AF1QipNPAZD_i2tJBrfdhONqcV4grZWCTLHMECtFBGsT=w408-h306-k-no,"https://www.google.com/maps/place/Hutan+Kota+Srengseng/@-6.2106945,106.7643954,17z/data=!3m1!4b1!4m6!3m5!1s0x2e69f72f3706b613:0x11aab933dc9527ac!8m2!3d-6.2106945!4d106.7643954!16s%2Fg%2F1hm6ll8n5?entry=ttu","Hutan Kota Srengseng Taman Hiburan Jakarta Selain Taman Hutan Mangrove dan Pantai Indah Kapuk, salah satu taman yang sudah cukup terkenal lama bisa dijumpai di sekitar Universitas Indonesia Depok, letaknya di pinggiran Jakarta, namanya Hutan Kota Srengseng. Sesuai namanya, kawasan wisata ini terletak di daerah Srengseng Kembangan Jakbar, letaknya dekat dengan daerah Kemayoran, Kebon Jeruk serta Rawa Buaya. Hutan Srengseng ini menjadi salah satu kawasan alam hijua yang bisa dijumpai di Daerah Khusus Ibukota Jakarta. Namun perlu diketahui bukan Srengseng Sawah ya, itu sudah berbeda. Kehadiran Taman Kota ini memberikan peran penting di sektor alam Jakarta yang tengah mengalami perkembangan cukup pesat.",hutan kota srengseng taman hibur jakarta taman hutan mangrove pantai indah kapuk  salah taman kenal jumpa universitas indonesia depok  letak pinggir jakarta  nama hutan kota srengseng  sesuai nama  kawasan wisata letak daerah srengseng kembang jakbar  letak daerah mayor  kebon jeruk rawa buaya  hutan srengseng salah kawasan alam hijua jumpa daerah khusus ibukota jakarta  srengseng sawah ya  beda  hadir taman kota peran sektor alam jakarta alami kembang pesat
79,Taman Spathodea,"Objek Wisata Taman Spathodea di Jagakarsa DKI Jakarta Selatan Jakarta adalah salah satu tempat wisata yang berada di Jl. Kebagusan Raya, Kecamatan Jagakarsa, Kota Jakarta Selatan, Daerah Khusus Ibukota Jakarta, Indonesia. Objek Wisata Taman Spathodea di Jagakarsa DKI Jakarta Selatan Jakarta adalah tempat wisata yang ramai dengan wisatawan pada hari biasa maupun saat liburan. Yang menjadi daya tarik Taman Spathodea memiliki banyak jenis tanaman yang ditanam baik pepohonan dan bunga-bunga yang menghiasi area taman. Ada danau kecil yang berada ditengah taman akan membuat nyaman pengunjung. Banyak Fasilitas umum juga tersedia di Taman Spathodea seperti misalnya lintasan jogging, kolam ikan, outdoor gym, taman bermain untuk anak-anak, toilet, parkiran yang cukup luas dan tempat duduk yang cukup nyaman. Taman Spathodea ini hanya buka mulai pukul 05.00 – 18.00 WIB jadi kalo sudah mulai malam taman ini akan ditutup untuk umum.",Taman Hiburan,Jakarta,0,4.6,https://lh5.googleusercontent.com/p/AF1QipP8VvbndDkAxzeXK8NYxobSSCgUGKumoLbbWbw=w408-h306-k-no,"https://www.google.com/maps/place/Spathodea+Park/@-6.3224179,106.8237087,17z/data=!3m1!4b1!4m6!3m5!1s0x2e69eddc25029361:0x6f4dbaa2a1b356ac!8m2!3d-6.3224179!4d106.8237087!16s%2Fg%2F1yg58n64m?entry=ttu","Taman Spathodea Taman Hiburan Jakarta Objek Wisata Taman Spathodea di Jagakarsa DKI Jakarta Selatan Jakarta adalah salah satu tempat wisata yang berada di Jl. Kebagusan Raya, Kecamatan Jagakarsa, Kota Jakarta Selatan, Daerah Khusus Ibukota Jakarta, Indonesia. Objek Wisata Taman Spathodea di Jagakarsa DKI Jakarta Selatan Jakarta adalah tempat wisata yang ramai dengan wisatawan pada hari biasa maupun saat liburan. Yang menjadi daya tarik Taman Spathodea memiliki banyak jenis tanaman yang ditanam baik pepohonan dan bunga-bunga yang menghiasi area taman. Ada danau kecil yang berada ditengah taman akan membuat nyaman pengunjung. Banyak Fasilitas umum juga tersedia di Taman Spathodea seperti misalnya lintasan jogging, kolam ikan, outdoor gym, taman bermain untuk anak-anak, toilet, parkiran yang cukup luas dan tempat duduk yang cukup nyaman. Taman Spathodea ini hanya buka mulai pukul 05.00 – 18.00 WIB jadi kalo sudah mulai malam taman ini akan ditutup untuk umum.",taman spathodea taman hibur jakarta objek wisata taman spathodea jagakarsa dki jakarta selatan jakarta salah wisata jl  bagus raya  camat jagakarsa  kota jakarta selatan  daerah khusus ibukota jakarta  indonesia  objek wisata taman spathodea jagakarsa dki jakarta selatan jakarta wisata ramai wisatawan libur  daya tarik taman spathodea milik jenis tanam tanam pohon bunga hias area taman  danau tengah taman nyaman unjung  fasilitas sedia taman spathodea lintas jogging  kolam ikan  outdoor gym  taman main anak  toilet  parkir luas duduk nyaman  taman spathodea buka 05 00  18 00 wib kalo malam taman tutup
80,Plaza Indonesia,"Plaza Indonesia diresmikan pada awal tahun 1990, terdiri dari empat lantai pertokoan kelas atas dengan luas 38.050 m2. Pusat perbelanjaan ini terletak di Bundaran Hotel Indonesia, tepatnya pada perantara jalan M.H. Thamrin dan jalan Kebon Kacang Raya di kawasan bisnis utama Jakarta.\nPlaza Indonesia juga dilengkapi dengan hotel Grand Hyatt Jakarta, sebuah hotel bintang lima berlantai 28 yang resmi dibuka juga pada awal tahun 1990. Hotel ini memiliki lebih dari 300 kamar dengan desain modern minimalis, restoran-restoran eksklusif, dan fasilitas yang sangat lengkap.\nPengembangan Plaza Indonesia berlanjut ketika Entertainment X'nter dibuka disebelah gedung yang ada dengan membidik pangsa pasar anak muda. Kedua gedung disambung dengan sebuah jembatan yang dikelilingi toko-toko.\nKini, Plaza Indonesia telah dilengkapi dengan gedung perkantoran The Plaza Office Tower dan apartement The Keraton Grand Hyatt Residences.\nPlaza Indonesia dikembangkan oleh PT Global Land Development Tbk (sebelumnya bernama PT Kridaperdana Indahgraha Tbk).",Pusat Perbelanjaan,Jakarta,0,4.7,https://lh5.googleusercontent.com/p/AF1QipN1QfJNJ-H-3mcjj7O3d7XKvceF1VFtf5zEQ8pO=w408-h306-k-no,"https://www.google.com/maps/place/Plaza+Indonesia/@-6.1935977,106.8219468,17z/data=!3m2!4b1!5s0x2e69f4211614e4ed:0x7aefc330deff9bc0!4m6!3m5!1s0x2e69f42108e6d503:0x7d7fe17ad64a053f!8m2!3d-6.1935977!4d106.8219468!16s%2Fg%2F1wk0b6vz?entry=ttu","Plaza Indonesia Pusat Perbelanjaan Jakarta Plaza Indonesia diresmikan pada awal tahun 1990, terdiri dari empat lantai pertokoan kelas atas dengan luas 38.050 m2. Pusat perbelanjaan ini terletak di Bundaran Hotel Indonesia, tepatnya pada perantara jalan M.H. Thamrin dan jalan Kebon Kacang Raya di kawasan bisnis utama Jakarta.\nPlaza Indonesia juga dilengkapi dengan hotel Grand Hyatt Jakarta, sebuah hotel bintang lima berlantai 28 yang resmi dibuka juga pada awal tahun 1990. Hotel ini memiliki lebih dari 300 kamar dengan desain modern minimalis, restoran-restoran eksklusif, dan fasilitas yang sangat lengkap.\nPengembangan Plaza Indonesia berlanjut ketika Entertainment X'nter dibuka disebelah gedung yang ada dengan membidik pangsa pasar anak muda. Kedua gedung disambung dengan sebuah jembatan yang dikelilingi toko-toko.\nKini, Plaza Indonesia telah dilengkapi dengan gedung perkantoran The Plaza Office Tower dan apartement The Keraton Grand Hyatt Residences.\nPlaza Indonesia dikembangkan oleh PT Global Land Development Tbk (sebelumnya bernama PT Kridaperdana Indahgraha Tbk).",plaza indonesia pusat belanja jakarta plaza indonesia resmi 1990  lantai toko kelas luas 38 050 m2  pusat belanja letak bundar hotel indonesia  tepat antara jalan m h  thamrin jalan kebon kacang raya kawasan bisnis utama jakarta nplaza indonesia lengkap hotel grand hyatt jakarta  hotel bintang lantai 28 resmi buka 1990 hotel milik 300 kamar desain modern minimal  restoran eksklusif  fasilitas lengkap npengembangan plaza indonesia lanjut entertainment x nter buka belah gedung bidik pangsa pasar anak muda  gedung sambung jembatan keliling toko nkini  plaza indonesia lengkap gedung kantor the plaza office tower apartement the keraton grand hyatt residences nplaza indonesia kembang pt global land development tbk  nama pt kridaperdana indahgraha tbk
81,Mall Thamrin City,"Thamrin City atau Thamrin City Mall merupakan pusat perbelanjaan besar yang berada di Jakarta Pusat, yang lokasinya terletak ± 150 meter dari bundaran Hotel Indonesia dan ± 300 meter dari Pasar Tanah Abang, yang tepatnya berada di Jl. Thamrin Boulevard (d/h Kebon Kacang Raya) dengan akses berbagai arah antara lain dari Jl. Thamrin, Jl. Teluk Betung, maupun dari Jl. KH. Mas Mansyur",Pusat Perbelanjaan,Jakarta,0,4.6,https://lh5.googleusercontent.com/p/AF1QipMcyh0DvHGW_h2TB-lum-cjbcjoggaCxSabU0J5=w408-h544-k-no,"https://www.google.com/maps/place/Mall+thamrin+city/@-6.1946293,106.8178229,17z/data=!3m1!4b1!4m6!3m5!1s0x2e69f54e24521d4d:0x6d88d2cf987c6d20!8m2!3d-6.1946293!4d106.8178229!16s%2Fg%2F11jr2kv54z?entry=ttu","Mall Thamrin City Pusat Perbelanjaan Jakarta Thamrin City atau Thamrin City Mall merupakan pusat perbelanjaan besar yang berada di Jakarta Pusat, yang lokasinya terletak ± 150 meter dari bundaran Hotel Indonesia dan ± 300 meter dari Pasar Tanah Abang, yang tepatnya berada di Jl. Thamrin Boulevard (d/h Kebon Kacang Raya) dengan akses berbagai arah antara lain dari Jl. Thamrin, Jl. Teluk Betung, maupun dari Jl. KH. Mas Mansyur",mall thamrin city pusat belanja jakarta thamrin city thamrin city mall pusat belanja jakarta pusat  lokasi letak  150 meter bundar hotel indonesia  300 meter pasar tanah abang  tepat jl  thamrin boulevard  d h kebon kacang raya  akses arah jl  thamrin  jl  teluk betung  jl  kh  mas mansyur
82,Museum Satria Mandala,"Museum Satria Mandala adalah museum sejarah perjuangan Tentara Nasional Indonesia yang terletak di Jalan Gatot Subroto, Jakarta Selatan. Museum yang diresmikan pada tahun 1972 oleh mantan Presiden Indonesia, Soeharto ini awalnya adalah rumah dari salah satu istri mantan Presiden Indonesia, Soekarno, yaitu istrinya yang bernama Ratna Sari Dewi Soekarno. Dalam museum ini dapat ditemui berbagai koleksi peralatan perang di Indonesia, dari masa lampau hingga modern seperti koleksi ranjau, rudal, torpedo, tank, meriam bahkan helikopter dan pesawat terbang (satu di antaranya adalah pesawat Cureng yang pernah diterbangkan oleh Marsekal Udara Agustinus Adisucipto).\nSelain itu museum ini juga menyimpan berbagai macam benda bersejarah yang berkaitan dengan TNI seperti aneka senjata berat maupun ringan, atribut ketentaraan, panji-panji dan lambang-lambang di lingkungan TNI. Selain itu di museum ini dipamerkan juga tandu yang dipergunakan untuk mengusung Panglima Besar Jenderal Soedirman saat dia bergerilya dalam keadaan sakit melawan pendudukan kembali Belanda pada era 1940-an.\nMasih dalam kompleks Museum TNI Satriamandala ini terdapat juga Museum Waspada Purbawisesa yang menampilkan diorama ketika TNI bersama-sama dengan rakyat menumpas gerombolan separatis DI/TII di Jawa Barat, Jawa Tengah, Aceh, Kalimantan Selatan dan Sulawesi Selatan pada era tahun 1960-an. Fasilitas lainnya yang ada di Museum TNI Satriamandala ini antara lain adalah Taman Bacaan Anak, Kios Cenderamata, Kantin serta Gedung Serbaguna yang berkapasitas 600 kursi.",Budaya,Jakarta,5000,4.6,https://lh5.googleusercontent.com/p/AF1QipO_eY6zbpzrNDGHrIdw42ZkZbfe-88dKiVUwb3U=w408-h288-k-no,"https://www.google.com/maps/place/Satriamandala+Museum/@-6.2318286,106.8189439,17z/data=!3m1!4b1!4m6!3m5!1s0x2e69f3e26d094b9f:0x729cef683bf31572!8m2!3d-6.2318286!4d106.8189439!16s%2Fm%2F0k0tdcz?entry=ttu","Museum Satria Mandala Budaya Jakarta Museum Satria Mandala adalah museum sejarah perjuangan Tentara Nasional Indonesia yang terletak di Jalan Gatot Subroto, Jakarta Selatan. Museum yang diresmikan pada tahun 1972 oleh mantan Presiden Indonesia, Soeharto ini awalnya adalah rumah dari salah satu istri mantan Presiden Indonesia, Soekarno, yaitu istrinya yang bernama Ratna Sari Dewi Soekarno. Dalam museum ini dapat ditemui berbagai koleksi peralatan perang di Indonesia, dari masa lampau hingga modern seperti koleksi ranjau, rudal, torpedo, tank, meriam bahkan helikopter dan pesawat terbang (satu di antaranya adalah pesawat Cureng yang pernah diterbangkan oleh Marsekal Udara Agustinus Adisucipto).\nSelain itu museum ini juga menyimpan berbagai macam benda bersejarah yang berkaitan dengan TNI seperti aneka senjata berat maupun ringan, atribut ketentaraan, panji-panji dan lambang-lambang di lingkungan TNI. Selain itu di museum ini dipamerkan juga tandu yang dipergunakan untuk mengusung Panglima Besar Jenderal Soedirman saat dia bergerilya dalam keadaan sakit melawan pendudukan kembali Belanda pada era 1940-an.\nMasih dalam kompleks Museum TNI Satriamandala ini terdapat juga Museum Waspada Purbawisesa yang menampilkan diorama ketika TNI bersama-sama dengan rakyat menumpas gerombolan separatis DI/TII di Jawa Barat, Jawa Tengah, Aceh, Kalimantan Selatan dan Sulawesi Selatan pada era tahun 1960-an. Fasilitas lainnya yang ada di Museum TNI Satriamandala ini antara lain adalah Taman Bacaan Anak, Kios Cenderamata, Kantin serta Gedung Serbaguna yang berkapasitas 600 kursi.",museum satria mandala budaya jakarta museum satria mandala museum sejarah juang tentara nasional indonesia letak jalan gatot subroto  jakarta selatan  museum resmi 1972 mantan presiden indonesia  soeharto rumah salah istri mantan presiden indonesia  soekarno  istri nama ratna sari dewi soekarno  museum temu koleksi alat perang indonesia  lampau modern koleksi ranjau  rudal  torpedo  tank  meriam helikopter pesawat terbang  pesawat cureng terbang marsekal udara agustinus adisucipto  nselain museum simpan benda sejarah kait tni aneka senjata berat ringan  atribut tentara  panji lambang lingkung tni  museum pamer tandu usung panglima jenderal soedirman gerilya sakit lawan duduk belanda era 1940-an nmasih kompleks museum tni satriamandala museum waspada purbawisesa tampil diorama tni rakyat tumpas gerombol separatis di tii jawa barat  jawa  aceh  kalimantan selatan sulawesi selatan era 1960-an  fasilitas museum tni satriamandala taman baca anak  kios cenderamata  kantin gedung serbaguna kapasitas 600 kursi
83,Alive Museum Ancol,"Museum kini tidak hanya menawarkan benda – benda yang bernilai sejarah dan edukatif. Tapi telah disulap menjadi wahana rekreasi seru dengan objek foto yang berbeda. Seperti Alive Museum yang ada di Ancol. Alive Museum menampilkan berbagai seni rupa berupa lukisan 3 dimensi. Dimana pengunjung dapat berfoto dengan latar belakang yang nyata meski hanya dari foto. Dan karena 3 dimensi, tentu foto akan terlihat nyata dengan objeknya.",Taman Hiburan,Jakarta,200000,4.3,https://lh5.googleusercontent.com/p/AF1QipOtTnkvyyCd-pNcztDCOfavuReD9O-JB0xCIO4e=w408-h544-k-no,"https://www.google.com/maps/place/Alive+Museum+Ancol/@-6.1175344,106.857313,17z/data=!3m1!4b1!4m6!3m5!1s0x2e6a1e36949400b5:0xbe33342605e95e06!8m2!3d-6.1175344!4d106.857313!16s%2Fg%2F11ddykqtpd?entry=ttu","Alive Museum Ancol Taman Hiburan Jakarta Museum kini tidak hanya menawarkan benda – benda yang bernilai sejarah dan edukatif. Tapi telah disulap menjadi wahana rekreasi seru dengan objek foto yang berbeda. Seperti Alive Museum yang ada di Ancol. Alive Museum menampilkan berbagai seni rupa berupa lukisan 3 dimensi. Dimana pengunjung dapat berfoto dengan latar belakang yang nyata meski hanya dari foto. Dan karena 3 dimensi, tentu foto akan terlihat nyata dengan objeknya.",alive museum ancol taman hibur jakarta museum tawar benda  benda nila sejarah edukatif  sulap wahana rekreasi seru objek foto beda  alive museum ancol  alive museum tampil seni rupa lukis 3 dimensi  mana unjung foto latar nyata foto  3 dimensi  foto nyata objek
84,Kawasan Kuliner BSM,"Tidak seperti Pecenongan, Kawasan Kuliner BSM buka dari pukul 09:00 hingga 18:00. Berlokasi di Jalan M. H. Thamrin, Jakarta Pusat, Kawasan Kuliner BSM merupakan tempat makan murah favorit warga sekitar serta pelancong. Kawasan kuliner Jakarta ini menghadirkan kios dan warung yang berderet di satu area khusus. Pengunjung bisa menyusuri jalur sempit di antara tiap kios untuk memilih hidangan. Kawasan Kuliner BSM menghadirkan hidangan berat dan makanan ringan. Pengunjung bisa menemukan bakso, nasi goreng, aneka soto, nasi Padang, nasi uduk, pecel, sete, gudeg, gado-gado, dan sebagainya. Ada juga berbagai hidangan ringan dan kue-kue, seperti misalnya donat kentang, jamur goreng, sup buah, kentang goreng, dan beragam gorengan. Pengunjung bisa naik bus Trans Jakarta koridor 1 (Blok M-Kota) hingga ke Halte Bank Indonesia, lalu menyeberang jalan ke dekat gedung Bank Mandiri. Dari sana, Kawasan Kuliner BSM cukup mudah ditemukan.",Pusat Perbelanjaan,Jakarta,0,4.6,https://lh5.googleusercontent.com/p/AF1QipNL1cVbPoGbqYcNRrrCRdbvWAEri1iQHy0nGJpF=w408-h306-k-no,"https://www.google.com/maps/place/iAyam+Geprek+Kawasan+Kuliner+BSM/@-6.1845202,106.8233778,17z/data=!3m1!4b1!4m6!3m5!1s0x2e69f5a5ee31e161:0x863c55c478b0e1c0!8m2!3d-6.1845202!4d106.8233778!16s%2Fg%2F11c1grvw8c?entry=ttu","Kawasan Kuliner BSM Pusat Perbelanjaan Jakarta Tidak seperti Pecenongan, Kawasan Kuliner BSM buka dari pukul 09:00 hingga 18:00. Berlokasi di Jalan M. H. Thamrin, Jakarta Pusat, Kawasan Kuliner BSM merupakan tempat makan murah favorit warga sekitar serta pelancong. Kawasan kuliner Jakarta ini menghadirkan kios dan warung yang berderet di satu area khusus. Pengunjung bisa menyusuri jalur sempit di antara tiap kios untuk memilih hidangan. Kawasan Kuliner BSM menghadirkan hidangan berat dan makanan ringan. Pengunjung bisa menemukan bakso, nasi goreng, aneka soto, nasi Padang, nasi uduk, pecel, sete, gudeg, gado-gado, dan sebagainya. Ada juga berbagai hidangan ringan dan kue-kue, seperti misalnya donat kentang, jamur goreng, sup buah, kentang goreng, dan beragam gorengan. Pengunjung bisa naik bus Trans Jakarta koridor 1 (Blok M-Kota) hingga ke Halte Bank Indonesia, lalu menyeberang jalan ke dekat gedung Bank Mandiri. Dari sana, Kawasan Kuliner BSM cukup mudah ditemukan.",kawasan kuliner bsm pusat belanja jakarta pecenongan  kawasan kuliner bsm buka 09 00 18 00 lokasi jalan m h thamrin  jakarta pusat  kawasan kuliner bsm makan murah favorit warga lancong  kawasan kuliner jakarta hadir kios warung deret area khusus  unjung susur jalur sempit kios pilih hidang  kawasan kuliner bsm hadir hidang berat makan ringan  unjung temu bakso  nasi goreng  aneka soto  nasi padang  nasi uduk  pecel  sete  gudeg  gado   hidang ringan kue  donat kentang  jamur goreng  sup buah  kentang goreng  agam goreng  unjung bus trans jakarta koridor 1  blok m-kota  halte bank indonesia  seberang jalan gedung bank mandiri   kawasan kuliner bsm mudah temu
85,Taman Pintar Yogyakarta,"Taman Pintar Yogyakarta (bahasa Jawa: Hanacaraka,ꦠꦩꦤ꧀​ꦥꦶꦤ꧀ꦠꦂ​ꦔꦪꦺꦴꦒꦾꦏꦂꦠ, Taman Pintar Ngayogyakarta) adalah wahana wisata yang terdapat di pusat Kota Yogyakarta, tepatnya di Jalan Panembahan Senopati No. 1-3, Yogyakarta, di kawasan Benteng Vredeburg. Taman ini memadukan tempat wisata rekreasi maupun edukasi dalam satu lokasi. Taman Pintar memiliki arena bermain sekaligus sarana edukasi yang terbagi dalam beberapa zona. Akses langsung kepada pusat buku eks Shopping Centre juga menambah nilai lebih Taman Pintar. Tempat rekreasi ini sangat baik untuk anak-anak pada masa perkembangan.\nBeberapa tahun ini Taman Pintar menjadi alternatif tempat berwisata bagi masyarakat Yogyakarta maupun luar kota.Taman ini, khususnya pada wahana pendidikan anak usia dini dilengkapi dengan teknologi interaktif digital serta pemetaan video yang akan memacu imajinasi anak serta ketertarikan mereka terhadap teknologi. Pada saat ini ada 35 zona dan 3.500 alat peraga permainan yang edukatif.",Taman Hiburan,Yogyakarta,6000,4.5,https://lh5.googleusercontent.com/p/AF1QipPRAAuWmpZGGTSnXF-n20KJCzJ1DFs5k4y3QrfC=w408-h306-k-no,"https://www.google.com/maps/place/Taman+Pintar+Yogyakarta/@-7.8006715,110.3676551,17z/data=!3m1!4b1!4m6!3m5!1s0x2e7a57860f2fb9af:0xa9f6007074b62dd8!8m2!3d-7.8006715!4d110.3676551!16s%2Fm%2F0y6kq2z?entry=ttu","Taman Pintar Yogyakarta Taman Hiburan Yogyakarta Taman Pintar Yogyakarta (bahasa Jawa: Hanacaraka,ꦠꦩꦤ꧀​ꦥꦶꦤ꧀ꦠꦂ​ꦔꦪꦺꦴꦒꦾꦏꦂꦠ, Taman Pintar Ngayogyakarta) adalah wahana wisata yang terdapat di pusat Kota Yogyakarta, tepatnya di Jalan Panembahan Senopati No. 1-3, Yogyakarta, di kawasan Benteng Vredeburg. Taman ini memadukan tempat wisata rekreasi maupun edukasi dalam satu lokasi. Taman Pintar memiliki arena bermain sekaligus sarana edukasi yang terbagi dalam beberapa zona. Akses langsung kepada pusat buku eks Shopping Centre juga menambah nilai lebih Taman Pintar. Tempat rekreasi ini sangat baik untuk anak-anak pada masa perkembangan.\nBeberapa tahun ini Taman Pintar menjadi alternatif tempat berwisata bagi masyarakat Yogyakarta maupun luar kota.Taman ini, khususnya pada wahana pendidikan anak usia dini dilengkapi dengan teknologi interaktif digital serta pemetaan video yang akan memacu imajinasi anak serta ketertarikan mereka terhadap teknologi. Pada saat ini ada 35 zona dan 3.500 alat peraga permainan yang edukatif.",taman pintar yogyakarta taman hibur yogyakarta taman pintar yogyakarta  bahasa jawa  hanacaraka    taman pintar ngayogyakarta  wahana wisata pusat kota yogyakarta  tepat jalan panembahan senopati no  1-3  yogyakarta  kawasan benteng vredeburg  taman madu wisata rekreasi edukasi lokasi  taman pintar milik arena main sarana edukasi bagi zona  akses langsung pusat buku eks shopping centre tambah nilai taman pintar  rekreasi anak kembang nbeberapa taman pintar alternatif wisata masyarakat yogyakarta kota taman  wahana didik anak usia lengkap teknologi interaktif digital meta video pacu imajinasi anak tari teknologi  35 zona 3 500 alat aga main edukatif
86,Keraton Yogyakarta,"Keraton Ngayogyakarta Hadiningrat atau Keraton Yogyakarta (bahasa Jawa: ꦏꦫꦠꦺꦴꦤ꧀​ꦔꦪꦺꦴꦒꦾꦏꦂꦠ​ꦲꦢꦶꦤꦶꦔꦿꦠ꧀, translit. Karaton Ngayogyakarta Hadiningrat) merupakan istana resmi Kesultanan Ngayogyakarta Hadiningrat yang kini berlokasi di Kota Yogyakarta. Keraton ini didirikan oleh Sri Sultan Hamengkubuwana I pada tahun 1755 sebagai Istana/Keraton Yogyakarta yang baru berdiri akibat perpecahan Mataram Islam dengan adanya Perjanjian Giyanti. Keraton ini adalah pecahan dari Keraton Surakarta Hadiningrat dari Kesunanan Surakarta (Kerajaan Surakarta). Sehingga dinasti Mataram diteruskan oleh 2 Kerajaan yakni Kesultanan Yogyakarta dan Kesunanan Surakarta. Total luas wilayah keseluruhan keraton yogyakarta mencapai 184 hektar, yakni meliputi seluruh area di dalam benteng Baluwarti, alun-alun Lor, alun-alun Kidul, gapura Gladak, dan kompleks Masjid Gedhe Yogyakarta. Sementara luas dari kedhaton (inti keraton) mencapai 13 hektar. Walaupun Kesultanan Yogyakarta secara resmi telah menjadi bagian Republik Indonesia pada tahun 1945, kompleks bangunan keraton ini masih berfungsi sebagai tempat tinggal sultan dan rumah tangga istananya yang masih menjalankan tradisi kesultanan hingga saat ini. Keraton ini kini juga merupakan salah satu objek wisata di Kota Yogyakarta. Sebagian kompleks keraton merupakan museum yang menyimpan berbagai koleksi milik kesultanan, termasuk berbagai pemberian dari raja-raja Eropa, replika pusaka keraton, dan gamelan. Dari segi bangunannya, keraton ini merupakan salah satu contoh arsitektur istana Jawa yang terbaik, memiliki balairung-balairung mewah dan lapangan serta paviliun yang luas.",Budaya,Yogyakarta,15000,4.6,https://lh5.googleusercontent.com/p/AF1QipND8D1rsAt3wWXg0iSWkYjHUTSBmddSHKHBVEfP=w408-h544-k-no,"https://www.google.com/maps/place/Keraton+Ngayogyakarta+Hadiningrat/@-7.8052845,110.3642031,17z/data=!3m1!4b1!4m6!3m5!1s0x2e7a5796db06c7ef:0x395271cf052b276c!8m2!3d-7.8052845!4d110.3642031!16s%2Fm%2F0vb3k_5?entry=ttu","Keraton Yogyakarta Budaya Yogyakarta Keraton Ngayogyakarta Hadiningrat atau Keraton Yogyakarta (bahasa Jawa: ꦏꦫꦠꦺꦴꦤ꧀​ꦔꦪꦺꦴꦒꦾꦏꦂꦠ​ꦲꦢꦶꦤꦶꦔꦿꦠ꧀, translit. Karaton Ngayogyakarta Hadiningrat) merupakan istana resmi Kesultanan Ngayogyakarta Hadiningrat yang kini berlokasi di Kota Yogyakarta. Keraton ini didirikan oleh Sri Sultan Hamengkubuwana I pada tahun 1755 sebagai Istana/Keraton Yogyakarta yang baru berdiri akibat perpecahan Mataram Islam dengan adanya Perjanjian Giyanti. Keraton ini adalah pecahan dari Keraton Surakarta Hadiningrat dari Kesunanan Surakarta (Kerajaan Surakarta). Sehingga dinasti Mataram diteruskan oleh 2 Kerajaan yakni Kesultanan Yogyakarta dan Kesunanan Surakarta. Total luas wilayah keseluruhan keraton yogyakarta mencapai 184 hektar, yakni meliputi seluruh area di dalam benteng Baluwarti, alun-alun Lor, alun-alun Kidul, gapura Gladak, dan kompleks Masjid Gedhe Yogyakarta. Sementara luas dari kedhaton (inti keraton) mencapai 13 hektar. Walaupun Kesultanan Yogyakarta secara resmi telah menjadi bagian Republik Indonesia pada tahun 1945, kompleks bangunan keraton ini masih berfungsi sebagai tempat tinggal sultan dan rumah tangga istananya yang masih menjalankan tradisi kesultanan hingga saat ini. Keraton ini kini juga merupakan salah satu objek wisata di Kota Yogyakarta. Sebagian kompleks keraton merupakan museum yang menyimpan berbagai koleksi milik kesultanan, termasuk berbagai pemberian dari raja-raja Eropa, replika pusaka keraton, dan gamelan. Dari segi bangunannya, keraton ini merupakan salah satu contoh arsitektur istana Jawa yang terbaik, memiliki balairung-balairung mewah dan lapangan serta paviliun yang luas.",keraton yogyakarta budaya yogyakarta keraton ngayogyakarta hadiningrat keraton yogyakarta  bahasa jawa    translit  karaton ngayogyakarta hadiningrat  istana resmi sultan ngayogyakarta hadiningrat lokasi kota yogyakarta  keraton diri sri sultan hamengkubuwana i 1755 istana keraton yogyakarta diri akibat pecah mataram islam janji giyanti  keraton pecah keraton surakarta hadiningrat sunan surakarta  raja surakarta   dinasti mataram terus 2 raja sultan yogyakarta sunan surakarta  total luas wilayah keraton yogyakarta capai 184 hektar  liput area benteng baluwarti  alun lor  alun kidul  gapura gladak  kompleks masjid gedhe yogyakarta  luas kedhaton  inti keraton  capai 13 hektar  sultan yogyakarta resmi republik indonesia 1945  kompleks bangun keraton fungsi tinggal sultan rumah tangga istana jalan tradisi sultan  keraton salah objek wisata kota yogyakarta  kompleks keraton museum simpan koleksi milik sultan  beri raja eropa  replika pusaka keraton  gamelan  segi bangun  keraton salah contoh arsitektur istana jawa baik  milik balairung mewah lapang paviliun luas
87,Sindu Kusuma Edupark (SKE),"Sindu Kusuma Edupark (SKE) merupakan sebuah destinasi rekreasi yang terletak di Jogjakarta. Di tujuh hektar kawasan taman yang selesai dibangun tahun 2014 ini, terdapat bermacam-macam wahana, baik wahana bermain maupun wahana belajar yang bisa dinikmati oleh semua anggota keluarga. Wahana yang paling terkenal dari SKE adalah bianglalanya, yang merupakan sebuah wahana bermain sekaligus ikon SKE sendiri. Bila Singapore memiliki Flyer setinggi 165 meter, sementara Malaysia punya Eye setinggi 88 meter, dan di Thailand ada Asiatique setinggi 60 meter, Indonesia memiliki Cakra Manggilingan dengan tinggi 48 meter. Di tingkat Asia Tenggara, bianglala ini memang mesti berpuas diri duduk di peringkat keenam sebagai bianglala tertinggi, tetapi di tingkat nasional, ia duduk di peringkat pertama.",Taman Hiburan,Yogyakarta,20000,4.2,https://lh5.googleusercontent.com/p/AF1QipMQimVfjETWFCYXhzNDuNef6mEQpwNQgBWvkgi7=w408-h541-k-no,"https://www.google.com/maps/place/Sindu+Kusuma+Edupark+(SKE)/@-7.7678784,110.3545667,17z/data=!3m1!4b1!4m6!3m5!1s0x2e7a584281200f8b:0xeed0884f4b2272a8!8m2!3d-7.7678784!4d110.3545667!16s%2Fg%2F11b6vc54pq?entry=ttu","Sindu Kusuma Edupark (SKE) Taman Hiburan Yogyakarta Sindu Kusuma Edupark (SKE) merupakan sebuah destinasi rekreasi yang terletak di Jogjakarta. Di tujuh hektar kawasan taman yang selesai dibangun tahun 2014 ini, terdapat bermacam-macam wahana, baik wahana bermain maupun wahana belajar yang bisa dinikmati oleh semua anggota keluarga. Wahana yang paling terkenal dari SKE adalah bianglalanya, yang merupakan sebuah wahana bermain sekaligus ikon SKE sendiri. Bila Singapore memiliki Flyer setinggi 165 meter, sementara Malaysia punya Eye setinggi 88 meter, dan di Thailand ada Asiatique setinggi 60 meter, Indonesia memiliki Cakra Manggilingan dengan tinggi 48 meter. Di tingkat Asia Tenggara, bianglala ini memang mesti berpuas diri duduk di peringkat keenam sebagai bianglala tertinggi, tetapi di tingkat nasional, ia duduk di peringkat pertama.",sindu kusuma edupark  ske  taman hibur yogyakarta sindu kusuma edupark  ske  destinasi rekreasi letak jogjakarta  tujuh hektar kawasan taman selesai bangun 2014  wahana  wahana main wahana ajar nikmat anggota keluarga  wahana kenal ske bianglala  wahana main ikon ske  singapore milik flyer 165 meter  malaysia eye 88 meter  thailand asiatique 60 meter  indonesia milik cakra manggilingan 48 meter  tingkat asia tenggara  bianglala mesti puas duduk peringkat enam bianglala tinggi  tingkat nasional  duduk peringkat
88,Museum Benteng Vredeburg Yogyakarta,"Museum Benteng Vredeburg (bahasa Jawa: ꦩꦸꦱꦶꦪꦸꦩ꧀​ꦧꦺꦠꦺꦁ​ꦮ꦳ꦽꦢꦼꦧꦸꦂꦒ꧀, translit. Musiyum Bètèng Vredeburg adalah sebuah benteng yang terletak di depan Gedung Agung dan Kraton Kesultanan Yogyakarta. Sekarang, benteng ini menjadi sebuah museum. Di sejumlah bangunan di dalam benteng ini terdapat diorama mengenai sejarah Indonesia.",Budaya,Yogyakarta,3000,4.6,https://lh5.googleusercontent.com/p/AF1QipPxuysUH7z2DyMMfcb4SmWLjgR9sYNR_UGhUsgT=w426-h240-k-no,"https://www.google.com/maps/place/Vredeburg+Museum/@-7.800293,110.3661642,17z/data=!3m1!4b1!4m6!3m5!1s0x2e7a5788c0b3eecf:0xb9611ce0232a9ff8!8m2!3d-7.800293!4d110.3661642!16zL20vMGJyZmY4?entry=ttu","Museum Benteng Vredeburg Yogyakarta Budaya Yogyakarta Museum Benteng Vredeburg (bahasa Jawa: ꦩꦸꦱꦶꦪꦸꦩ꧀​ꦧꦺꦠꦺꦁ​ꦮ꦳ꦽꦢꦼꦧꦸꦂꦒ꧀, translit. Musiyum Bètèng Vredeburg adalah sebuah benteng yang terletak di depan Gedung Agung dan Kraton Kesultanan Yogyakarta. Sekarang, benteng ini menjadi sebuah museum. Di sejumlah bangunan di dalam benteng ini terdapat diorama mengenai sejarah Indonesia.",museum benteng vredeburg yogyakarta budaya yogyakarta museum benteng vredeburg  bahasa jawa    translit  musiyum b t ng vredeburg benteng letak gedung agung kraton sultan yogyakarta   benteng museum  bangun benteng diorama sejarah indonesia
89,De Mata Museum Jogja,"Museum De Mata merupakan salah satu museum yang berisi lukisan 3D terbanyak di dunia. Jumlah lukisannya sekitar 120 dan setiap lukisan memiliki konsep dengan latar belakang yang terlihat seperti nyata. Ada beberapa ukuran lukisan yang ada di Museum De Mata dari ukuran biasa sampai mencapai 5 meter. Ada beberapa macam kategori lukisannya yaitu ornament, lanscape, olahraga, tokoh-tokoh terkenal, superhero, sampai lukisan sirkus. Museum ini didirikan untuk masyarakat menghabiskan liburan dengan menambah pengetahuan. Museum ini menawarkan banyak lukisan-lukisan yang unik misalnya terdapat lukisan dimana anda dapat merasakan keseruan berjalan di atas jembatan kayu yang dibawahnya terdapat jurang yang curam Atau berjuang untuk memadamkan semburanapi panas ari mulut naga, lukisan tersebut tampak seolah-olah nyata. Semua itu terdapat di dalam museum De Mata dengan hasil efek yang menipu mata.",Budaya,Yogyakarta,50000,4.4,https://lh5.googleusercontent.com/p/AF1QipMeU3_8fTvCbBuvmK5qbSYi4Vcjgm4cynZZV_-u=w408-h262-k-no,"https://www.google.com/maps/place/De+Mata+Trick+Eye+Museum/@-7.8163156,110.3871442,17z/data=!3m1!4b1!4m6!3m5!1s0x2e7a570cd99720e1:0x93c125605f67d153!8m2!3d-7.8163156!4d110.3871442!16s%2Fg%2F11b6gjh4bl?entry=ttu","De Mata Museum Jogja Budaya Yogyakarta Museum De Mata merupakan salah satu museum yang berisi lukisan 3D terbanyak di dunia. Jumlah lukisannya sekitar 120 dan setiap lukisan memiliki konsep dengan latar belakang yang terlihat seperti nyata. Ada beberapa ukuran lukisan yang ada di Museum De Mata dari ukuran biasa sampai mencapai 5 meter. Ada beberapa macam kategori lukisannya yaitu ornament, lanscape, olahraga, tokoh-tokoh terkenal, superhero, sampai lukisan sirkus. Museum ini didirikan untuk masyarakat menghabiskan liburan dengan menambah pengetahuan. Museum ini menawarkan banyak lukisan-lukisan yang unik misalnya terdapat lukisan dimana anda dapat merasakan keseruan berjalan di atas jembatan kayu yang dibawahnya terdapat jurang yang curam Atau berjuang untuk memadamkan semburanapi panas ari mulut naga, lukisan tersebut tampak seolah-olah nyata. Semua itu terdapat di dalam museum De Mata dengan hasil efek yang menipu mata.",de mata museum jogja budaya yogyakarta museum de mata salah museum isi lukis 3d dunia  lukis 120 lukis milik konsep latar nyata  ukur lukis museum de mata ukur capai 5 meter  kategori lukis ornament  lanscape  olahraga  tokoh kenal  superhero  lukis sirkus  museum diri masyarakat habis libur tambah tahu  museum tawar lukis unik lukis mana rasa seru jalan jembatan kayu bawah jurang curam juang madam semburanapi panas ari mulut naga  lukis nyata  museum de mata hasil efek tipu mata
90,Kampung Wisata Taman Sari,"Taman Sari Yogyakarta atau Taman Sari Keraton Yogyakarta (Hanacaraka:ꦠꦩꦤ꧀ꦱꦫꦶꦔꦪꦺꦴꦒꦾꦏꦂꦡ, Tamansari Ngayogyakarta) adalah situs bekas taman atau kebun istana Keraton Ngayogyakarta Hadiningrat, yang dapat dibandingkan dengan Kebun Raya Bogor sebagai kebun Istana Bogor. Kebun ini dibangun pada zaman Sultan Hamengku Buwono I (HB I) pada tahun 1758-1765/9. Awalnya, taman yang mendapat sebutan ""The Fragrant Garden"" ini memiliki luas lebih dari 10 hektare dengan sekitar 57 bangunan baik berupa gedung, kolam pemandian, jembatan gantung, kanal air, maupun danau buatan beserta pulau buatan dan lorong bawah air. Kebun yang digunakan secara efektif antara 1765-1812 ini pada mulanya membentang dari barat daya kompleks Kedhaton sampai tenggara kompleks Magangan. Namun saat ini, sisa-sisa bagian Taman Sari yang dapat dilihat hanyalah yang berada di barat daya kompleks Kedhaton saja.",Taman Hiburan,Yogyakarta,5000,4.6,https://lh5.googleusercontent.com/p/AF1QipNt6bMVByhmqei02ytNjja2J7ty-Jjv8g8nlA2g=w408-h543-k-no,"https://www.google.com/maps/place/Taman+Sari/@-7.8099788,110.3589907,17z/data=!3m1!4b1!4m6!3m5!1s0x2e7a5793d0c2cf2b:0x276a21f8a01cbe13!8m2!3d-7.8099788!4d110.3589907!16s%2Fm%2F0b6gg2m?entry=ttu","Kampung Wisata Taman Sari Taman Hiburan Yogyakarta Taman Sari Yogyakarta atau Taman Sari Keraton Yogyakarta (Hanacaraka:ꦠꦩꦤ꧀ꦱꦫꦶꦔꦪꦺꦴꦒꦾꦏꦂꦡ, Tamansari Ngayogyakarta) adalah situs bekas taman atau kebun istana Keraton Ngayogyakarta Hadiningrat, yang dapat dibandingkan dengan Kebun Raya Bogor sebagai kebun Istana Bogor. Kebun ini dibangun pada zaman Sultan Hamengku Buwono I (HB I) pada tahun 1758-1765/9. Awalnya, taman yang mendapat sebutan ""The Fragrant Garden"" ini memiliki luas lebih dari 10 hektare dengan sekitar 57 bangunan baik berupa gedung, kolam pemandian, jembatan gantung, kanal air, maupun danau buatan beserta pulau buatan dan lorong bawah air. Kebun yang digunakan secara efektif antara 1765-1812 ini pada mulanya membentang dari barat daya kompleks Kedhaton sampai tenggara kompleks Magangan. Namun saat ini, sisa-sisa bagian Taman Sari yang dapat dilihat hanyalah yang berada di barat daya kompleks Kedhaton saja.",kampung wisata taman sari taman hibur yogyakarta taman sari yogyakarta taman sari keraton yogyakarta  hanacaraka    tamansari ngayogyakarta  situs bekas taman kebun istana keraton ngayogyakarta hadiningrat  banding kebun raya bogor kebun istana bogor  kebun bangun zaman sultan hamengku buwono i  hb i  1758-1765 9   taman sebut  the fragrant garden  milik luas 10 hektare 57 bangun gedung  kolam mandi  jembatan gantung  kanal air  danau buat serta pulau buat lorong air  kebun efektif 1765-1812 bentang barat daya kompleks kedhaton tenggara kompleks magang   sisa taman sari barat daya kompleks kedhaton
91,Situs Warungboto,"Situs Warungboto atau Pesanggrahan Rejawinangun adalah salah satu bangunan cagar budaya yang terletak di Jalan Veteran No.77, Kelurahan Warungboto, Kecamatan Umbulharjo, Kota Yogyakarta, Daerah Istimewa Yogyakarta. Pada awalnya, situs ini merupakan lokasi sebuah pesanggrahan dan pemandian.",Taman Hiburan,Yogyakarta,0,4.4,https://lh5.googleusercontent.com/p/AF1QipMweIfmCm5o5KlY4BSRBiRKq_0oBE03QFifDET0=w408-h306-k-no,"https://www.google.com/maps/place/Situs+Warungboto/@-7.8101941,110.3932803,17z/data=!3m1!4b1!4m6!3m5!1s0x2e7a576dd45f6243:0x47c4825dd428cf01!8m2!3d-7.8101941!4d110.3932803!16s%2Fg%2F11h5rqc5md?entry=ttu","Situs Warungboto Taman Hiburan Yogyakarta Situs Warungboto atau Pesanggrahan Rejawinangun adalah salah satu bangunan cagar budaya yang terletak di Jalan Veteran No.77, Kelurahan Warungboto, Kecamatan Umbulharjo, Kota Yogyakarta, Daerah Istimewa Yogyakarta. Pada awalnya, situs ini merupakan lokasi sebuah pesanggrahan dan pemandian.",situs warungboto taman hibur yogyakarta situs warungboto pesanggrahan rejawinangun salah bangun cagar budaya letak jalan veteran no 77  lurah warungboto  camat umbulharjo  kota yogyakarta  daerah istimewa yogyakarta   situs lokasi pesanggrahan mandi
92,Nol Kilometer Jl.Malioboro,"Walaupun hanyalah sebuah persimpangan, namun persimpangan Titik 0 km ini bukanlah sebuah persimpangan biasa. Karena di persimpangan ini bisa dibilang sebagai titik tengah kota Jogja karena lokasinya yang benar-benar di depan Keraton Yogyakarta sebagai pendiri daerah yang istimewa ini. Terlebih lagi di sebelah utaranya adalah pusat keramaian wisata Jogja yaitu Jalan Malioboro, sehingga jika anda sedang nongkrong di persimpangan Titik Nol Kilometer ini benar-benar merasakan titik tengah Jogja yang begitu syahdu. Titik 0 Kilometer Yogyakarta memang tempat favorit wisatawan untuk menghabiskan waktu, terlebih pada sore hari dan malam hari yang setiap hari selalu ramai disesaki oleh para wisatawan yang sekedar hanya untuk nongkrong di dudukan yang banyak disediakan di sekitar perempatan.",Taman Hiburan,Yogyakarta,0,4.7,https://lh5.googleusercontent.com/p/AF1QipMMLhun9fE-K4yg82IirCisQOABidfFSlJ6-Z2b=w408-h271-k-no,"https://www.google.com/maps/place/Jl.+Malioboro,+Sosromenduran,+Gedong+Tengen,+Kota+Yogyakarta,+Daerah+Istimewa+Yogyakarta/@-7.7926566,110.3658454,17z/data=!3m1!4b1!4m6!3m5!1s0x2e7a5825fa6106c5:0x3ea4c521a5ed1133!8m2!3d-7.7926566!4d110.3658454!16zL20vMDltM2tu?entry=ttu","Nol Kilometer Jl.Malioboro Taman Hiburan Yogyakarta Walaupun hanyalah sebuah persimpangan, namun persimpangan Titik 0 km ini bukanlah sebuah persimpangan biasa. Karena di persimpangan ini bisa dibilang sebagai titik tengah kota Jogja karena lokasinya yang benar-benar di depan Keraton Yogyakarta sebagai pendiri daerah yang istimewa ini. Terlebih lagi di sebelah utaranya adalah pusat keramaian wisata Jogja yaitu Jalan Malioboro, sehingga jika anda sedang nongkrong di persimpangan Titik Nol Kilometer ini benar-benar merasakan titik tengah Jogja yang begitu syahdu. Titik 0 Kilometer Yogyakarta memang tempat favorit wisatawan untuk menghabiskan waktu, terlebih pada sore hari dan malam hari yang setiap hari selalu ramai disesaki oleh para wisatawan yang sekedar hanya untuk nongkrong di dudukan yang banyak disediakan di sekitar perempatan.",nol kilometer jl malioboro taman hibur yogyakarta simpang  simpang titik 0 km simpang  simpang bilang titik kota jogja lokasi benar keraton yogyakarta diri daerah istimewa  belah utara pusat ramai wisata jogja jalan malioboro  nongkrong simpang titik nol kilometer benar rasa titik jogja syahdu  titik 0 kilometer yogyakarta favorit wisatawan habis  sore malam ramai saki wisatawan dar nongkrong duduk sedia empat
93,Gembira Loka Zoo,"Kebun Binatang Gembira Loka biasa disebut Gembira Loka Zoo (disingkat GL Zoo, bahasa Jawa: ꦏꦼꦧꦺꦴꦤ꧀​ꦫꦗ​ꦒꦼꦩ꧀ꦧꦶꦫ​ꦭꦺꦴꦏ, translit. Kêbon Raja Gêmbira Loka) adalah kebun binatang yang berada di Kota Yogyakarta. Berisi berbagai macam spesies dari belahan dunia, seperti orang utan, gajah asia, simpanse, harimau, dan lain sebagainya. Kebun Binatang Gembira Loka menjadi daya tarik tersendiri bagi para wisatawan Yogyakarta. Gembira Loka Zoo sempat rusak parah akibat gempa bumi Yogyakarta tahun 2006. Tetapi, setelah direnovasi Kebun Binatang Gembira Loka tetap dicari para wisatawan.",Cagar Alam,Yogyakarta,60000,4.5,https://lh5.googleusercontent.com/p/AF1QipN_ZDFzdRK5l9xD37AQueOgiz9qRX06n_IA7IVA=w408-h272-k-no,"https://www.google.com/maps/place/Gembira+Loka+Zoo/@-7.8040165,110.397994,17z/data=!3m1!4b1!4m6!3m5!1s0x2e7a57196b21a901:0x77e3f6112577fb0f!8m2!3d-7.8040165!4d110.397994!16s%2Fm%2F0130d2nz?entry=ttu","Gembira Loka Zoo Cagar Alam Yogyakarta Kebun Binatang Gembira Loka biasa disebut Gembira Loka Zoo (disingkat GL Zoo, bahasa Jawa: ꦏꦼꦧꦺꦴꦤ꧀​ꦫꦗ​ꦒꦼꦩ꧀ꦧꦶꦫ​ꦭꦺꦴꦏ, translit. Kêbon Raja Gêmbira Loka) adalah kebun binatang yang berada di Kota Yogyakarta. Berisi berbagai macam spesies dari belahan dunia, seperti orang utan, gajah asia, simpanse, harimau, dan lain sebagainya. Kebun Binatang Gembira Loka menjadi daya tarik tersendiri bagi para wisatawan Yogyakarta. Gembira Loka Zoo sempat rusak parah akibat gempa bumi Yogyakarta tahun 2006. Tetapi, setelah direnovasi Kebun Binatang Gembira Loka tetap dicari para wisatawan.",gembira loka zoo cagar alam yogyakarta kebun binatang gembira loka gembira loka zoo  singkat gl zoo  bahasa jawa    translit  k bon raja g mbira loka  kebun binatang kota yogyakarta  isi spesies bahan dunia  orang utan  gajah asia  simpanse  harimau   kebun binatang gembira loka daya tarik sendiri wisatawan yogyakarta  gembira loka zoo rusak parah akibat gempa bumi yogyakarta 2006  renovasi kebun binatang gembira loka cari wisatawan
94,Sumur Gumuling,Sumur Gumuling adalah salah satu tempat untuk ibadah atau kegiatan agama pada masa lalu. Sumur Gumuling merupakan masjid pada zaman pemerintahan Sri Sultan Hamengkubuwana I dan II.,Taman Hiburan,Yogyakarta,7000,2.9,https://lh5.googleusercontent.com/p/AF1QipPane3dP3BQ4Ja1wsYTB23gaHxE9BrAeRB3ICPu=w408-h538-k-no,"https://www.google.com/maps/place/Sumur+Gumuling+-+the+underground+mosque+in+the+Water+Castle/@-7.8088303,110.3592126,17z/data=!3m1!4b1!4m6!3m5!1s0x2e7a57250f35a095:0x94238e77dae33aa6!8m2!3d-7.8088303!4d110.3592126!16s%2Fg%2F11t31sjjyz?entry=ttu",Sumur Gumuling Taman Hiburan Yogyakarta Sumur Gumuling adalah salah satu tempat untuk ibadah atau kegiatan agama pada masa lalu. Sumur Gumuling merupakan masjid pada zaman pemerintahan Sri Sultan Hamengkubuwana I dan II.,sumur gumuling taman hibur yogyakarta sumur gumuling salah ibadah giat agama  sumur gumuling masjid zaman perintah sri sultan hamengkubuwana i ii
95,Desa Wisata Sungai Code Jogja Kota,"Kampung Code berada di Kelurahan Kotabaru, Kecamatan Gondokusuman Kota Yogyakarta. Lokasi persisnya ada di RT 01/RW 01 di sebelah selatan jembatan Gondolayu di Jl Jenderal Sudirman atau di sebelah timur bantaran Kali Code yang membelah Kota Yogyakarta. Kampung Code terletak persis di bantaran Kali Code yang memanjang ke arah selatan dengan kontur tanah bertebing dari atas ke bawah. Di bagian atas yang mepet Jl Faridan M. Noto sebagian besar digunakan warga untuk usaha jasa/jual beli ban mobil. Sedangkan di bagian bawah menjadi tempat pemukiman warga. Kampung Code yang tadinya kampung biasa, menjelma menjadi sebuah karya seni berkat jasa seorang arsitek sekaligus pemuka agama katolik, Romo YB Manguwijaya.",Taman Hiburan,Yogyakarta,0,5,https://lh5.googleusercontent.com/p/AF1QipPlYtqY1LHNR6F8wCJyQmkShzzWxIsqGQWyFn6n=w408-h271-k-no,"https://www.google.com/maps/place/Desa+Wisata+Sungai+Code+Jogja+Kota/@-7.8229089,110.3756894,17z/data=!3m1!4b1!4m6!3m5!1s0x2e7a57a8934200db:0xb78e33e22bb6ee86!8m2!3d-7.8229089!4d110.3756894!16s%2Fg%2F11h2gwpb96?entry=ttu","Desa Wisata Sungai Code Jogja Kota Taman Hiburan Yogyakarta Kampung Code berada di Kelurahan Kotabaru, Kecamatan Gondokusuman Kota Yogyakarta. Lokasi persisnya ada di RT 01/RW 01 di sebelah selatan jembatan Gondolayu di Jl Jenderal Sudirman atau di sebelah timur bantaran Kali Code yang membelah Kota Yogyakarta. Kampung Code terletak persis di bantaran Kali Code yang memanjang ke arah selatan dengan kontur tanah bertebing dari atas ke bawah. Di bagian atas yang mepet Jl Faridan M. Noto sebagian besar digunakan warga untuk usaha jasa/jual beli ban mobil. Sedangkan di bagian bawah menjadi tempat pemukiman warga. Kampung Code yang tadinya kampung biasa, menjelma menjadi sebuah karya seni berkat jasa seorang arsitek sekaligus pemuka agama katolik, Romo YB Manguwijaya.",desa wisata sungai code jogja kota taman hibur yogyakarta kampung code lurah kotabaru  camat gondokusuman kota yogyakarta  lokasi persis rt 01 rw 01 belah selatan jembatan gondolayu jl jenderal sudirman belah timur bantaran kali code belah kota yogyakarta  kampung code letak persis bantaran kali code panjang arah selatan kontur tanah tebing  mepet jl faridan m noto warga usaha jasa jual beli ban mobil  mukim warga  kampung code kampung  jelma karya seni berkat jasa arsitek muka agama katolik  romo yb manguwijaya
96,Alun Alun Selatan Yogyakarta,"Alun-alun Selatan atau yang sekarang lebih dikenal sebagai Alun-alun Kidul (Alkid) yaitu alun-alun yang terletak di sebelah selatan karaton Yogyakarta. Alun-alun ini berbentuk tanah lapang luas berpasir, dengan luas sekitar 160m x 160 m. Alun-alun ini dikelilingi pagar tembok batu bata setinggi 2,20 m, tebal pagar tembok 30 cm, sudah banyak yang runtuh dan rusak. Adapun pagar tembok yang dapat disaksikan sekarang adalah pagar tembok baru, yang dibangun oleh Sri Sultan Hamengkubuwono ke VII pada masa pemerintahannya tahun 1877 -1921 M.",Taman Hiburan,Yogyakarta,0,4.7,https://lh5.googleusercontent.com/p/AF1QipP9tlUUSO7nvMxp2JDm8F8Yj767OLSWrU4htQg4=w426-h240-k-no,"https://www.google.com/maps/place/Alun-Alun+Kidul+Yogyakarta/@-7.8118782,110.3632054,17z/data=!3m1!4b1!4m6!3m5!1s0x2e7a5739525ede4d:0x1759713f6a304135!8m2!3d-7.8118782!4d110.3632054!16s%2Fg%2F11hdq9v6s5?entry=ttu","Alun Alun Selatan Yogyakarta Taman Hiburan Yogyakarta Alun-alun Selatan atau yang sekarang lebih dikenal sebagai Alun-alun Kidul (Alkid) yaitu alun-alun yang terletak di sebelah selatan karaton Yogyakarta. Alun-alun ini berbentuk tanah lapang luas berpasir, dengan luas sekitar 160m x 160 m. Alun-alun ini dikelilingi pagar tembok batu bata setinggi 2,20 m, tebal pagar tembok 30 cm, sudah banyak yang runtuh dan rusak. Adapun pagar tembok yang dapat disaksikan sekarang adalah pagar tembok baru, yang dibangun oleh Sri Sultan Hamengkubuwono ke VII pada masa pemerintahannya tahun 1877 -1921 M.",alun alun selatan yogyakarta taman hibur yogyakarta alun selatan kenal alun kidul  alkid  alun letak belah selatan karaton yogyakarta  alun bentuk tanah lapang luas pasir  luas 160m x 160 m alun keliling pagar tembok batu bata 2 20 m  tebal pagar tembok 30 cm  runtuh rusak  pagar tembok saksi pagar tembok  bangun sri sultan hamengkubuwono vii perintah 1877 -1921 m
97,Monumen Yogya Kembali,"Museum Monumen Yogya Kembali (bahasa Jawa: ꦩꦺꦴꦤꦸꦩꦺꦤ꧀​ꦪꦺꦴꦒꦾ​ꦏꦼꦩ꧀ꦧꦭꦶ, translit. Monumèn Yogya Kembali) biasa dikenal sebagai Monumen Jogja Kembali disingkat Monjali adalah sebuah museum sejarah perjuangan kemerdekaan Indonesia yang ada di Daerah Istimewa Yogyakarta dan dikelola oleh Kementerian Pariwisata dan Ekonomi Kreatif. Museum yang berada di bagian utara kota ini banyak dikunjungi oleh para pelajar dalam acara darmawisata.\n\nMuseum monumen dengan bentuk kerucut ini terdiri dari 3 lantai dan dilengkapi dengan ruang perpustakaan serta ruang serbaguna. Pada rana pintu masuk dituliskan sejumlah 422 nama pahlawan yang gugur di daerah Wehrkreise III (RIS) antara tanggal 19 Desember 1948 sampai dengan 29 Juni 1949. Dalam 4 ruang museum di lantai 1 terdapat benda-benda koleksi: relief, replika, foto, dokumen, heraldika, berbagai jenis senjata, bentuk evokatif dapur umum dalam suasana perang kemerdekaan 1945-1949. Tandu dan dokar (kereta kuda) yang pernah dipergunakan oleh Panglima Besar Jenderal Soedirman juga disimpan di sini (di ruang museum nomor 2). Monumen Yogya Kembali beralamat di Jl. Ring Road Utara, Kabupaten Sleman, Daerah Istimewa Yogyakarta.",Budaya,Yogyakarta,15000,4.5,https://lh5.googleusercontent.com/p/AF1QipP2L9jab3vZJMpGXyrQKPxf40ts9bk2Q4QsVS_m=w408-h306-k-no,"https://www.google.com/maps/place/Monumen+Yogya+Kembali/@-7.7495904,110.3696068,17z/data=!3m1!4b1!4m6!3m5!1s0x2e7a58f99013c989:0x2a96db25b8ff4333!8m2!3d-7.7495904!4d110.3696068!16s%2Fm%2F0gfgg53?entry=ttu","Monumen Yogya Kembali Budaya Yogyakarta Museum Monumen Yogya Kembali (bahasa Jawa: ꦩꦺꦴꦤꦸꦩꦺꦤ꧀​ꦪꦺꦴꦒꦾ​ꦏꦼꦩ꧀ꦧꦭꦶ, translit. Monumèn Yogya Kembali) biasa dikenal sebagai Monumen Jogja Kembali disingkat Monjali adalah sebuah museum sejarah perjuangan kemerdekaan Indonesia yang ada di Daerah Istimewa Yogyakarta dan dikelola oleh Kementerian Pariwisata dan Ekonomi Kreatif. Museum yang berada di bagian utara kota ini banyak dikunjungi oleh para pelajar dalam acara darmawisata.\n\nMuseum monumen dengan bentuk kerucut ini terdiri dari 3 lantai dan dilengkapi dengan ruang perpustakaan serta ruang serbaguna. Pada rana pintu masuk dituliskan sejumlah 422 nama pahlawan yang gugur di daerah Wehrkreise III (RIS) antara tanggal 19 Desember 1948 sampai dengan 29 Juni 1949. Dalam 4 ruang museum di lantai 1 terdapat benda-benda koleksi: relief, replika, foto, dokumen, heraldika, berbagai jenis senjata, bentuk evokatif dapur umum dalam suasana perang kemerdekaan 1945-1949. Tandu dan dokar (kereta kuda) yang pernah dipergunakan oleh Panglima Besar Jenderal Soedirman juga disimpan di sini (di ruang museum nomor 2). Monumen Yogya Kembali beralamat di Jl. Ring Road Utara, Kabupaten Sleman, Daerah Istimewa Yogyakarta.",monumen yogya budaya yogyakarta museum monumen yogya  bahasa jawa    translit  monum n yogya  kenal monumen jogja singkat monjali museum sejarah juang merdeka indonesia daerah istimewa yogyakarta kelola menteri pariwisata ekonomi kreatif  museum utara kota kunjung ajar acara darmawisata n nmuseum monumen bentuk kerucut 3 lantai lengkap ruang pustaka ruang serbaguna  rana pintu masuk tulis 422 nama pahlawan gugur daerah wehrkreise iii  ris  tanggal 19 desember 1948 29 juni 1949 4 ruang museum lantai 1 benda koleksi  relief  replika  foto  dokumen  heraldika  jenis senjata  bentuk evokatif dapur suasana perang merdeka 1945-1949 tandu dokar  kereta kuda  panglima jenderal soedirman simpan  ruang museum nomor 2   monumen yogya alamat jl  ring road utara  kabupaten sleman  daerah istimewa yogyakarta
98,Taman Pelangi Yogyakarta,"Taman Pelangi Yogyakarta merupakan tempat wisata malam yang menampilkan warna-warni lampu lampion, sehingga terlihat seperti pelangi. Taman wisata ini terletak di Jalan Padjajaran (sebelumnya bernama Jalan Ring Road Utara), dan berada di lokasi Museum Monumen Yogya Kembali (Monumen Jogja Kembali) Yogyakarta. Taman Pelangi memiliki lebih dari 20 jenis permainan, 25 stand makan dan stand minum. Taman pelangi ini bisa dinikmati dari sore sampai malam, atau dari jam 17.00 sampai jam 23.00. Malam hari anda akan terasa lengkap dan sempurna di Taman Pelangi dengan banyaknya lampion yang menyala memberikan kesan yang menarik untuk menenangkan pikiran.",Taman Hiburan,Yogyakarta,15000,4.3,https://lh5.googleusercontent.com/p/AF1QipNqee8231ovke9zfNbuk3sBCRbVg0Pd4_zb7a1o=w408-h271-k-no,"https://www.google.com/maps/place/Taman+Pelangi+Jogja/@-7.7503027,110.3694988,17z/data=!3m1!4b1!4m6!3m5!1s0x2e7a58f975c66097:0x99331d342ee5862d!8m2!3d-7.7503027!4d110.3694988!16s%2Fg%2F11x7vl1rr?entry=ttu","Taman Pelangi Yogyakarta Taman Hiburan Yogyakarta Taman Pelangi Yogyakarta merupakan tempat wisata malam yang menampilkan warna-warni lampu lampion, sehingga terlihat seperti pelangi. Taman wisata ini terletak di Jalan Padjajaran (sebelumnya bernama Jalan Ring Road Utara), dan berada di lokasi Museum Monumen Yogya Kembali (Monumen Jogja Kembali) Yogyakarta. Taman Pelangi memiliki lebih dari 20 jenis permainan, 25 stand makan dan stand minum. Taman pelangi ini bisa dinikmati dari sore sampai malam, atau dari jam 17.00 sampai jam 23.00. Malam hari anda akan terasa lengkap dan sempurna di Taman Pelangi dengan banyaknya lampion yang menyala memberikan kesan yang menarik untuk menenangkan pikiran.",taman pelangi yogyakarta taman hibur yogyakarta taman pelangi yogyakarta wisata malam tampil warna-warni lampu lampion  pelangi  taman wisata letak jalan padjajaran  nama jalan ring road utara   lokasi museum monumen yogya  monumen jogja  yogyakarta  taman pelangi milik 20 jenis main  25 stand makan stand minum  taman pelangi nikmat sore malam  jam 17 00 jam 23 00 malam lengkap sempurna taman pelangi banyak lampion nyala kesan tarik tenang pikir
99,Kampung Wisata Kadipaten,Kampung Wisata Kadipaten secaara kewilayahan berada di Kelurahan Kadipaten Kecamatan Kraton. Keberadaannya juga berfungsi sebagai penyangga obyek wisata Kraton Kasultanan Yogyakarta. Sesuai dengan potensi yang ada Kampung Wisata Kadipaten kemudian mengangkat tema “Art and Heritage Turism” sebagai brandinngnya. Kawasan kampung wisata ini menjadi sangat unik dan spesifik karena disana banyak terdapat bangunan situs cagar busaya terutama bangunan Dalem Pangeran. Nama Kadipaten sendiri konon berasal dari nama kawasan yang disana banyak terdapat bangunan situs cagar budaya terutama bangunan Dalem Pangeran. Nama Kadipaten konon berasal dari nama kawasan yang disana banyak ditinggali oleh kerabat Kraton yang sekaligus sebagai pengagung Kraton.,Budaya,Yogyakarta,0,4.4,https://lh5.googleusercontent.com/p/AF1QipNwrj8Y4f1VLpFJOoiwDemJNs-WfM52h9hPlBKX=w408-h306-k-no,"https://www.google.com/maps/place/Tourism+Village+Duchy/@-7.8080091,110.3558411,17z/data=!4m10!1m2!2m1!1skampung+wisata+kadipaten!3m6!1s0x2e7a578d8533ce31:0x20fed128d47c4cb5!8m2!3d-7.8080091!4d110.3580298!15sChhrYW1wdW5nIHdpc2F0YSBrYWRpcGF0ZW6SARJ0b3VyaXN0X2F0dHJhY3Rpb27gAQA!16s%2Fg%2F11b6dp13bq?entry=ttu",Kampung Wisata Kadipaten Budaya Yogyakarta Kampung Wisata Kadipaten secaara kewilayahan berada di Kelurahan Kadipaten Kecamatan Kraton. Keberadaannya juga berfungsi sebagai penyangga obyek wisata Kraton Kasultanan Yogyakarta. Sesuai dengan potensi yang ada Kampung Wisata Kadipaten kemudian mengangkat tema “Art and Heritage Turism” sebagai brandinngnya. Kawasan kampung wisata ini menjadi sangat unik dan spesifik karena disana banyak terdapat bangunan situs cagar busaya terutama bangunan Dalem Pangeran. Nama Kadipaten sendiri konon berasal dari nama kawasan yang disana banyak terdapat bangunan situs cagar budaya terutama bangunan Dalem Pangeran. Nama Kadipaten konon berasal dari nama kawasan yang disana banyak ditinggali oleh kerabat Kraton yang sekaligus sebagai pengagung Kraton.,kampung wisata kadipaten budaya yogyakarta kampung wisata kadipaten secaara wilayah lurah kadipaten camat kraton  ada fungsi sangga obyek wisata kraton kasultanan yogyakarta  sesuai potensi kampung wisata kadipaten angkat tema  art and heritage turism  brandinngnya  kawasan kampung wisata unik spesifik sana bangun situs cagar busaya bangun dalem pangeran  nama kadipaten konon asal nama kawasan sana bangun situs cagar budaya bangun dalem pangeran  nama kadipaten konon asal nama kawasan sana tinggal kerabat kraton agung kraton
100,Taman Budaya Yogyakarta,"Taman Budaya Yogyakarta (TBY) (Hanacaraka:ꦠꦩꦤ꧀​ꦧꦸꦢꦪ​ꦔꦪꦺꦴꦒꦾꦏꦂꦠ, bahasa Jawa: Taman Budaya Ngayogyakarta) adalah sarana wisata yang terletak di Jalan Sri Wedani No 1, Yogyakarta. TBY memiliki kompleks gedung yang berfungsi sebagai tempat pameran, pertunjukan, dan berbagai kegiatan seni lainnya. TBY merupakan Unit Pelaksana Teknis Dinas (UPTD) pada Dinas Kebudayaan Provinsi Daerah Istimewa Yogyakarta. Fungsi dari TBY adalah sebagai pusat budaya termasuk di dalamnya pengembangan dan pengolahan pusat dokumentasi, etalase, dan informasi seni budaya dan pariwisata.
",Budaya,Yogyakarta,0,4.6,https://lh5.googleusercontent.com/p/AF1QipMfLSepg_JYALfGRT6WI9baMr5ajGt4Dp2mQUhY=w408-h272-k-no,"https://www.google.com/maps/place/Taman+Budaya+Yogyakarta/@-7.8001041,110.3676579,17z/data=!3m1!4b1!4m6!3m5!1s0x2e7a578614472d91:0x13cb03c951e9b2f8!8m2!3d-7.8001041!4d110.3676579!16s%2Fm%2F010lrs2_?entry=ttu","Taman Budaya Yogyakarta Budaya Yogyakarta Taman Budaya Yogyakarta (TBY) (Hanacaraka:ꦠꦩꦤ꧀​ꦧꦸꦢꦪ​ꦔꦪꦺꦴꦒꦾꦏꦂꦠ, bahasa Jawa: Taman Budaya Ngayogyakarta) adalah sarana wisata yang terletak di Jalan Sri Wedani No 1, Yogyakarta. TBY memiliki kompleks gedung yang berfungsi sebagai tempat pameran, pertunjukan, dan berbagai kegiatan seni lainnya. TBY merupakan Unit Pelaksana Teknis Dinas (UPTD) pada Dinas Kebudayaan Provinsi Daerah Istimewa Yogyakarta. Fungsi dari TBY adalah sebagai pusat budaya termasuk di dalamnya pengembangan dan pengolahan pusat dokumentasi, etalase, dan informasi seni budaya dan pariwisata.
",taman budaya yogyakarta budaya yogyakarta taman budaya yogyakarta  tby   hanacaraka    bahasa jawa  taman budaya ngayogyakarta  sarana wisata letak jalan sri wedani no 1  yogyakarta  tby milik kompleks gedung fungsi pamer  tunjuk  giat seni  tby unit laksana teknis dinas  uptd  dinas budaya provinsi daerah istimewa yogyakarta  fungsi tby pusat budaya dalam kembang olah pusat dokumentasi  etalase  informasi seni budaya pariwisata
101,Kampung Wisata Sosro Menduran,"Kampung wisata Sosromenduran merupakan kampung wisata yang sangat unik karena berbasis multi culture, akomodasi dan belanja sekaligus berfungsi sebagai penyangga kawasan Objek Wisata Malioboro. Secara kewilayahan kampung wisata sosromenduran berada di Kelurahan Sosromenduran Kecamatan Gedongtengen. Letaknya sangat strategis karena berada disamping dikawasan Malioboro juga sangat dekat dengan Stasiun Kereta Api Tugu serta banyak terdapat fasilitas kepariwisataan baik hotel, homestay, warung dan restoran, travel, money changer, coffee, rental mobil, sepeda motor bahkan sepeda ontel dan yang sangat menarik di kampung wisata Sosromenduran juga terdapat banyak produsen souvenir kaos oblong yang juga banyak dijual di sepanjang jalan malioboro",Budaya,Yogyakarta,0,4.1,https://lh5.googleusercontent.com/p/AF1QipPE0GM5PBXmbK22carThDQV75WudxJ-LMhX8f1A=w408-h724-k-no,"https://www.google.com/maps/place/Kampung+Wisata+Sosromenduran/@-7.79219,110.362151,17z/data=!3m1!4b1!4m6!3m5!1s0x2e7a5826be29978d:0xe41a56956d58b8c7!8m2!3d-7.79219!4d110.362151!16s%2Fg%2F1pzs29j25?entry=ttu","Kampung Wisata Sosro Menduran Budaya Yogyakarta Kampung wisata Sosromenduran merupakan kampung wisata yang sangat unik karena berbasis multi culture, akomodasi dan belanja sekaligus berfungsi sebagai penyangga kawasan Objek Wisata Malioboro. Secara kewilayahan kampung wisata sosromenduran berada di Kelurahan Sosromenduran Kecamatan Gedongtengen. Letaknya sangat strategis karena berada disamping dikawasan Malioboro juga sangat dekat dengan Stasiun Kereta Api Tugu serta banyak terdapat fasilitas kepariwisataan baik hotel, homestay, warung dan restoran, travel, money changer, coffee, rental mobil, sepeda motor bahkan sepeda ontel dan yang sangat menarik di kampung wisata Sosromenduran juga terdapat banyak produsen souvenir kaos oblong yang juga banyak dijual di sepanjang jalan malioboro",kampung wisata sosro mendur budaya yogyakarta kampung wisata sosromenduran kampung wisata unik bas multi culture  akomodasi belanja fungsi sangga kawasan objek wisata malioboro  wilayah kampung wisata sosromenduran lurah sosromenduran camat gedongtengen  letak strategis samping kawasan malioboro stasiun kereta api tugu fasilitas pariwisata hotel  homestay  warung restoran  travel  money changer  coffee  rental mobil  sepeda motor sepeda ontel tarik kampung wisata sosromenduran produsen souvenir kaos oblong jual jalan malioboro
102,Monumen Batik Yogyakarta,"Perhatian pemerintah megenai kebudayan batik ini sangat besar, hal ini dikarenakan kebudayaannya bersinggungan langsung dengan masyarakat Jawa. Memperingati Hari Batik Nasional pada hari ini, traveler bisa berjalan-jalan ke monumen batik yang ada di Jogja. Perhatian pemerintah megenai kebudayan batik ini sangat besar, hal ini dikarenakan kebudayaannya bersinggungan langsung dengan masyarakat Jawa. Memperingati Hari Batik Nasional pada hari ini, traveler bisa berjalan-jalan ke monumen batik yang ada di Jogja.",Budaya,Yogyakarta,40000,4.5,https://lh5.googleusercontent.com/p/AF1QipMnich6u9rR57eIt9J8QI3IZr2ah2h2eKJcafMl=w408-h544-k-no,"https://google.com/maps/place/Yogyakarta+Batik+Monument/@-7.8011159,110.3646172,17z/data=!3m1!4b1!4m6!3m5!1s0x2e7a5788ccf98665:0x528f314a0e4136d4!8m2!3d-7.8011159!4d110.3646172!16s%2Fg%2F11bbx04r8z?entry=ttu","Monumen Batik Yogyakarta Budaya Yogyakarta Perhatian pemerintah megenai kebudayan batik ini sangat besar, hal ini dikarenakan kebudayaannya bersinggungan langsung dengan masyarakat Jawa. Memperingati Hari Batik Nasional pada hari ini, traveler bisa berjalan-jalan ke monumen batik yang ada di Jogja. Perhatian pemerintah megenai kebudayan batik ini sangat besar, hal ini dikarenakan kebudayaannya bersinggungan langsung dengan masyarakat Jawa. Memperingati Hari Batik Nasional pada hari ini, traveler bisa berjalan-jalan ke monumen batik yang ada di Jogja.",monumen batik yogyakarta budaya yogyakarta perhati perintah megenai kebudayan batik  budaya singgung langsung masyarakat jawa  ingat batik nasional  traveler jalan monumen batik jogja  perhati perintah megenai kebudayan batik  budaya singgung langsung masyarakat jawa  ingat batik nasional  traveler jalan monumen batik jogja
103,Tugu Pal Putih Jogja,"Tugu Yogyakarta (Jawa: , Tugu Ngayogyakarta) adalah sebuah landmark bersejarah yang penting di kota Yogyakarta, Indonesia. Tugu berarti tugu, yang biasanya dibangun sebagai simbol suatu kawasan yang mengkonseptualisasikan ciri-ciri kawasan tersebut. Karena latar belakang sejarahnya, Tugu Yogyakarta telah menjadi ikon sejarah kota. Tugu Yogyakarta terletak tepat di tengah persimpangan antara Jalan Mangkubumi, Jalan Sudirman, Jalan A.M Sangaji, dan Jalan Dipenogoro kota.
",Taman Hiburan,Yogyakarta,0,4.8,https://lh5.googleusercontent.com/p/AF1QipOUQyEv1elU3mfc8xPoYJHo-eSuDU4e7x0vpuN4=w427-h240-k-no,"https://www.google.com/maps/place/Yogyakarta+Monument/@-7.7829218,110.3670757,17z/data=!3m1!4b1!4m6!3m5!1s0x2e7a591a4d553bd5:0xc0f964003add568b!8m2!3d-7.7829218!4d110.3670757!16s%2Fg%2F122zk22q?entry=ttu","Tugu Pal Putih Jogja Taman Hiburan Yogyakarta Tugu Yogyakarta (Jawa: , Tugu Ngayogyakarta) adalah sebuah landmark bersejarah yang penting di kota Yogyakarta, Indonesia. Tugu berarti tugu, yang biasanya dibangun sebagai simbol suatu kawasan yang mengkonseptualisasikan ciri-ciri kawasan tersebut. Karena latar belakang sejarahnya, Tugu Yogyakarta telah menjadi ikon sejarah kota. Tugu Yogyakarta terletak tepat di tengah persimpangan antara Jalan Mangkubumi, Jalan Sudirman, Jalan A.M Sangaji, dan Jalan Dipenogoro kota.
",tugu pal putih jogja taman hibur yogyakarta tugu yogyakarta  jawa   tugu ngayogyakarta  landmark sejarah kota yogyakarta  indonesia  tugu tugu  bangun simbol kawasan konseptualisasi ciri kawasan  latar sejarah  tugu yogyakarta ikon sejarah kota  tugu yogyakarta letak simpang jalan mangkubumi  jalan sudirman  jalan a m sangaji  jalan dipenogoro kota
104,Tebing Breksi,"Tebing Breksi merupakan tempat wisata yang berada di wilayah Kabupaten Sleman. Lokasinya berada di sebelah selatan Candi Prambanan dan berdekatan dengan Candi Ijo serta Kompleks Keraton Boko. Lokasi Wisata Tebing Breksi tepatnya berada di Desa Sambirejo, Prambanan, Kabupaten Sleman, Daerah Istimewa Yogyakarta 55572.",Budaya,Yogyakarta,20000,4.5,https://lh5.googleusercontent.com/p/AF1QipPQmU9ISVc0DtQHV3XnenLA-oyIOWYilaKMizjE=w426-h240-k-no,"https://www.google.com/maps/place/Tebing+Breksi/@-7.7815714,110.5045827,17z/data=!3m1!4b1!4m6!3m5!1s0x2e7a5aa458b4665b:0xa4b0fc6ad0ae38c7!8m2!3d-7.7815714!4d110.5045827!16s%2Fg%2F11fzry0lfb?entry=ttu","Tebing Breksi Budaya Yogyakarta Tebing Breksi merupakan tempat wisata yang berada di wilayah Kabupaten Sleman. Lokasinya berada di sebelah selatan Candi Prambanan dan berdekatan dengan Candi Ijo serta Kompleks Keraton Boko. Lokasi Wisata Tebing Breksi tepatnya berada di Desa Sambirejo, Prambanan, Kabupaten Sleman, Daerah Istimewa Yogyakarta 55572.",tebing breksi budaya yogyakarta tebing breksi wisata wilayah kabupaten sleman  lokasi belah selatan candi prambanan dekat candi ijo kompleks keraton boko  lokasi wisata tebing breksi tepat desa sambirejo  prambanan  kabupaten sleman  daerah istimewa yogyakarta 55572
105,Candi Donotirto,"Walaupun melekat dengan kata candi, Candi Donotirto bukanlah peninggalan jaman Hindu-Buddha di Yogyakarta. Tempat ini dibangun oleh pemerintah Belanda. Ada dua bagian, yaitu bagian barat untuk kaum adam dan bagian timur untuk kaum hawa. Masing-masing dialiri oleh 5 buah pancuran air yang bersumber dari Sungai Winogo, berarti ada 10 buah pancuran di sana. Hingga kini, tempat ini tetap dirawat oleh warga sekitar walaupun digunakan sebagai WC umum. Oleh karenanya, janganlah berat tangan untuk menyisihkan uang Anda sebagai ganti biaya perawatan dan kebersihan tempat ini.",Budaya,Yogyakarta,0,4.5,https://lh5.googleusercontent.com/p/AF1QipOCtHuK7pQDV52qJPkP2LdnvZc-Uq7lsUAPYCdQ=w426-h240-k-no,"https://www.google.com/maps/place/Candi+Donotirto/@-7.7955613,110.3612095,17z/data=!3m1!4b1!4m6!3m5!1s0x2e7a58274e35ee89:0x353853e5497dcb7c!8m2!3d-7.7955613!4d110.3612095!16s%2Fg%2F11bx55_5pt?entry=ttu","Candi Donotirto Budaya Yogyakarta Walaupun melekat dengan kata candi, Candi Donotirto bukanlah peninggalan jaman Hindu-Buddha di Yogyakarta. Tempat ini dibangun oleh pemerintah Belanda. Ada dua bagian, yaitu bagian barat untuk kaum adam dan bagian timur untuk kaum hawa. Masing-masing dialiri oleh 5 buah pancuran air yang bersumber dari Sungai Winogo, berarti ada 10 buah pancuran di sana. Hingga kini, tempat ini tetap dirawat oleh warga sekitar walaupun digunakan sebagai WC umum. Oleh karenanya, janganlah berat tangan untuk menyisihkan uang Anda sebagai ganti biaya perawatan dan kebersihan tempat ini.",candi donotirto budaya yogyakarta lekat candi  candi donotirto tinggal jaman hindu-buddha yogyakarta  bangun perintah belanda   barat kaum adam timur kaum hawa  alir 5 buah pancur air sumber sungai winogo  10 buah pancur   rawat warga wc   berat tangan sisih uang ganti biaya awat bersih
106,Kawasan Malioboro,"Jalan Malioboro adalah nama salah satu kawasan jalan dari tiga jalan di Kota Yogyakarta yang membentang dari Tugu Yogyakarta hingga ke perempatan Kantor Pos Yogyakarta. Secara keseluruhan terdiri dari Jalan Margo Utomo, Jalan Malioboro, dan Jalan Margo Mulyo. Jalan ini merupakan poros Garis Imajiner Kraton Yogyakarta.",Taman Hiburan,Yogyakarta,0,4.7,https://lh5.googleusercontent.com/p/AF1QipP-lgeUkyHchRdJyqX7DF5RKtSHqV9CyXm2Rj1_=w408-h509-k-no,"https://www.google.com/maps/place/Tourism+Zone+Malioboro/@-7.7982487,110.3652793,17z/data=!3m1!4b1!4m6!3m5!1s0x2e7a578819c338f1:0x72aa3ad97ecccfb6!8m2!3d-7.7982487!4d110.3652793!16s%2Fg%2F11dd_kfc0g?entry=ttu","Kawasan Malioboro Taman Hiburan Yogyakarta Jalan Malioboro adalah nama salah satu kawasan jalan dari tiga jalan di Kota Yogyakarta yang membentang dari Tugu Yogyakarta hingga ke perempatan Kantor Pos Yogyakarta. Secara keseluruhan terdiri dari Jalan Margo Utomo, Jalan Malioboro, dan Jalan Margo Mulyo. Jalan ini merupakan poros Garis Imajiner Kraton Yogyakarta.",kawasan malioboro taman hibur yogyakarta jalan malioboro nama salah kawasan jalan jalan kota yogyakarta bentang tugu yogyakarta empat kantor pos yogyakarta  jalan margo utomo  jalan malioboro  jalan margo mulyo  jalan poros garis imajiner kraton yogyakarta
107,Bangsal Pagelaran,"Bangunan utama adalah Bangsal Pagelaran yang dahulu dikenal dengan nama Tratag Rambat. Pada zamannya Pagelaran merupakan tempat para penggawa kesultanan menghadap Sultan pada upacara resmi. Sekarang sering digunakan untuk even-even pariwisata, religi, dan lain-lain disamping untuk upacara adat keraton. Sepasang Bangsal Pemandengan terletak di sisi jauh sebelah timur dan barat Pagelaran. Dahulu tempat ini digunakan oleh Sultan untuk menyaksikan latihan perang di Alun-alun Lor.
",Budaya,Yogyakarta,5000,4.6,https://lh5.googleusercontent.com/p/AF1QipNRvIsOkJatiACzxZwl_6EEPdzX93xzr_qeq9Z-=w408-h306-k-no,"https://www.google.com/maps/place/Bangsal+Pagelaran+(%EA%A6%A7%EA%A6%81%EA%A6%B1%EA%A6%AD%EA%A7%80%EA%A6%A5%EA%A6%92%EA%A6%BC%EA%A6%AD%EA%A6%82%EA%A6%AB%EA%A6%A4%EA%A7%80)/@-7.8052843,110.3642137,17z/data=!3m1!4b1!4m6!3m5!1s0x2e7a57903fffffff:0x22c6107dbeda6ebc!8m2!3d-7.8052843!4d110.3642137!16s%2Fg%2F1pzs4250_?entry=ttu","Bangsal Pagelaran Budaya Yogyakarta Bangunan utama adalah Bangsal Pagelaran yang dahulu dikenal dengan nama Tratag Rambat. Pada zamannya Pagelaran merupakan tempat para penggawa kesultanan menghadap Sultan pada upacara resmi. Sekarang sering digunakan untuk even-even pariwisata, religi, dan lain-lain disamping untuk upacara adat keraton. Sepasang Bangsal Pemandengan terletak di sisi jauh sebelah timur dan barat Pagelaran. Dahulu tempat ini digunakan oleh Sultan untuk menyaksikan latihan perang di Alun-alun Lor.
",bangsal pagelaran budaya yogyakarta bangun utama bangsal pagelaran kenal nama tratag rambat  zaman pagelaran penggawa sultan hadap sultan upacara resmi  even-even pariwisata  religi  lain samping upacara adat keraton  pasang bangsal pemandengan letak sisi belah timur barat pagelaran  sultan saksi latih perang alun lor
108,Embung Tambakboyo,"Embung atau waduk Tambakboyo adalah konservasi air yang terletak di Dusun Tambakboyo, Kecamatan Depok, Kabupaten Sleman, Yogyakarta. Waduk ini memanfaatkan sumber air dari sungai Tambak Bayan dan sungai Buntung dengan luasan 7,8 ha. Waduk ini dibangun sejak tahun 2003 hingga 2008 dan diresmikan setahun kemudian.",Taman Hiburan,Yogyakarta,0,4.4,https://lh5.googleusercontent.com/p/AF1QipPkJYUAy1W6TKgMOcjbF0Us8onxp3iMs3sE1Qr4=w408-h305-k-no,"https://www.google.com/maps/place/Embung+Tambakboyo/@-7.756227,110.4150131,17z/data=!3m1!4b1!4m6!3m5!1s0x2e7a598356dbaf65:0xd1c1d58cb1d42109!8m2!3d-7.756227!4d110.4150131!16s%2Fg%2F11b5v4m_zd?entry=ttu","Embung Tambakboyo Taman Hiburan Yogyakarta Embung atau waduk Tambakboyo adalah konservasi air yang terletak di Dusun Tambakboyo, Kecamatan Depok, Kabupaten Sleman, Yogyakarta. Waduk ini memanfaatkan sumber air dari sungai Tambak Bayan dan sungai Buntung dengan luasan 7,8 ha. Waduk ini dibangun sejak tahun 2003 hingga 2008 dan diresmikan setahun kemudian.",embung tambakboyo taman hibur yogyakarta embung waduk tambakboyo konservasi air letak dusun tambakboyo  camat depok  kabupaten sleman  yogyakarta  waduk manfaat sumber air sungai tambak bayan sungai buntung luas 7 8 ha  waduk bangun 2003 2008 resmi tahun
109,Hutan Pinus Pengger,"Hutan Pinus Pengger (bahasa Jawa: ꦄꦭꦱ꧀​ꦥꦶꦤꦸꦱ꧀​ꦥꦼꦁ​ꦒꦼꦂ​, translit. Alas Pinus​ Pěnggěr) merupakan salah satu objek wisata andalan Kabupaten Bantul. Wisata alam ini berlokasi di Sendangsari, Desa Terong, Kec. Dlingo, Kabupaten Bantul, Daerah Istimewa Yogyakarta.\nHutan Pinus Pengger mudah dijangkau karena terletak dipinggir jalan Patuk-Dlingo km 4,5.\nWalaupun masih terdengar asing, dikalangan penyuka jalan-jalan objek wisata, Hutan Pinus Pengger terbilang cukup populer . Tempat ini masih dirasa asing karena baru dibuka secara resmi pada tanggal 7 April 2016. Hutan Pinus ini sangat digemari oleh para pencipta objek wisata, karena objek wisata ini menyuguhkan pemandangan alam yang sangat indah.",Taman Hiburan,Yogyakarta,3000,4.5,https://lh5.googleusercontent.com/p/AF1QipOamitcAVp9tloNZU816GnhY5zPRBBXihHufliy=w408-h272-k-no,"https://www.google.com/maps/place/Hutan+Pinus+Pengger/@-7.8712041,110.4595144,17z/data=!3m1!4b1!4m6!3m5!1s0x2e7a53d8d54f0903:0xf33314fb0104fc60!8m2!3d-7.8712041!4d110.4595144!16s%2Fg%2F11f3cxtg5q?entry=ttu","Hutan Pinus Pengger Taman Hiburan Yogyakarta Hutan Pinus Pengger (bahasa Jawa: ꦄꦭꦱ꧀​ꦥꦶꦤꦸꦱ꧀​ꦥꦼꦁ​ꦒꦼꦂ​, translit. Alas Pinus​ Pěnggěr) merupakan salah satu objek wisata andalan Kabupaten Bantul. Wisata alam ini berlokasi di Sendangsari, Desa Terong, Kec. Dlingo, Kabupaten Bantul, Daerah Istimewa Yogyakarta.\nHutan Pinus Pengger mudah dijangkau karena terletak dipinggir jalan Patuk-Dlingo km 4,5.\nWalaupun masih terdengar asing, dikalangan penyuka jalan-jalan objek wisata, Hutan Pinus Pengger terbilang cukup populer . Tempat ini masih dirasa asing karena baru dibuka secara resmi pada tanggal 7 April 2016. Hutan Pinus ini sangat digemari oleh para pencipta objek wisata, karena objek wisata ini menyuguhkan pemandangan alam yang sangat indah.",hutan pinus pengger taman hibur yogyakarta hutan pinus pengger  bahasa jawa    translit  alas pinus p ngg r  salah objek wisata andal kabupaten bantul  wisata alam lokasi sendangsari  desa terong  kec  dlingo  kabupaten bantul  daerah istimewa yogyakarta nhutan pinus pengger mudah jangkau letak pinggir jalan patuk-dlingo km 4 5 nwalaupun dengar asing  kalang suka jalan objek wisata  hutan pinus pengger bilang populer  rasa asing buka resmi tanggal 7 april 2016 hutan pinus gari cipta objek wisata  objek wisata suguh pandang alam indah
110,Monumen Serangan Umum 1 Maret,"Monumen Serangan Umum 1 Maret berada di area sekitar Museum Benteng Vredeburg yaitu tepat di depan Kantor Pos Besar Yogyakarta. Monumen ini dibangun untuk memperingati serangan tentara Indonesia terhadap Belanda pada tanggal 1 Maret 1949. Ketika itu Negara Indonesia telah dianggap lumpuh dan tidak ada oleh Belanda. Untuk membuktikan bahwa Negara Indonesia masih ada maka dilakukan serangan besar-besaran. Serangan ini dilakukan oleh Tentara Nasional Indonesia (TNI) yang dipimpin oleh Letnan Kolonel Soeharto, Komandan Brigade 10 daerah Wehrkreise III.",Taman Hiburan,Yogyakarta,3000,4.6,https://lh5.googleusercontent.com/p/AF1QipPHJFtVVIUr0-ayF3AqEg8Vkzt25IrGt0ncQK2p=w426-h240-k-no,"https://www.google.com/maps/place/1+March+1949+Monument/@-7.8010452,110.3652268,17z/data=!3m1!4b1!4m6!3m5!1s0x2e7a5788b5ba6d3b:0x6722b1744aec3f53!8m2!3d-7.8010452!4d110.3652268!16s%2Fg%2F1pzwsh_3l?entry=ttu","Monumen Serangan Umum 1 Maret Taman Hiburan Yogyakarta Monumen Serangan Umum 1 Maret berada di area sekitar Museum Benteng Vredeburg yaitu tepat di depan Kantor Pos Besar Yogyakarta. Monumen ini dibangun untuk memperingati serangan tentara Indonesia terhadap Belanda pada tanggal 1 Maret 1949. Ketika itu Negara Indonesia telah dianggap lumpuh dan tidak ada oleh Belanda. Untuk membuktikan bahwa Negara Indonesia masih ada maka dilakukan serangan besar-besaran. Serangan ini dilakukan oleh Tentara Nasional Indonesia (TNI) yang dipimpin oleh Letnan Kolonel Soeharto, Komandan Brigade 10 daerah Wehrkreise III.",monumen serang 1 maret taman hibur yogyakarta monumen serang 1 maret area museum benteng vredeburg kantor pos yogyakarta  monumen bangun ingat serang tentara indonesia belanda tanggal 1 maret 1949 negara indonesia anggap lumpuh belanda  bukti negara indonesia serang besar  serang tentara nasional indonesia  tni  pimpin letnan kolonel soeharto  komandan brigade 10 daerah wehrkreise iii
111,Puncak Pinus Becici,"Puncak Pinus Becici atau Puncak Becici merupakan objek wisata yang berada di Desa Muntuk, Kecamatan Dlingo, Kabupaten Bantul, Yogyakarta. Pemandangan di kawasan ini sangat indah dengan hamparan perbukitan yang banyak di tumbuhi pohon pinus serta dapat melihat pesona Kota Yogyakarta dari ketinggian dengan gardu pandang. Dari bagian utara dapat melihat Candi Prambanan, bagian selatan terlihat garis lurus yang merupakan Pantai Selatan serta dapat melihat Gunung Merapi dan Gunung Sindoro.",Taman Hiburan,Yogyakarta,3000,4.5,https://lh5.googleusercontent.com/p/AF1QipNs9CfHqI4FmMhb3qqL8ljviPQ5QX-5Zj-sxSOX=w426-h240-k-no,"https://www.google.com/maps/place/Becici+Peak/@-7.9020355,110.4374627,17z/data=!3m1!4b1!4m6!3m5!1s0x2e7a531aaaaaaaab:0x6c28149b91ea59f4!8m2!3d-7.9020355!4d110.4374627!16s%2Fg%2F11h2g21vfv?entry=ttu","Puncak Pinus Becici Taman Hiburan Yogyakarta Puncak Pinus Becici atau Puncak Becici merupakan objek wisata yang berada di Desa Muntuk, Kecamatan Dlingo, Kabupaten Bantul, Yogyakarta. Pemandangan di kawasan ini sangat indah dengan hamparan perbukitan yang banyak di tumbuhi pohon pinus serta dapat melihat pesona Kota Yogyakarta dari ketinggian dengan gardu pandang. Dari bagian utara dapat melihat Candi Prambanan, bagian selatan terlihat garis lurus yang merupakan Pantai Selatan serta dapat melihat Gunung Merapi dan Gunung Sindoro.",puncak pinus becici taman hibur yogyakarta puncak pinus becici puncak becici objek wisata desa muntuk  camat dlingo  kabupaten bantul  yogyakarta  pandang kawasan indah hampar bukit tumbuh pohon pinus pesona kota yogyakarta tinggi gardu pandang  utara candi prambanan  selatan garis lurus pantai selatan gunung rapi gunung sindoro
112,Bukit Bintang Yogyakarta,"Bukit Bintang merupakan salah satu lokasi nongkrong favorit di Yogyakarta. Saat malam tiba, pemandangan Yogyakarta sangatlah indah!Terletak di perbatasan Bantul dan Gunungkidul, siapa pun yang berkunjung ke kawasan ini dapat menikmati taburan gemintang di langit malam serta kerlip benderang lampu kota dari ketinggian.Kota ini memiliki Bukit Bintang yang selalu ramai dipadati kawula muda untuk menikmati keindahan malam. Bukit Bintang menjadi tempat yang sempurna untuk menikmati senja hingga malam tiba.
",Taman Hiburan,Yogyakarta,25000,4.5,https://lh5.googleusercontent.com/p/AF1QipPGnfwX3kaKlJXjljNa_gzRttmNVmtQ7l__PEaq=w446-h240-k-no,"https://www.google.com/maps/place/Bukit+Bintang/@-7.8458407,110.4798457,17z/data=!3m1!4b1!4m6!3m5!1s0x2e7a51a418acd7d3:0xfb055b6604992f0a!8m2!3d-7.8458407!4d110.4798457!16s%2Fg%2F1pv61n1m9?entry=ttu","Bukit Bintang Yogyakarta Taman Hiburan Yogyakarta Bukit Bintang merupakan salah satu lokasi nongkrong favorit di Yogyakarta. Saat malam tiba, pemandangan Yogyakarta sangatlah indah!Terletak di perbatasan Bantul dan Gunungkidul, siapa pun yang berkunjung ke kawasan ini dapat menikmati taburan gemintang di langit malam serta kerlip benderang lampu kota dari ketinggian.Kota ini memiliki Bukit Bintang yang selalu ramai dipadati kawula muda untuk menikmati keindahan malam. Bukit Bintang menjadi tempat yang sempurna untuk menikmati senja hingga malam tiba.
",bukit bintang yogyakarta taman hibur yogyakarta bukit bintang salah lokasi nongkrong favorit yogyakarta  malam  pandang yogyakarta indah  letak batas bantul gunungkidul  kunjung kawasan nikmat tabur gemintang langit malam kerlip benderang lampu kota tinggi kota milik bukit bintang ramai padat kawula muda nikmat indah malam  bukit bintang sempurna nikmat senja malam
113,Gedung Agung Yogyakarta,"Istana Yogyakarta yang dikenal dengan nama Gedung Agung (bahasa Jawa: ꦒꦼꦝꦺꦴꦁ​ꦄꦒꦼꦁ, translit. Gedhong Ageng) terletak di pusat keramaian kota, tepatnya di ujung selatan Jalan Ahmad Yani dahulu dikenal dengan Jalan Margomulyo. Kawasan istana terletak di Kelurahan Ngupasan, Kecamatan Gondomanan, Kota Yogyakarta, dan berada pada ketinggian 120 m dari permukaan laut. Kompleks istana ini menempati lahan seluas 43.585 m².",Budaya,Yogyakarta,0,4.6,https://lh5.googleusercontent.com/p/AF1QipMU5iXvL25ckSLEGBSE2RFko74Ty45cInY1e54w=w408-h306-k-no,"https://www.google.com/maps/place/Gedung+Agung+Yogyakarta/@-7.8001885,110.363877,17z/data=!3m1!4b1!4m6!3m5!1s0x2e7a5788bb4f4201:0xad1d99f62f5227c!8m2!3d-7.8001885!4d110.363877!16s%2Fm%2F0115n07m?entry=ttu","Gedung Agung Yogyakarta Budaya Yogyakarta Istana Yogyakarta yang dikenal dengan nama Gedung Agung (bahasa Jawa: ꦒꦼꦝꦺꦴꦁ​ꦄꦒꦼꦁ, translit. Gedhong Ageng) terletak di pusat keramaian kota, tepatnya di ujung selatan Jalan Ahmad Yani dahulu dikenal dengan Jalan Margomulyo. Kawasan istana terletak di Kelurahan Ngupasan, Kecamatan Gondomanan, Kota Yogyakarta, dan berada pada ketinggian 120 m dari permukaan laut. Kompleks istana ini menempati lahan seluas 43.585 m².",gedung agung yogyakarta budaya yogyakarta istana yogyakarta kenal nama gedung agung  bahasa jawa    translit  gedhong ageng  letak pusat ramai kota  tepat ujung selatan jalan ahmad yani kenal jalan margomulyo  kawasan istana letak lurah ngupasan  camat gondomanan  kota yogyakarta  tinggi 120 m muka laut  kompleks istana tempat lahan luas 43 585 m
114,The Lost World Castle,"The Lost World Castle merupakan salah satu objek wisata di kawasan lereng Gunung Merapi yang terletak di Dusun Petung, Desa Kepuharjo Cangkringan, Sleman, Daerah Istimewa Yogyakarta, Indonesia. Objek wisata ini dibangun menyerupai Benteng Takeshi dan dibangun di atas lahan 1,3 hektare pada tahun 2016.Pengunjung yang ingin memasuki kawasan The Lost World Castle akan dikenakan biaya sebesar Rp 25.000 tiap orang dan belum termasuk biaya parkir. Biaya parkir mobil sebesar Rp5.000,00, sementara biaya parkir untuk sepeda motor sebesar Rp2.000,00.",Taman Hiburan,Yogyakarta,30000,4.3,https://lh5.googleusercontent.com/p/AF1QipPBMetHattr4wDs5Nw5GT7IXxdV-8VnUIHHBxz2=w408-h305-k-no,"https://www.google.com/maps/place/The+Lost+World+Castle/@-7.6041648,110.4510042,17z/data=!3m1!4b1!4m6!3m5!1s0x2e7a5d9bed435109:0x284f5fe8b2b683c9!8m2!3d-7.6041648!4d110.4510042!16s%2Fg%2F11gy24lssq?entry=ttu","The Lost World Castle Taman Hiburan Yogyakarta The Lost World Castle merupakan salah satu objek wisata di kawasan lereng Gunung Merapi yang terletak di Dusun Petung, Desa Kepuharjo Cangkringan, Sleman, Daerah Istimewa Yogyakarta, Indonesia. Objek wisata ini dibangun menyerupai Benteng Takeshi dan dibangun di atas lahan 1,3 hektare pada tahun 2016.Pengunjung yang ingin memasuki kawasan The Lost World Castle akan dikenakan biaya sebesar Rp 25.000 tiap orang dan belum termasuk biaya parkir. Biaya parkir mobil sebesar Rp5.000,00, sementara biaya parkir untuk sepeda motor sebesar Rp2.000,00.",the lost world castle taman hibur yogyakarta the lost world castle salah objek wisata kawasan lereng gunung rapi letak dusun tung  desa kepuharjo cangkring  sleman  daerah istimewa yogyakarta  indonesia  objek wisata bangun rupa benteng takeshi bangun lahan 1 3 hektare 2016 unjung pasuk kawasan the lost world castle kena biaya rp 25 000 orang biaya parkir  biaya parkir mobil rp5 000 00  biaya parkir sepeda motor rp2 000 00
115,Monumen Sanapati,"Monumen Sanapati dibangun untuk memeringati 50 tahun persandian Indonesia di Yogyakarta. Persandian di Yogyakarta memiliki andil yang besar dalam mempertahankan kemerdekaan Negara Indonesia. Tercatat pada peristiwa Serangan Umum 1 Maret 1949, sandi buatan Roebiono masih digunakan untuk menyebarkan pesan pada dunia bahwa Indonesia masih ada dan masih bisa melawan. Selanjutnya, peristiwa tersebut dikenal dengan Peristiwa 6 jam di Yogyakarta. Monumen Sanapati terletak di kawasan Kotabaru, tepatnya di tengah persimpangan Jalan Abu Bakar Ali, di taman depan Gereja Santo Antonius. Bangunan Monumen Sanapati berbentuk segitiga berujung lancip menyerupai piramida dengan tinggi 3 meter dan lebar 2,5 meter. Monumen tersebut didesain oleh Drs Kasman dan diresmikan oleh Menteri Sekretaris Negara Republik Indonesia saat itu, Moerdiono, pada 4 April 1996, tepat pada Hari Persandian Indonesia. Pembangunan monument membutuhkan waktu satu bulan dan memakan biaya sebesar 25 juta rupiah.",Budaya,Yogyakarta,15000,4.8,https://lh5.googleusercontent.com/p/AF1QipNm7pFs5UUKmu84lhw-mkIlyOFmKOJg6I5NFVZf=w408-h544-k-no,"https://www.google.com/maps/place/Sanapati+Monument/@-7.7881728,110.3715403,17z/data=!3m1!4b1!4m6!3m5!1s0x2e7a582e8911b189:0xb6db6161fea85fbf!8m2!3d-7.7881728!4d110.3715403!16s%2Fg%2F11bbyn4wcl?entry=ttu","Monumen Sanapati Budaya Yogyakarta Monumen Sanapati dibangun untuk memeringati 50 tahun persandian Indonesia di Yogyakarta. Persandian di Yogyakarta memiliki andil yang besar dalam mempertahankan kemerdekaan Negara Indonesia. Tercatat pada peristiwa Serangan Umum 1 Maret 1949, sandi buatan Roebiono masih digunakan untuk menyebarkan pesan pada dunia bahwa Indonesia masih ada dan masih bisa melawan. Selanjutnya, peristiwa tersebut dikenal dengan Peristiwa 6 jam di Yogyakarta. Monumen Sanapati terletak di kawasan Kotabaru, tepatnya di tengah persimpangan Jalan Abu Bakar Ali, di taman depan Gereja Santo Antonius. Bangunan Monumen Sanapati berbentuk segitiga berujung lancip menyerupai piramida dengan tinggi 3 meter dan lebar 2,5 meter. Monumen tersebut didesain oleh Drs Kasman dan diresmikan oleh Menteri Sekretaris Negara Republik Indonesia saat itu, Moerdiono, pada 4 April 1996, tepat pada Hari Persandian Indonesia. Pembangunan monument membutuhkan waktu satu bulan dan memakan biaya sebesar 25 juta rupiah.",monumen sanapati budaya yogyakarta monumen sanapati bangun ingat 50 sandi indonesia yogyakarta  sandi yogyakarta milik andil tahan merdeka negara indonesia  catat peristiwa serang 1 maret 1949  sandi buat roebiono sebar pesan dunia indonesia lawan   peristiwa kenal peristiwa 6 jam yogyakarta  monumen sanapati letak kawasan kotabaru  tepat simpang jalan abu bakar ali  taman gereja santo antonius  bangun monumen sanapati bentuk segitiga ujung lancip rupa piramida 3 meter lebar 2 5 meter  monumen desain drs kasman resmi menteri sekretaris negara republik indonesia  moerdiono  4 april 1996  sandi indonesia  bangun monument butuh makan biaya 25 juta rupiah
116,Jurang Tembelan Kanigoro,"Jurang Tembelan Kanigoro berada di Desa Wisata Mangunan, Dlingo, Bantul. Familiar dengan Desa Mangunan, bukan? Kawasan ini memang memiliki tempat wisata bagus yang murah. Termasuk Jurang Tembelan Kanigoro yang berada tidak jauh dari Kebun Buah Mangunan atau Bukit Panguk Kediwung. Dari Jogja, arahkan kendaraan menuju Jalan Imogiri Timur, setelah sampai di pertigaan dekat Pasar Imogiri ikuti arah menuju Mangunan. Untuk menuju ke sana, cek terlebih dahulu kondisi kendaraan. Jalanan yang naik turun serta tikungan tajam, harus diwaspadai. Bagi yang menggunakan kendaraan besar seperti bus, diharapkan memutar melewati Bukit Bintang Gunung Kidul. Selain itu, selalu berhati-hati dan tetap fokus selama berkendara.",Taman Hiburan,Yogyakarta,2500,4.5,https://lh5.googleusercontent.com/p/AF1QipNXIjLoAA7t1n621xzrlw015EGleYUgBtNNdw0Y=w425-h240-k-no,"https://www.google.com/maps/place/Jurang+Tembelan+Kanigoro/@-7.9400233,110.4298257,17z/data=!3m1!4b1!4m6!3m5!1s0x2e7a535efa9f6961:0xd94caa6b36062e9f!8m2!3d-7.9400233!4d110.4298257!16s%2Fg%2F11ddwymrn8?entry=ttu","Jurang Tembelan Kanigoro Taman Hiburan Yogyakarta Jurang Tembelan Kanigoro berada di Desa Wisata Mangunan, Dlingo, Bantul. Familiar dengan Desa Mangunan, bukan? Kawasan ini memang memiliki tempat wisata bagus yang murah. Termasuk Jurang Tembelan Kanigoro yang berada tidak jauh dari Kebun Buah Mangunan atau Bukit Panguk Kediwung. Dari Jogja, arahkan kendaraan menuju Jalan Imogiri Timur, setelah sampai di pertigaan dekat Pasar Imogiri ikuti arah menuju Mangunan. Untuk menuju ke sana, cek terlebih dahulu kondisi kendaraan. Jalanan yang naik turun serta tikungan tajam, harus diwaspadai. Bagi yang menggunakan kendaraan besar seperti bus, diharapkan memutar melewati Bukit Bintang Gunung Kidul. Selain itu, selalu berhati-hati dan tetap fokus selama berkendara.",jurang tembel kanigoro taman hibur yogyakarta jurang tembel kanigoro desa wisata mangun  dlingo  bantul  familiar desa mangun   kawasan milik wisata bagus murah  jurang tembel kanigoro kebun buah mangun bukit panguk kediwung  jogja  arah kendara jalan imogiri timur  tiga pasar imogiri ikut arah mangun   cek kondisi kendara  jalan turun tikung tajam  waspada  kendara bus  harap putar lewat bukit bintang gunung kidul   hati fokus kendara
117,The World Landmarks - Merapi Park Yogyakarta,"Merapi Park merupakan salah satu tempat wisata di Yogyakarta yang terletak di Jalan Kaliurang km 22, Hargobinangun, Kecamatan Pakem, Kabupaten Sleman. Pengoperasian Merapi Park dimulai sejak tanggal 25 Juni 2017. Fasilitas yang tersedia meliputi tempat pengambilan foto",Taman Hiburan,Yogyakarta,22000,4.3,https://lh5.googleusercontent.com/p/AF1QipNIbzBzRI7b6jq4sqZJxY3F1KuQzMDnMHAGk3z-=w408-h306-k-no,"https://www.google.com/maps/place/Merapi+Park+Yogyakarta/@-7.6209046,110.4216275,17z/data=!3m1!4b1!4m6!3m5!1s0x2e7a60adba455a61:0xf555018e07c5177a!8m2!3d-7.6209046!4d110.4216275!16s%2Fg%2F11gy3k_xsg?entry=ttu","The World Landmarks - Merapi Park Yogyakarta Taman Hiburan Yogyakarta Merapi Park merupakan salah satu tempat wisata di Yogyakarta yang terletak di Jalan Kaliurang km 22, Hargobinangun, Kecamatan Pakem, Kabupaten Sleman. Pengoperasian Merapi Park dimulai sejak tanggal 25 Juni 2017. Fasilitas yang tersedia meliputi tempat pengambilan foto",the world landmarks - rapi park yogyakarta taman hibur yogyakarta rapi park salah wisata yogyakarta letak jalan kaliurang km 22  hargobinangun  camat pakem  kabupaten sleman  operasi rapi park tanggal 25 juni 2017 fasilitas sedia liput ambil foto
118,Museum Sonobudoyo Unit I,"Museum Sonobudoyo adalah museum dan perpustakaan sejarah dan budaya Jawa di Yogyakarta, Indonesia. Museum ini berisi koleksi artefak Jawa terlengkap, setelah Museum Nasional di Jakarta. Selain keramik era Neolitikum dan patung perunggu abad ke-8, museum ini juga menyimpan koleksi wayang, berbagai senjata kuno (seperti keris), dan topeng Jawa. Museum Sonobudoyo terdiri dari dua unit, Unit I terletak di Jalan Trikora No. 6 Yogyakarta, dan Unit II terletak di Ndalem Condrokiranan, Wijilan, di sebelah timur alun-alun utama (utara) kota.
",Budaya,Yogyakarta,5000,4.8,https://lh5.googleusercontent.com/p/AF1QipP-dpm7PuELDsX2VmYiGJCeUTk3WwaIClo4X79n=w408-h272-k-no,"https://www.google.com/maps/place/Museum+Sonobudoyo+Unit+I/@-7.8023333,110.3639441,17z/data=!3m1!4b1!4m6!3m5!1s0x2e7a578f83070a4f:0x9d10431ac43ec5ee!8m2!3d-7.8023333!4d110.3639441!16s%2Fg%2F11h1v81d_?entry=ttu","Museum Sonobudoyo Unit I Budaya Yogyakarta Museum Sonobudoyo adalah museum dan perpustakaan sejarah dan budaya Jawa di Yogyakarta, Indonesia. Museum ini berisi koleksi artefak Jawa terlengkap, setelah Museum Nasional di Jakarta. Selain keramik era Neolitikum dan patung perunggu abad ke-8, museum ini juga menyimpan koleksi wayang, berbagai senjata kuno (seperti keris), dan topeng Jawa. Museum Sonobudoyo terdiri dari dua unit, Unit I terletak di Jalan Trikora No. 6 Yogyakarta, dan Unit II terletak di Ndalem Condrokiranan, Wijilan, di sebelah timur alun-alun utama (utara) kota.
",museum sonobudoyo unit i budaya yogyakarta museum sonobudoyo museum pustaka sejarah budaya jawa yogyakarta  indonesia  museum isi koleksi artefak jawa lengkap  museum nasional jakarta  keramik era neolitikum patung perunggu abad ke-8  museum simpan koleksi wayang  senjata kuno  keris   topeng jawa  museum sonobudoyo unit  unit i letak jalan trikora no  6 yogyakarta  unit ii letak ndalem condrokiranan  wijilan  belah timur alun utama  utara  kota
119,Lava Bantal,"Wilayah DIY menawarkan sejumlah potensi wisata, terlebih pariwisata berbasis sungai. Salah satunya yang kini menjadi salah satu favorut wisatawan adalah Lava Bantal yang berada di Kecamatan Berbah, Kabupaten Sleman. Sesuai namanya, objek wisata ini menawarkan batuan yang diduga berasal dari lava pijar dari gunung api bawah laut yang mengering selama kurun waktu ratusan tahun lalu. Terhampar di Sungai Opak, batuan tersebut menjadi pemandangan unik yang mampu menyita perhatian para pelancong. Konon keberadaan Lava Bantal berkontribusi besar terhadap terbentuknya Pulau Jawa. Fenomena alam seperti yang terjadi di Lava Bantal ini sangat jarang terjadi. Di Pulau Jawa fenomena sejenis hanya bisa ditemukan di Karangsambung (Kebumen), Ciletuh (Jawa Barat), dan di Berbah (DIY). Dengan latar belakang sejarah geologi yang panjang, sejak 2 Oktober 2014 silam pemerintah telah menetapkan objek wisata ini sebagai geo heritage. Artinya, semua keunikan geologis yang ada di objek wisata tersebut tergolong sebagai objek yang dilindungi oleh pemerintah.",Budaya,Yogyakarta,5000,4.4,https://lh5.googleusercontent.com/p/AF1QipOW75yjDaQQSdF86pQYRaU6dWLBhgHPY34f9E7X=w408-h306-k-no,"https://www.google.com/maps/place/Lava+Bantal/@-7.8081518,110.4595183,17z/data=!3m1!4b1!4m6!3m5!1s0x2e7a51b96c72a851:0xf454bd5877f00a2e!8m2!3d-7.8081518!4d110.4595183!16s%2Fg%2F11hz7gx4fw?entry=ttu","Lava Bantal Budaya Yogyakarta Wilayah DIY menawarkan sejumlah potensi wisata, terlebih pariwisata berbasis sungai. Salah satunya yang kini menjadi salah satu favorut wisatawan adalah Lava Bantal yang berada di Kecamatan Berbah, Kabupaten Sleman. Sesuai namanya, objek wisata ini menawarkan batuan yang diduga berasal dari lava pijar dari gunung api bawah laut yang mengering selama kurun waktu ratusan tahun lalu. Terhampar di Sungai Opak, batuan tersebut menjadi pemandangan unik yang mampu menyita perhatian para pelancong. Konon keberadaan Lava Bantal berkontribusi besar terhadap terbentuknya Pulau Jawa. Fenomena alam seperti yang terjadi di Lava Bantal ini sangat jarang terjadi. Di Pulau Jawa fenomena sejenis hanya bisa ditemukan di Karangsambung (Kebumen), Ciletuh (Jawa Barat), dan di Berbah (DIY). Dengan latar belakang sejarah geologi yang panjang, sejak 2 Oktober 2014 silam pemerintah telah menetapkan objek wisata ini sebagai geo heritage. Artinya, semua keunikan geologis yang ada di objek wisata tersebut tergolong sebagai objek yang dilindungi oleh pemerintah.",lava bantal budaya yogyakarta wilayah diy tawar potensi wisata  pariwisata bas sungai  salah satu salah favorut wisatawan lava bantal camat bah  kabupaten sleman  sesuai nama  objek wisata tawar batu duga asal lava pijar gunung api laut ering kurun ratus  hampar sungai opak  batu pandang unik sita perhati lancong  konon ada lava bantal kontribusi bentuk pulau jawa  fenomena alam lava bantal jarang  pulau jawa fenomena jenis temu karangsambung  kebumen   ciletuh  jawa barat   bah  diy   latar sejarah geologi  2 oktober 2014 silam perintah tetap objek wisata geo heritage   uni geologis objek wisata golong objek lindung perintah
120,Bukit Panguk Kediwung,"Bukit Panguk Kediwung adalah salah satu obyek wisata yang menawarkan pemandangan alam dari ketinggian. Jika dibandingkan dengan obyek wisata perbukitan lain di Bantul memang Bukit Panguk Kediwung termasuk baru karena dibuka pada tahun 2016. Namun jangan salah, lokasi ini sudah mencuri hati banyak pengunjung dari dalam maupun luar kota. Bukit Panguk Kediwung berlokasi di Kediwung, Mangunan, Dlingo, Bantul, Yogyakarta. Jangan khawatir untuk tersesat karena di sepanjang jalan menuju ke lokasi kita akan melihat beberapa papan petunjuk. Kurang lebih berjarak 20 km dari pusat Kota Yogyakarta. Dari pusat Kota Yogyakarta anda bisa bergerak menuju ke selatan tepatnya ke arah Jalan Imogiri Timur, ikuti jalan hingga menemukan Pasar Imogiri, lalu belok kiri dan lanjutkan perjalanan menuju ke arah Dlingo, dari sana anda akan mulai melihat petunjuk jalan menuju Bukit Panguk Kediwung. Akses jalan menuju Bukit Panguk Kediwung sudah diaspal halus hanya saja konturnya sedikit naik turun namun masih dalam kategori aman. Sangat disarankan untuk menggunakan kendaraan pribadi karena akses ke sini menggunakan kendaraan umum cukup sulit.",Budaya,Yogyakarta,250000,4.5,https://lh5.googleusercontent.com/p/AF1QipMASilcQiZeRuUkJFf-c4vDnfxt6HZRzLcD-JfM=w426-h240-k-no,"https://www.google.com/maps/place/Bukit+Panguk+Kediwung/@-7.9583695,110.4407622,17z/data=!3m1!4b1!4m6!3m5!1s0x2e7bacb24995d023:0x95aec26c5e9774a2!8m2!3d-7.9583695!4d110.4407622!16s%2Fg%2F11c44q7bf_?entry=ttu","Bukit Panguk Kediwung Budaya Yogyakarta Bukit Panguk Kediwung adalah salah satu obyek wisata yang menawarkan pemandangan alam dari ketinggian. Jika dibandingkan dengan obyek wisata perbukitan lain di Bantul memang Bukit Panguk Kediwung termasuk baru karena dibuka pada tahun 2016. Namun jangan salah, lokasi ini sudah mencuri hati banyak pengunjung dari dalam maupun luar kota. Bukit Panguk Kediwung berlokasi di Kediwung, Mangunan, Dlingo, Bantul, Yogyakarta. Jangan khawatir untuk tersesat karena di sepanjang jalan menuju ke lokasi kita akan melihat beberapa papan petunjuk. Kurang lebih berjarak 20 km dari pusat Kota Yogyakarta. Dari pusat Kota Yogyakarta anda bisa bergerak menuju ke selatan tepatnya ke arah Jalan Imogiri Timur, ikuti jalan hingga menemukan Pasar Imogiri, lalu belok kiri dan lanjutkan perjalanan menuju ke arah Dlingo, dari sana anda akan mulai melihat petunjuk jalan menuju Bukit Panguk Kediwung. Akses jalan menuju Bukit Panguk Kediwung sudah diaspal halus hanya saja konturnya sedikit naik turun namun masih dalam kategori aman. Sangat disarankan untuk menggunakan kendaraan pribadi karena akses ke sini menggunakan kendaraan umum cukup sulit.",bukit panguk kediwung budaya yogyakarta bukit panguk kediwung salah obyek wisata tawar pandang alam tinggi  banding obyek wisata bukit bantul bukit panguk kediwung buka 2016 salah  lokasi curi hati unjung kota  bukit panguk kediwung lokasi kediwung  mangun  dlingo  bantul  yogyakarta  khawatir sesat jalan lokasi papan tunjuk  jarak 20 km pusat kota yogyakarta  pusat kota yogyakarta gerak selatan tepat arah jalan imogiri timur  ikut jalan temu pasar imogiri  belok kiri lanjut jalan arah dlingo  tunjuk jalan bukit panguk kediwung  akses jalan bukit panguk kediwung aspal halus kontur turun kategori aman  saran kendara pribadi akses kendara sulit
121,Candi Prambanan,"Candi Prambanan atau Candi Roro Jonggrang (bahasa Jawa: ꦕꦤ꧀ꦝꦶ​ꦥꦿꦩ꧀ꦧꦤꦤ꧀, translit. Candhi Prambanan) adalah kompleks candi Hindu terbesar di Indonesia yang dibangun pada abad ke-9 masehi. Candi ini dipersembahkan untuk Trimurti, tiga dewa utama Hindu yaitu Brahma sebagai dewa pencipta, Wisnu sebagai dewa pemelihara, dan Siwa sebagai dewa pemusnah. Berdasarkan prasasti Siwagrha nama asli kompleks candi ini adalah Siwagrha (bahasa Sanskerta yang bermakna 'Rumah Siwa'), dan memang di garbagriha (ruang utama) candi ini bersemayam arca Siwa Mahadewa setinggi tiga meter yang menujukkan bahwa di candi ini dewa Siwa lebih diutamakan.\nKompleks percandian Candi Prambanan secara keseluruhan berada di wilayah provinsi Daerah Istimewa Yogyakarta, namun pintu administrasinya berada di Daerah Istimewa Surakarta (sekarang bagian Provinsi Jawa Tengah), hal ini yang membuat Candi Prambanan terletak di 2 tempat yakni di Desa Bokoharjo, Kecamatan Prambanan, Kabupaten Sleman, dan di Desa Tlogo, Kecamatan Prambanan, Kabupaten Klaten, atau kurang lebih 17 kilometer timur laut Yogyakarta, 50 kilometer barat daya Surakarta dan 120 kilometer selatan Semarang, persis di perbatasan antara Daerah Istimewa Yogyakarta dan Daerah Istimewa Surakarta.Candi ini adalah termasuk Situs Warisan Dunia UNESCO, candi Hindu terbesar di Indonesia, sekaligus salah satu candi terindah di Asia Tenggara. Arsitektur bangunan ini berbentuk tinggi dan ramping sesuai dengan arsitektur Hindu pada umumnya dengan candi Siwa sebagai candi utama memiliki ketinggian mencapai 47 meter menjulang di tengah kompleks gugusan candi-candi yang lebih kecil. Sebagai salah satu candi termegah di Asia Tenggara, candi Prambanan menjadi daya tarik kunjungan wisatawan dari seluruh dunia.Menurut prasasti Siwagrha, candi ini mulai dibangun pada sekitar tahun 850 masehi oleh Rakai Pikatan, dan terus dikembangkan dan diperluas oleh Balitung Maha Sambu, pada masa kerajaan Medang Mataram.",Budaya,Yogyakarta,50000,4.7,https://lh5.googleusercontent.com/p/AF1QipOL0suxaSdnNTNtwOScE1G7xltqf3wD67Ziufvg=w408-h544-k-no,"https://www.google.com/maps/place/Prambanan+Temple/@-7.7520206,110.4914674,17z/data=!3m1!4b1!4m6!3m5!1s0x2e7a5ae3dbd859d1:0x19e7a03b25955a2d!8m2!3d-7.7520206!4d110.4914674!16zL20vMDJzMF80?entry=ttu","Candi Prambanan Budaya Yogyakarta Candi Prambanan atau Candi Roro Jonggrang (bahasa Jawa: ꦕꦤ꧀ꦝꦶ​ꦥꦿꦩ꧀ꦧꦤꦤ꧀, translit. Candhi Prambanan) adalah kompleks candi Hindu terbesar di Indonesia yang dibangun pada abad ke-9 masehi. Candi ini dipersembahkan untuk Trimurti, tiga dewa utama Hindu yaitu Brahma sebagai dewa pencipta, Wisnu sebagai dewa pemelihara, dan Siwa sebagai dewa pemusnah. Berdasarkan prasasti Siwagrha nama asli kompleks candi ini adalah Siwagrha (bahasa Sanskerta yang bermakna 'Rumah Siwa'), dan memang di garbagriha (ruang utama) candi ini bersemayam arca Siwa Mahadewa setinggi tiga meter yang menujukkan bahwa di candi ini dewa Siwa lebih diutamakan.\nKompleks percandian Candi Prambanan secara keseluruhan berada di wilayah provinsi Daerah Istimewa Yogyakarta, namun pintu administrasinya berada di Daerah Istimewa Surakarta (sekarang bagian Provinsi Jawa Tengah), hal ini yang membuat Candi Prambanan terletak di 2 tempat yakni di Desa Bokoharjo, Kecamatan Prambanan, Kabupaten Sleman, dan di Desa Tlogo, Kecamatan Prambanan, Kabupaten Klaten, atau kurang lebih 17 kilometer timur laut Yogyakarta, 50 kilometer barat daya Surakarta dan 120 kilometer selatan Semarang, persis di perbatasan antara Daerah Istimewa Yogyakarta dan Daerah Istimewa Surakarta.Candi ini adalah termasuk Situs Warisan Dunia UNESCO, candi Hindu terbesar di Indonesia, sekaligus salah satu candi terindah di Asia Tenggara. Arsitektur bangunan ini berbentuk tinggi dan ramping sesuai dengan arsitektur Hindu pada umumnya dengan candi Siwa sebagai candi utama memiliki ketinggian mencapai 47 meter menjulang di tengah kompleks gugusan candi-candi yang lebih kecil. Sebagai salah satu candi termegah di Asia Tenggara, candi Prambanan menjadi daya tarik kunjungan wisatawan dari seluruh dunia.Menurut prasasti Siwagrha, candi ini mulai dibangun pada sekitar tahun 850 masehi oleh Rakai Pikatan, dan terus dikembangkan dan diperluas oleh Balitung Maha Sambu, pada masa kerajaan Medang Mataram.",candi prambanan budaya yogyakarta candi prambanan candi roro jonggrang  bahasa jawa    translit  candhi prambanan  kompleks candi hindu besar indonesia bangun abad ke-9 masehi  candi sembah trimurti  dewa utama hindu brahma dewa cipta  wisnu dewa pelihara  siwa dewa musnah  dasar prasasti siwagrha nama asli kompleks candi siwagrha  bahasa sanskerta makna rumah siwa    garbagriha  ruang utama  candi semayam arca siwa mahadewa meter menujukkan candi dewa siwa utama nkompleks candi candi prambanan wilayah provinsi daerah istimewa yogyakarta  pintu administrasi daerah istimewa surakarta  provinsi jawa   candi prambanan letak 2 desa bokoharjo  camat prambanan  kabupaten sleman  desa tlogo  camat prambanan  kabupaten klaten  17 kilometer timur laut yogyakarta  50 kilometer barat daya surakarta 120 kilometer selatan semarang  persis batas daerah istimewa yogyakarta daerah istimewa surakarta candi situs waris dunia unesco  candi hindu besar indonesia  salah candi indah asia tenggara  arsitektur bangun bentuk ramping sesuai arsitektur hindu candi siwa candi utama milik tinggi capai 47 meter julang kompleks gugus candi  salah candi megah asia tenggara  candi prambanan daya tarik kunjung wisatawan dunia turut prasasti siwagrha  candi bangun 850 masehi raka pikat  kembang luas balitung maha sambu  raja medang mataram
122,Watu Goyang,"Watu Goyang ini berasal dari Bahasa Jawa yang berarti Batu yang bergoyang. Dulunya di tempat ini terdapat batu yang berada di puncak yang bias bergoyang ketika disentuh maupun didorong. Batu tersebut sudah ada sejak ratuhan tahun yang lalu. Para pengelola menjelaskan bahwa Watu Goyang ini tidak pernah roboh walaupun disetuh bahkan di panjat, tetapi pihak pengelola melarang kesar untuk pengunjung yang mencoba menaiki Watu Goyang tersebut karena akan sangat berbahaya bagi keselamatan. Keunikan dari batu raksasa itu adalah stukturnya yang memuat tonjolan-tonjolan yang unik. Pemandangan alam yang masih hijau dan gunung merapi terlihat sangat alami, sangat cocok bagi para pengunjung untuk menghilangkan rasa bosan dengan aktivitas sehari-hari di perkotaan. Berada di puncak ini pengunjung akan merasakan sejuknya suhu udara, terutama pada pagi hari. Dan ketika di siang hari, meskipun cuaca sedang panas, maka hembusan angin yang menyapa terasa segar dan nyaman.",Budaya,Yogyakarta,2500,4.4,https://lh5.googleusercontent.com/p/AF1QipO9PPwjDcVGUo02HSaOvmksp8Od3npFYajMNUUl=w408-h272-k-no,"https://www.google.com/maps/place/Watu+Goyang/@-7.9274086,110.4120586,17z/data=!3m1!4b1!4m6!3m5!1s0x2e7a548fd0091f07:0xf2e5878e2fc74574!8m2!3d-7.9274086!4d110.4120586!16s%2Fg%2F11c31tj_lg?entry=ttu","Watu Goyang Budaya Yogyakarta Watu Goyang ini berasal dari Bahasa Jawa yang berarti Batu yang bergoyang. Dulunya di tempat ini terdapat batu yang berada di puncak yang bias bergoyang ketika disentuh maupun didorong. Batu tersebut sudah ada sejak ratuhan tahun yang lalu. Para pengelola menjelaskan bahwa Watu Goyang ini tidak pernah roboh walaupun disetuh bahkan di panjat, tetapi pihak pengelola melarang kesar untuk pengunjung yang mencoba menaiki Watu Goyang tersebut karena akan sangat berbahaya bagi keselamatan. Keunikan dari batu raksasa itu adalah stukturnya yang memuat tonjolan-tonjolan yang unik. Pemandangan alam yang masih hijau dan gunung merapi terlihat sangat alami, sangat cocok bagi para pengunjung untuk menghilangkan rasa bosan dengan aktivitas sehari-hari di perkotaan. Berada di puncak ini pengunjung akan merasakan sejuknya suhu udara, terutama pada pagi hari. Dan ketika di siang hari, meskipun cuaca sedang panas, maka hembusan angin yang menyapa terasa segar dan nyaman.",watu goyang budaya yogyakarta watu goyang asal bahasa jawa batu goyang  dulunya batu puncak bias goyang sentuh dorong  batu ratuhan  kelola watu goyang roboh disetuh panjat  kelola larang sar unjung coba watu goyang bahaya selamat  uni batu raksasa stukturnya muat tonjol unik  pandang alam hijau gunung rapi alami  cocok unjung hilang bosan aktivitas hari kota  puncak unjung rasa sejuk suhu udara  pagi  siang  cuaca panas  hembus angin sapa segar nyaman
123,Kampung Wisata Rejowinangun,"Kampung wisata Rejowinangun terletak di Kelurahan rejowinangun, Kecamatan Kotagede, Kota Yogyakarta tepatnya sebelah selatan Kebun binatang Gembiraloka. Kampung wisata ini telah dirintis sejak tahun 2010 dan dengan kerjasama seluruh elemen masyarakat, pada tanggal 04 Oktober 2013 oleh Kepala dinas Pariwisata Kota Yogyakarta, Kampung Wisata Rejowinangun diresmikan. Kelurahan Rejowinangun merupakan satu kelurahan dari tiga kelurahan yang ada di Kecamatan Kotagede, sebuah kecamatan diujung timur Kota Yogyakarta yang terkenal dengan perak dan bekas kerajaan Mataram. Kelurahan Rejowinangun memiliki banyak potensi yang jika dikembangkan sungguh akan sangat luar biasa, meskpun saat ini yang terkenal baru Kebun Raya Kebun Binatang (KRKB) Gembiraloka yang lokasinya berada di wilayah Kelurahan Rejowinangun. Dengan adanya tempat wisata KRKB Gembiraloka di wilayah ini, berusaha mengembangkan wilayah kelurahan dengan potensi yang ada sehingga wisatawan selain mengunjungi Gembiraloka bisa singgah di kampung wisata ini.
",Budaya,Yogyakarta,0,4.5,https://lh5.googleusercontent.com/p/AF1QipPK8ZKkopWAxk0icACDS_M2gRqbvzAvkuQn1mnt=w408-h306-k-no,"https://www.google.com/maps/place/Kampung+Wisata+Rejowinangun/@-7.8152776,110.3988359,17z/data=!3m1!4b1!4m6!3m5!1s0x2e7a576c91b42bc9:0x3d6b43545f6606be!8m2!3d-7.8152776!4d110.3988359!16s%2Fg%2F11d_2bd91y?entry=ttu","Kampung Wisata Rejowinangun Budaya Yogyakarta Kampung wisata Rejowinangun terletak di Kelurahan rejowinangun, Kecamatan Kotagede, Kota Yogyakarta tepatnya sebelah selatan Kebun binatang Gembiraloka. Kampung wisata ini telah dirintis sejak tahun 2010 dan dengan kerjasama seluruh elemen masyarakat, pada tanggal 04 Oktober 2013 oleh Kepala dinas Pariwisata Kota Yogyakarta, Kampung Wisata Rejowinangun diresmikan. Kelurahan Rejowinangun merupakan satu kelurahan dari tiga kelurahan yang ada di Kecamatan Kotagede, sebuah kecamatan diujung timur Kota Yogyakarta yang terkenal dengan perak dan bekas kerajaan Mataram. Kelurahan Rejowinangun memiliki banyak potensi yang jika dikembangkan sungguh akan sangat luar biasa, meskpun saat ini yang terkenal baru Kebun Raya Kebun Binatang (KRKB) Gembiraloka yang lokasinya berada di wilayah Kelurahan Rejowinangun. Dengan adanya tempat wisata KRKB Gembiraloka di wilayah ini, berusaha mengembangkan wilayah kelurahan dengan potensi yang ada sehingga wisatawan selain mengunjungi Gembiraloka bisa singgah di kampung wisata ini.
",kampung wisata rejowinangun budaya yogyakarta kampung wisata rejowinangun letak lurah rejowinangun  camat kotagede  kota yogyakarta tepat belah selatan kebun binatang gembiraloka  kampung wisata rintis 2010 kerjasama elemen masyarakat  tanggal 04 oktober 2013 kepala dinas pariwisata kota yogyakarta  kampung wisata rejowinangun resmi  lurah rejowinangun lurah lurah camat kotagede  camat ujung timur kota yogyakarta kenal perak bekas raja mataram  lurah rejowinangun milik potensi kembang sungguh  meskpun kenal kebun raya kebun binatang  krkb  gembiraloka lokasi wilayah lurah rejowinangun  wisata krkb gembiraloka wilayah  usaha kembang wilayah lurah potensi wisatawan unjung gembiraloka singgah kampung wisata
124,Kauman Pakualaman Yogyakarta,"Pakualaman adalah sebuah kecamatan di Kota Yogyakarta, Provinsi Daerah Istimewa Yogyakarta, Indonesia. Kecamatan ini terletak di antara Sungai Code dan Sungai Manunggal. Nama 'Pakualaman' diambil dari Puro Paku Alaman, kediaman resmi Sri Paduka Pakualam yang terletak tepat di tengah-tengah kecamatan ini. Sebelumnya, Pakualaman bukan bagian kota Yogyakarta, melainkan Kabupaten Kota Pakualaman, yang dihapus setelah terbentuknya Pemerintah Kota Yogyakarta pada 1947.
",Budaya,Yogyakarta,0,5,https://streetviewpixels-pa.googleapis.com/v1/thumbnail?panoid=LNTSCIREyMvAVYt0gATtuw&cb_client=search.gws-prod.gps&w=408&h=240&yaw=74.802155&pitch=0&thumbfov=100,"https://www.google.com/maps/place/Pakualaman+Palace/@-7.7999148,110.3762148,17z/data=!3m1!4b1!4m9!3m8!1s0x2e7a5728594a1205:0xf1c9c2f3e6f4d89b!5m2!4m1!1i2!8m2!3d-7.7999148!4d110.3762148!16s%2Fg%2F11vhvnb7f6?entry=ttu","Kauman Pakualaman Yogyakarta Budaya Yogyakarta Pakualaman adalah sebuah kecamatan di Kota Yogyakarta, Provinsi Daerah Istimewa Yogyakarta, Indonesia. Kecamatan ini terletak di antara Sungai Code dan Sungai Manunggal. Nama 'Pakualaman' diambil dari Puro Paku Alaman, kediaman resmi Sri Paduka Pakualam yang terletak tepat di tengah-tengah kecamatan ini. Sebelumnya, Pakualaman bukan bagian kota Yogyakarta, melainkan Kabupaten Kota Pakualaman, yang dihapus setelah terbentuknya Pemerintah Kota Yogyakarta pada 1947.
",kaum pakualaman yogyakarta budaya yogyakarta pakualaman camat kota yogyakarta  provinsi daerah istimewa yogyakarta  indonesia  camat letak sungai code sungai manunggal  nama pakualaman  ambil puro paku alam  diam resmi sri paduka pakualam letak tengah camat   pakualaman kota yogyakarta  kabupaten kota pakualaman  hapus bentuk perintah kota yogyakarta 1947
125,Alun-alun Utara Keraton Yogyakarta,Alun-alun utara atau dalam Bahasa Jawa disebut Alun-alun Lor merupakan salah satu land mark Kota Yogyakarta yang berupa sebuah tanah lapang yang berada di depan Keraton Yogyakarta. Disebut Alun-alun Lor karena di Kota Yogyakarta terdapat dua alun-alun yang letaknya di sebelah selatan dan utara dari Keraton Yogyakarta. Alun-alun Lor berbentuk persegi dengan luas 150 x 150 meter dengan dua pohon beringin besar berpagar yang berada di tengah alun-alun. Dua Pohon Beringin Besar itu masing-masing diberi nama Kyai Dewandaru dan Kyai Wijayandaru. Pada masa lalu di sekeliling Alun-alun Lor ditanam 63 Pohon Beringin yang melambangkan umur Nabi Muhammad SAW.,Budaya,Yogyakarta,0,4.6,https://lh5.googleusercontent.com/p/AF1QipPyb_8P9y12m41dd34PnsLZlO0F09qSvZ1O5yDE=w426-h240-k-no,"https://www.google.com/maps/place/Yogyakarta+Northern+Square/@-7.8038975,110.3644232,17z/data=!3m1!4b1!4m6!3m5!1s0x2e7a578eff189057:0xfa69e0635f45b96d!8m2!3d-7.8038975!4d110.3644232!16s%2Fg%2F11d_d50f96?entry=ttu",Alun-alun Utara Keraton Yogyakarta Budaya Yogyakarta Alun-alun utara atau dalam Bahasa Jawa disebut Alun-alun Lor merupakan salah satu land mark Kota Yogyakarta yang berupa sebuah tanah lapang yang berada di depan Keraton Yogyakarta. Disebut Alun-alun Lor karena di Kota Yogyakarta terdapat dua alun-alun yang letaknya di sebelah selatan dan utara dari Keraton Yogyakarta. Alun-alun Lor berbentuk persegi dengan luas 150 x 150 meter dengan dua pohon beringin besar berpagar yang berada di tengah alun-alun. Dua Pohon Beringin Besar itu masing-masing diberi nama Kyai Dewandaru dan Kyai Wijayandaru. Pada masa lalu di sekeliling Alun-alun Lor ditanam 63 Pohon Beringin yang melambangkan umur Nabi Muhammad SAW.,alun utara keraton yogyakarta budaya yogyakarta alun utara bahasa jawa alun lor salah land mark kota yogyakarta tanah lapang keraton yogyakarta  alun lor kota yogyakarta alun letak belah selatan utara keraton yogyakarta  alun lor bentuk persegi luas 150 x 150 meter pohon beringin pagar alun  pohon beringin nama kyai dewandaru kyai wijayandaru  keliling alun lor tanam 63 pohon beringin melambang umur nabi muhammad saw
126,Pantai Goa Cemara,"Pantai Goa Cemara (bahasa Jawa: ꦥꦱꦶꦱꦶꦂ​ ꦒꦸꦮ​ ꦕꦺꦩꦫ, translit. Pasisir Guwa Cemara​) adalah objek wisata pantai yang terletak di Dusun Patihan, Desa Gadingsari, Kecamatan Sanden, Kabupaten Bantul. Daerah Istimewa Yogyakarta. Pantai ini terletak tepatnya berdampingan dengan Pantai Samas dan Pantai Pandansari.\n\nPantai ini memiliki pasir berwarna hitam tapi lembut dengan ombak yang cukup besar kerakteristik pantai selatan. Pantai ini merupakan pantai pengembangan baru dimana terdapat banyak pohong Cemara udang rindang membentuk seperti goa, hal ini yang membuat pantai ini dinamai Goa Cemara. Pohon Cemara ini bertujuan untuk melindungi abrasi air laut dan menahan gumuk pasir supaya tidak mengalamai perpindahan akibat tiupan angin.",Bahari,Yogyakarta,4000,4.4,https://lh5.googleusercontent.com/p/AF1QipPVZkx5msQDSbQy-GfCPNomL7fWxcv4iErNRs7u=w533-h240-k-no,"https://www.google.com/maps/place/Goa+Cemara+Beach/@-7.999423,110.248963,17z/data=!3m1!4b1!4m6!3m5!1s0x2e7b019a9d466d4d:0x120dd2ab8dbce03b!8m2!3d-7.999423!4d110.248963!16s%2Fg%2F11c5_cls0x?entry=ttu","Pantai Goa Cemara Bahari Yogyakarta Pantai Goa Cemara (bahasa Jawa: ꦥꦱꦶꦱꦶꦂ​ ꦒꦸꦮ​ ꦕꦺꦩꦫ, translit. Pasisir Guwa Cemara​) adalah objek wisata pantai yang terletak di Dusun Patihan, Desa Gadingsari, Kecamatan Sanden, Kabupaten Bantul. Daerah Istimewa Yogyakarta. Pantai ini terletak tepatnya berdampingan dengan Pantai Samas dan Pantai Pandansari.\n\nPantai ini memiliki pasir berwarna hitam tapi lembut dengan ombak yang cukup besar kerakteristik pantai selatan. Pantai ini merupakan pantai pengembangan baru dimana terdapat banyak pohong Cemara udang rindang membentuk seperti goa, hal ini yang membuat pantai ini dinamai Goa Cemara. Pohon Cemara ini bertujuan untuk melindungi abrasi air laut dan menahan gumuk pasir supaya tidak mengalamai perpindahan akibat tiupan angin.",pantai goa cemara bahari yogyakarta pantai goa cemara  bahasa jawa      translit  pasisir guwa cemara  objek wisata pantai letak dusun patih  desa gadingsari  camat sanden  kabupaten bantul  daerah istimewa yogyakarta  pantai letak tepat damping pantai samas pantai pandansari n npantai milik pasir warna hitam lembut ombak kerakteristik pantai selatan  pantai pantai kembang mana pohong cemara udang rindang bentuk goa  pantai nama goa cemara  pohon cemara tuju lindung abrasi air laut tahan gumuk pasir mengalamai pindah akibat tiup angin
127,Blue Lagoon Jogja,"Blue Lagoon adalah salah satu wisata air Jogja yang sudah sangat terkenal dan banyak dikunjungi oleh wisatawan dari berbagai daerah penjuru. Banyak yang menganggap bahwa Blue Lagoon sebagai surga wisata Jogja tersembunyi. Meskipun keindahan yang ditawarkan oleh tempat ini sangat mahal, namun untuk bisa menikmatinya kamu tidak perlu merogoh kocek dalam2. Karena budget untuk masuk ke area wisata ini tidak semahal yang ada di Islandia.",Taman Hiburan,Yogyakarta,10000,4.3,https://lh5.googleusercontent.com/p/AF1QipNsp6Y5n_iIfWK8d-DhmR1q4krhkukFQExOJhXA=w408-h306-k-no,"https://google.com/maps/place/Blue+Lagoon+Jogja/@-7.7028328,110.4491103,17z/data=!3m1!4b1!4m6!3m5!1s0x2e7a5c75eba9da15:0xd4d6063b3b163462!8m2!3d-7.7028328!4d110.4491103!16s%2Fg%2F11b6vhjqrb?entry=ttu","Blue Lagoon Jogja Taman Hiburan Yogyakarta Blue Lagoon adalah salah satu wisata air Jogja yang sudah sangat terkenal dan banyak dikunjungi oleh wisatawan dari berbagai daerah penjuru. Banyak yang menganggap bahwa Blue Lagoon sebagai surga wisata Jogja tersembunyi. Meskipun keindahan yang ditawarkan oleh tempat ini sangat mahal, namun untuk bisa menikmatinya kamu tidak perlu merogoh kocek dalam2. Karena budget untuk masuk ke area wisata ini tidak semahal yang ada di Islandia.",blue lagoon jogja taman hibur yogyakarta blue lagoon salah wisata air jogja kenal kunjung wisatawan daerah penjuru  anggap blue lagoon surga wisata jogja sembunyi  indah tawar mahal  nikmat rogoh kocek dalam2  budget masuk area wisata mahal islandia
128,Gumuk Pasir Parangkusumo,"Gumuk Pasir Parangkusumo (bahasa Jawa: ꦒꦸꦩꦸꦏ꧀​ꦥꦱꦶꦂ​ꦥꦫꦁ​ꦏꦸꦱꦸꦩ, translit. Gumuk Pasir Parangkusuma) adalah objek wisata di Kabupaten Bantul, Yogyakarta, letaknya di sebelah barat Pantai Parangtritis, yaitu di Desa Parangtritis, Kecamatan Kretek, Kabupaten Bantul, Daerah Istimewa Yogyakarta. Gumuk Pasir ini memiliki sejumlah keistimewaan terkait dengan jumlahnya hanya terbatas di dunia.\nNama ""Gumuk"" berasal dari bahasa Jawa yang artinya gundukan-gundukan pasir yang terhampar luas. Gumuk Pasir Yogyakarta terbentuk dari material Gunung Merapi yang kemudian mengalami transportasi melalui Sungai Opak dan Sungai Progo yang kemudian terbawa ombak dan mengendap di pantai. Material yang mengendap kemudian mengering dan terbawa angin lalu terbang kedaratan sehingga mengalami proses deposisi menjadi Gumuk Pasir.",Taman Hiburan,Yogyakarta,0,4.5,https://lh5.googleusercontent.com/p/AF1QipMS96tFp_Ods2h2W5646DHERpWZdVf-pEbhYG6q=w408-h304-k-no,"https://www.google.com/maps/place/Gumuk+Pasir+Parangkusumo/@-8.01845,110.3195509,17z/data=!3m1!4b1!4m6!3m5!1s0x2e7b009013455d2f:0x22e1771beec2dd40!8m2!3d-8.01845!4d110.3195509!16s%2Fg%2F11clt8fcsz?entry=ttu","Gumuk Pasir Parangkusumo Taman Hiburan Yogyakarta Gumuk Pasir Parangkusumo (bahasa Jawa: ꦒꦸꦩꦸꦏ꧀​ꦥꦱꦶꦂ​ꦥꦫꦁ​ꦏꦸꦱꦸꦩ, translit. Gumuk Pasir Parangkusuma) adalah objek wisata di Kabupaten Bantul, Yogyakarta, letaknya di sebelah barat Pantai Parangtritis, yaitu di Desa Parangtritis, Kecamatan Kretek, Kabupaten Bantul, Daerah Istimewa Yogyakarta. Gumuk Pasir ini memiliki sejumlah keistimewaan terkait dengan jumlahnya hanya terbatas di dunia.\nNama ""Gumuk"" berasal dari bahasa Jawa yang artinya gundukan-gundukan pasir yang terhampar luas. Gumuk Pasir Yogyakarta terbentuk dari material Gunung Merapi yang kemudian mengalami transportasi melalui Sungai Opak dan Sungai Progo yang kemudian terbawa ombak dan mengendap di pantai. Material yang mengendap kemudian mengering dan terbawa angin lalu terbang kedaratan sehingga mengalami proses deposisi menjadi Gumuk Pasir.",gumuk pasir parangkusumo taman hibur yogyakarta gumuk pasir parangkusumo  bahasa jawa    translit  gumuk pasir parangkusuma  objek wisata kabupaten bantul  yogyakarta  letak belah barat pantai parangtritis  desa parangtritis  camat kretek  kabupaten bantul  daerah istimewa yogyakarta  gumuk pasir milik istimewa kait batas dunia nnama  gumuk  asal bahasa jawa gundu pasir hampar luas  gumuk pasir yogyakarta bentuk material gunung rapi alami transportasi sungai opak sungai progo bawa ombak endap pantai  material endap ering bawa angin terbang darat alami proses deposisi gumuk pasir
129,Bukit Lintang Sewu,"Bukit Lintang Sewu ini berasal ketika pada saat malam hari di bukit ini terlihat ribuan bintang – bintang yang membentang luas di angkasa. Dalam bahasa Jawa Bukit Seribu Bintang adalah Bukit Lintang Sewu (lintang: bintang, sewu: seribu). Pemandangan alam yang tidak kalah mempesona membuat Bukit Langit Sewu ini menjadi tempat favorit bagi pecinta alam. Pada saat menuju bukit, pengunjung akan disuguhkan dengan pepohonan pinus, tetapi saat sampai pengunjung akan disuguhkan panorama hutan Kayu Putih yang menjadi keunikan tempat wisata ini. Diatas pohon Kayu Putih ini juga terdapat Burung Alap-alap yang melintas diatas pohonnya. Selain itu pengunjung juga akan dimanjakan dengan deretan pegunungan seperti Gunung merbabu, Gunung Sumbing, Menoreh, dan Gunung Merapi.
",Taman Hiburan,Yogyakarta,2000,4.5,https://lh3.googleusercontent.com/gps-proxy/ALd4DhFXvNR2jbkLYUzYqz-d8kn2j3F8yDdjYpXMzrzrAeNxklfmTSIaghgZ30OkGfD11MjrFveDmNQ7Mqgh5bB1JCDQAILefvTclmtn-e1QfcuGj5q3xJf3DJdX9X3MHdA20fpnEO992pz_D2NW7O4M7pjwOGBqm6_tzqjjDkYwQAKmysBzTd-aUeM=w408-h297-k-no,"https://www.google.com/maps/place/Bukit+Lintang+Sewu/@-7.9157997,110.4366436,17z/data=!3m1!4b1!4m9!3m8!1s0x2e7a53828cd3eced:0x87a0debce17a6da7!5m2!4m1!1i2!8m2!3d-7.9157997!4d110.4366436!16s%2Fg%2F11cp91tmrq?entry=ttu","Bukit Lintang Sewu Taman Hiburan Yogyakarta Bukit Lintang Sewu ini berasal ketika pada saat malam hari di bukit ini terlihat ribuan bintang – bintang yang membentang luas di angkasa. Dalam bahasa Jawa Bukit Seribu Bintang adalah Bukit Lintang Sewu (lintang: bintang, sewu: seribu). Pemandangan alam yang tidak kalah mempesona membuat Bukit Langit Sewu ini menjadi tempat favorit bagi pecinta alam. Pada saat menuju bukit, pengunjung akan disuguhkan dengan pepohonan pinus, tetapi saat sampai pengunjung akan disuguhkan panorama hutan Kayu Putih yang menjadi keunikan tempat wisata ini. Diatas pohon Kayu Putih ini juga terdapat Burung Alap-alap yang melintas diatas pohonnya. Selain itu pengunjung juga akan dimanjakan dengan deretan pegunungan seperti Gunung merbabu, Gunung Sumbing, Menoreh, dan Gunung Merapi.
",bukit lintang sewu taman hibur yogyakarta bukit lintang sewu asal malam bukit ribu bintang  bintang bentang luas angkasa  bahasa jawa bukit ribu bintang bukit lintang sewu  lintang  bintang  sewu  ribu   pandang alam kalah pesona bukit langit sewu favorit cinta alam  bukit  unjung suguh pohon pinus  unjung suguh panorama hutan kayu putih uni wisata  atas pohon kayu putih burung alap lintas atas pohon  unjung manja deret gunung gunung merbabu  gunung sumbing  toreh  gunung rapi
130,Studio Alam Gamplong,"Studio Gamplong atau Studio Alam Gamplong adalah sebuah tempat wisata yang terletak di Desa Gamplong, Kecamatan Moyudan, Kabupaten Sleman. Tempat tersebut awalnya adalah tempat pengambilan gambar film Sultan Agung: Tahta, Perjuangan, Cinta dan Bumi Manusia karya Hanung Bramantyo. Tempat tersebut didirikan di atas lahan seluas 2,5 hektar. Tempat tersebut diresmikan oleh Presiden Joko Widodo pada 15 Juli 2018.",Taman Hiburan,Yogyakarta,10000,4.5,https://lh5.googleusercontent.com/p/AF1QipMgtoTqsefKsexZenmo0MHIuMqF-IugU_FMdono=w426-h240-k-no,"https://www.google.com/maps/place/Gamplong+Studio+Alam/@-7.8057936,110.2367304,17z/data=!3m1!4b1!4m6!3m5!1s0x2e7af9ff6dd01d45:0x43db2ec637a30b5d!8m2!3d-7.8057936!4d110.2367304!16s%2Fg%2F11b7_1sr2h?entry=ttu","Studio Alam Gamplong Taman Hiburan Yogyakarta Studio Gamplong atau Studio Alam Gamplong adalah sebuah tempat wisata yang terletak di Desa Gamplong, Kecamatan Moyudan, Kabupaten Sleman. Tempat tersebut awalnya adalah tempat pengambilan gambar film Sultan Agung: Tahta, Perjuangan, Cinta dan Bumi Manusia karya Hanung Bramantyo. Tempat tersebut didirikan di atas lahan seluas 2,5 hektar. Tempat tersebut diresmikan oleh Presiden Joko Widodo pada 15 Juli 2018.",studio alam gamplong taman hibur yogyakarta studio gamplong studio alam gamplong wisata letak desa gamplong  camat moyudan  kabupaten sleman  ambil gambar film sultan agung  tahta  juang  cinta bumi manusia karya hanung bramantyo  diri lahan luas 2 5 hektar  resmi presiden joko widodo 15 juli 2018
131,Watu Lumbung,"Letak Kampung Edukasi Watu Lumbung yang berada di area perbukitan dipenuhi rerimbunan pohon jati, membuat pemandadangan dari tempat ini sangat indah sekali. Watu Lumbung dikonsep oleh M Boy Rifai sebagai tempat yang mengajarkan nilai-nilai edukasi, di mana Boy Rifai telah berhasil menyulap lahan tandus yang dulunya dibiarkan saja, kini menjadi tempat eksotis untuk menikmati malam maupun melihat sunset dan sunrise. Untuk menjaga keasrian di daerah sekitar tempat wisata pengelolah sengaja membangun area ini sebagai kawasan wisata yang selaras dengan alam.",Cagar Alam,Yogyakarta,5000,4,https://lh5.googleusercontent.com/p/AF1QipONw8sEBEiAEDRYmD3zpZaSrama-KYBbms8JNyD=w408-h721-k-no,"https://www.google.com/maps/place/Watu+Lumbung+(+Watu+Putih+)/@-8.002117,110.3247429,17z/data=!3m1!4b1!4m6!3m5!1s0x2e7b007dd65fe04f:0x651171644e9ce7d7!8m2!3d-8.002117!4d110.3247429!16s%2Fg%2F11c1q8nxtv?entry=ttu","Watu Lumbung Cagar Alam Yogyakarta Letak Kampung Edukasi Watu Lumbung yang berada di area perbukitan dipenuhi rerimbunan pohon jati, membuat pemandadangan dari tempat ini sangat indah sekali. Watu Lumbung dikonsep oleh M Boy Rifai sebagai tempat yang mengajarkan nilai-nilai edukasi, di mana Boy Rifai telah berhasil menyulap lahan tandus yang dulunya dibiarkan saja, kini menjadi tempat eksotis untuk menikmati malam maupun melihat sunset dan sunrise. Untuk menjaga keasrian di daerah sekitar tempat wisata pengelolah sengaja membangun area ini sebagai kawasan wisata yang selaras dengan alam.",watu lumbung cagar alam yogyakarta letak kampung edukasi watu lumbung area bukit penuh rimbun pohon jati  pemandadangan indah  watu lumbung konsep m boy rifai ajar nilai edukasi  boy rifai hasil sulap lahan tandus dulunya biar  eksotis nikmat malam sunset sunrise  jaga asri daerah wisata elo sengaja bangun area kawasan wisata selaras alam
132,Air Terjun Kedung Pedut,"Air Terjun Kedung Pedut atau biasa disebut Curug Kedung Pedut berasal dari istilah bahasa Jawa. Curug yang berarti air terjun, kedung berarti kubangan atau kolam, dan pedut berarti kabut. Air Terjun Kedung Pedut merupakan salah satu wisata alam yang di Kulonprogo yang dikenal karena keindahan warna airnya.",Cagar Alam,Yogyakarta,20000,4.5,https://lh5.googleusercontent.com/p/AF1QipMBKezVMVHKelACmKU7YWtRtu1oVasOXhG8JjvU=w408-h272-k-no,"https://www.google.com/maps/place/Kedung+Pedut+Waterfall/@-7.7699875,110.1210707,17z/data=!3m1!4b1!4m6!3m5!1s0x2e7aefcb98e324b9:0x417b7b093fdf367f!8m2!3d-7.7699875!4d110.1210707!16s%2Fg%2F11clgcfjzw?entry=ttu","Air Terjun Kedung Pedut Cagar Alam Yogyakarta Air Terjun Kedung Pedut atau biasa disebut Curug Kedung Pedut berasal dari istilah bahasa Jawa. Curug yang berarti air terjun, kedung berarti kubangan atau kolam, dan pedut berarti kabut. Air Terjun Kedung Pedut merupakan salah satu wisata alam yang di Kulonprogo yang dikenal karena keindahan warna airnya.",air terjun kedung pedut cagar alam yogyakarta air terjun kedung pedut curug kedung pedut asal istilah bahasa jawa  curug air terjun  kedung kubang kolam  pedut kabut  air terjun kedung pedut salah wisata alam kulonprogo kenal indah warna air
133,Puncak Kebun Buah Mangunan,"Berlibur di pegunungan memang menyenangkan. Dapat menikmati sejuknya udara serta pemandangan indah dari atas perbukitan. Wisata seperti ini dapat dinikmati di Bantul, tepatnya di Kebun Buah Mangunan. Beruntungnya Jogja dikaruniai bentang alam yang begitu indah. Ada pantai, gunung, bukit, serta kota dan budaya yang sangat menarik. Kebun Buah Mangunan hadir sebagai objek wisata yang begitu menarik minat wisatawan. Apalagi di pagi hari, pemandangannya tak ubahnya seperti negeri di atas awan.
",Taman Hiburan,Yogyakarta,5000,4.7,https://lh5.googleusercontent.com/p/AF1QipPDenOo71TlRspwCsSzRAgu8RdFLQmLwSk9ppA=w408-h306-k-no,"https://www.google.com/maps/place/Kebun+Buah+Mangunan/@-7.9413718,110.4247345,17z/data=!3m1!4b1!4m6!3m5!1s0x2e7a5366aaaaaaab:0x11765ecd87201338!8m2!3d-7.9413718!4d110.4247345!16s%2Fg%2F11dyxbkz1w?entry=ttu","Puncak Kebun Buah Mangunan Taman Hiburan Yogyakarta Berlibur di pegunungan memang menyenangkan. Dapat menikmati sejuknya udara serta pemandangan indah dari atas perbukitan. Wisata seperti ini dapat dinikmati di Bantul, tepatnya di Kebun Buah Mangunan. Beruntungnya Jogja dikaruniai bentang alam yang begitu indah. Ada pantai, gunung, bukit, serta kota dan budaya yang sangat menarik. Kebun Buah Mangunan hadir sebagai objek wisata yang begitu menarik minat wisatawan. Apalagi di pagi hari, pemandangannya tak ubahnya seperti negeri di atas awan.
",puncak kebun buah mangun taman hibur yogyakarta libur gunung senang  nikmat sejuk udara pandang indah bukit  wisata nikmat bantul  tepat kebun buah mangun  untung jogja karunia bentang alam indah  pantai  gunung  bukit  kota budaya tarik  kebun buah mangun hadir objek wisata tarik minat wisatawan  pagi  pandang ubah negeri awan
134,Desa Wisata Gamplong,"Desa Wisata Gamplong adalah desa wisata kerajinan tenun yang berada di Padukuhan Gamplong Desa Sumber Rahayu Kecamatan Moyudan Kabupaten Sleman, Yogyakarta. Desa wisata yang terletak di sebelah barat Kota Yogyakarta ini cukup menarik untuk disinggahi wisatawan terlebih karena masih adanya industri kerajinan tenun tradisional dengan menggunakan Alat Tenun Bukan Mesin (ATBM). Dengan ATBM, masyarakat perajin Gamplong mampu menghasilkan kain tenun sebagai bahan stagen (kain panjang untuk melilit bagian perut wanita). Selain kerajinan tenun, perajin juga mampu memproduksi kerajinan anyaman untuk suvenir.",Taman Hiburan,Yogyakarta,10000,4.5,https://lh5.googleusercontent.com/p/AF1QipMgtoTqsefKsexZenmo0MHIuMqF-IugU_FMdono=w426-h240-k-no,"https://www.google.com/maps/place/Gamplong+Studio+Alam/@-7.8057936,110.2345417,17z/data=!4m10!1m2!2m1!1sdesa+wisata+gamplong!3m6!1s0x2e7af9ff6dd01d45:0x43db2ec637a30b5d!8m2!3d-7.8057936!4d110.2367304!15sChRkZXNhIHdpc2F0YSBnYW1wbG9uZ1oWIhRkZXNhIHdpc2F0YSBnYW1wbG9uZ5IBEnRvdXJpc3RfYXR0cmFjdGlvbpoBJENoZERTVWhOTUc5blMwVkpRMEZuU1VSdGRqVnhkemhSUlJBQuABAA!16s%2Fg%2F11b7_1sr2h?entry=ttu","Desa Wisata Gamplong Taman Hiburan Yogyakarta Desa Wisata Gamplong adalah desa wisata kerajinan tenun yang berada di Padukuhan Gamplong Desa Sumber Rahayu Kecamatan Moyudan Kabupaten Sleman, Yogyakarta. Desa wisata yang terletak di sebelah barat Kota Yogyakarta ini cukup menarik untuk disinggahi wisatawan terlebih karena masih adanya industri kerajinan tenun tradisional dengan menggunakan Alat Tenun Bukan Mesin (ATBM). Dengan ATBM, masyarakat perajin Gamplong mampu menghasilkan kain tenun sebagai bahan stagen (kain panjang untuk melilit bagian perut wanita). Selain kerajinan tenun, perajin juga mampu memproduksi kerajinan anyaman untuk suvenir.",desa wisata gamplong taman hibur yogyakarta desa wisata gamplong desa wisata rajin tenun padukuhan gamplong desa sumber rahayu camat moyudan kabupaten sleman  yogyakarta  desa wisata letak belah barat kota yogyakarta tarik singgah wisatawan industri rajin tenun tradisional alat tenun mesin  atbm   atbm  masyarakat rajin gamplong hasil kain tenun bahan stagen  kain lilit perut wanita   rajin tenun  rajin produksi rajin anyam suvenir
135,Kawasan Wisata Sosrowijayan,"Tempat wisata Sosrowijayan memang selama ini dikenal sebagai Wisata Kampung bule, lokasinya sendiri berada di pusat kota Yogyakarta sehingga hampir tiap hari di lokasi ini banyak sekali pengunjungnya yang sangat padat. Bagi Anda yang ingin berkunjung ke sini, harus menggunakan kendaraan karena dari arah stasiun Tugu Anda tinggal berjalan selama 200 meter selanjutnya anda pun akan langsung menemukan daerah Sosrowijayan yang mempunyai tanda yaitu Sebuah Jalan Kecil menuju Barat dengan nama yang sama. Wisata unik sosrowijayan menjadi membagi dua daerah yaitu Sosrowijayan Wetan dan Sosrowijayan Kulon dan menjadi penghubung jalan Jogonegaran dan Jalan Malioboro. Akan tetapi untuk Sosrowijayan Wetan yang saat ini langsung terkenal sampai ke penjuru dunia dan dikenal sebagai Kampung turis kedua di Yogyakarta setelah Prawirotaman. Karena disebut Kampung bule maka disini pun anda akan melihat banyak sekali turis dari mancanegara yang menikmati suasana malam di Yogyakarta. Anda pun bisa melihat dua buah busuk seperti yang ada di daerah Prawirotaman ketika memasuki dan pertama. Di daerah ini banyak sekali buku yang dijual seperti novel berbahasa Inggris, buku kecil berbahasa Indonesia, dan beberapa buku yang berkualitas dan pastinya akan memberikan pendidikan bagi para pembacanya.",Pusat Perbelanjaan,Yogyakarta,0,4.2,https://lh5.googleusercontent.com/p/AF1QipMGmXkxjTAJhDoHvQIP4dbC9P71yE2kkInzW8pi=w408-h544-k-no,"https://www.google.com/maps/place/Kawasan+wisata+Sosrowijayan/@-7.7916235,110.361956,17z/data=!3m1!4b1!4m6!3m5!1s0x2e7a5826a47f080b:0xdb58b86128b08e29!8m2!3d-7.7916235!4d110.361956!16s%2Fg%2F11bzwm4vjh?entry=ttu","Kawasan Wisata Sosrowijayan Pusat Perbelanjaan Yogyakarta Tempat wisata Sosrowijayan memang selama ini dikenal sebagai Wisata Kampung bule, lokasinya sendiri berada di pusat kota Yogyakarta sehingga hampir tiap hari di lokasi ini banyak sekali pengunjungnya yang sangat padat. Bagi Anda yang ingin berkunjung ke sini, harus menggunakan kendaraan karena dari arah stasiun Tugu Anda tinggal berjalan selama 200 meter selanjutnya anda pun akan langsung menemukan daerah Sosrowijayan yang mempunyai tanda yaitu Sebuah Jalan Kecil menuju Barat dengan nama yang sama. Wisata unik sosrowijayan menjadi membagi dua daerah yaitu Sosrowijayan Wetan dan Sosrowijayan Kulon dan menjadi penghubung jalan Jogonegaran dan Jalan Malioboro. Akan tetapi untuk Sosrowijayan Wetan yang saat ini langsung terkenal sampai ke penjuru dunia dan dikenal sebagai Kampung turis kedua di Yogyakarta setelah Prawirotaman. Karena disebut Kampung bule maka disini pun anda akan melihat banyak sekali turis dari mancanegara yang menikmati suasana malam di Yogyakarta. Anda pun bisa melihat dua buah busuk seperti yang ada di daerah Prawirotaman ketika memasuki dan pertama. Di daerah ini banyak sekali buku yang dijual seperti novel berbahasa Inggris, buku kecil berbahasa Indonesia, dan beberapa buku yang berkualitas dan pastinya akan memberikan pendidikan bagi para pembacanya.",kawasan wisata sosrowijayan pusat belanja yogyakarta wisata sosrowijayan kenal wisata kampung bule  lokasi pusat kota yogyakarta lokasi unjung padat  kunjung  kendara arah stasiun tugu tinggal jalan 200 meter langsung temu daerah sosrowijayan tanda jalan barat nama  wisata unik sosrowijayan bagi daerah sosrowijayan wetan sosrowijayan kulon hubung jalan jogonegaran jalan malioboro  sosrowijayan wetan langsung kenal penjuru dunia kenal kampung turis yogyakarta prawirotaman  kampung bule turis mancanegara nikmat suasana malam yogyakarta  buah busuk daerah prawirotaman pasuk  daerah buku jual novel bahasa inggris  buku bahasa indonesia  buku kualitas pasti didik baca
136,Grojogan Watu Purbo Bangunrejo,"Objek wisata itu tak adalah Grojogan Watu Purbo yang berada di Bangunrejo, Merdikorejo, Kecamatan Tempel. Objek wisata itu sekitar setahun terakhir cukup populer di kalangan wisatawan karena memiliki pemandangan eksotis berupa air terjun yang memiliki enam tingkatan. Wisatawan yang datang rata-rata menjadikan air terjun itu sebagai latar untuk swafoto karena pemandangannya yang dinilai instagramable. Grojokan Watu Purbo ini tepatnya berlokasi di aliran Kali Krisak, yang merupakan jalur dari lahar dingin yang mengalir dari Gunung Merapi. Pemandangan kawasan ini eksotis karena dikepung pepohonan asri serta hamparan sawah. Munculnya air terjun atau grojogan ini berasal dari enam dam dengan ketinggian bervariasi tak lebih dari 10 meter.",Taman Hiburan,Yogyakarta,10000,4.5,https://lh5.googleusercontent.com/p/AF1QipMelwkRpDSw6GRyPuHOykLjm5awAt1Ru6MZm0BP=w426-h240-k-no,"https://www.google.com/maps/place/Grojogan+Watu+Purbo/@-7.6307204,110.3407695,17z/data=!3m1!4b1!4m6!3m5!1s0x2e7a61a211fa698d:0x1582552d652e1c6f!8m2!3d-7.6307204!4d110.3407695!16s%2Fg%2F11gj73df0s?entry=ttu","Grojogan Watu Purbo Bangunrejo Taman Hiburan Yogyakarta Objek wisata itu tak adalah Grojogan Watu Purbo yang berada di Bangunrejo, Merdikorejo, Kecamatan Tempel. Objek wisata itu sekitar setahun terakhir cukup populer di kalangan wisatawan karena memiliki pemandangan eksotis berupa air terjun yang memiliki enam tingkatan. Wisatawan yang datang rata-rata menjadikan air terjun itu sebagai latar untuk swafoto karena pemandangannya yang dinilai instagramable. Grojokan Watu Purbo ini tepatnya berlokasi di aliran Kali Krisak, yang merupakan jalur dari lahar dingin yang mengalir dari Gunung Merapi. Pemandangan kawasan ini eksotis karena dikepung pepohonan asri serta hamparan sawah. Munculnya air terjun atau grojogan ini berasal dari enam dam dengan ketinggian bervariasi tak lebih dari 10 meter.",grojogan watu purbo bangunrejo taman hibur yogyakarta objek wisata grojogan watu purbo bangunrejo  merdikorejo  camat tempel  objek wisata tahun populer kalang wisatawan milik pandang eksotis air terjun milik enam tingkat  wisatawan rata jadi air terjun latar swafoto pandang nilai instagramable  grojokan watu purbo tepat lokasi alir kali krisak  jalur lahar dingin alir gunung rapi  pandang kawasan eksotis kepung pohon asri hampar sawah  muncul air terjun grojogan asal enam dam tinggi variasi 10 meter
137,Wisata Alam Kalibiru,"Kalibiru sebenarnya adalah sebuah nama hutan yang saat ini diolah menjadi sebuah tempat wisata alam. Hutan Kalibiru memiliki ketinggian 450 mdpl dan berupa kawasan perbukitan yang subur. Suhu udara di tempat ini sangat sejuk. Kalibiru dikelola oleh pemerintah dan masyarakat setempat sebagai wisata alam dan edukasi. Ada banyak hal yang bisa didapatkan di sana, termasuk outbond, penginapan, dan beberapa spot untuk mencari foto kekinian. Ada juga jalur trekking yang juga bisa dijadikan lokasi camping.",Cagar Alam,Yogyakarta,20000,4.4,https://lh5.googleusercontent.com/p/AF1QipMB_wqU_nif6LAfX6LvM1s2AaYifjQKs7r-LYwH=w408-h251-k-no,"https://www.google.com/maps/place/Wisata+Kalibiru/@-7.8074219,110.1292682,17z/data=!3m1!4b1!4m6!3m5!1s0x2e7aeff7861e0b91:0x5604e4ced3f4227e!8m2!3d-7.8074219!4d110.1292682!16s%2Fg%2F11b7jz25fr?entry=ttu","Wisata Alam Kalibiru Cagar Alam Yogyakarta Kalibiru sebenarnya adalah sebuah nama hutan yang saat ini diolah menjadi sebuah tempat wisata alam. Hutan Kalibiru memiliki ketinggian 450 mdpl dan berupa kawasan perbukitan yang subur. Suhu udara di tempat ini sangat sejuk. Kalibiru dikelola oleh pemerintah dan masyarakat setempat sebagai wisata alam dan edukasi. Ada banyak hal yang bisa didapatkan di sana, termasuk outbond, penginapan, dan beberapa spot untuk mencari foto kekinian. Ada juga jalur trekking yang juga bisa dijadikan lokasi camping.",wisata alam kalibiru cagar alam yogyakarta kalibiru nama hutan olah wisata alam  hutan kalibiru milik tinggi 450 mdpl kawasan bukit subur  suhu udara sejuk  kalibiru kelola perintah masyarakat wisata alam edukasi  dapat  outbond  inap  spot cari foto kini  jalur trekking jadi lokasi camping
138,Jogja Exotarium,"Di Yogyakarta, tepatnya di Sleman, ada satu tempat wisata edukasi yang patut dikunjungi. Namanya adalah Jogja Exotarium — terdengar unik, kan? Namun sebenarnya, tempat ini merupakan taman hewan berskala kecil. Koleksi hewannya beragam dan bisa diajak berinteraksi secara langsung",Taman Hiburan,Yogyakarta,20000,4.5,https://lh5.googleusercontent.com/p/AF1QipNTdmKUtvU1eFYFntCToHdaJQpqIdJzoDcX18q3=w480-h240-k-no,"https://www.google.com/maps/place/Jogja+Exotarium+Mini+Zoo/@-7.7288732,110.3584529,17z/data=!3m1!4b1!4m6!3m5!1s0x2e7a58c6bcc7c0c7:0xb9ffae44fa6180c3!8m2!3d-7.7288732!4d110.3584529!16s%2Fg%2F11hbbjt72l?entry=ttu","Jogja Exotarium Taman Hiburan Yogyakarta Di Yogyakarta, tepatnya di Sleman, ada satu tempat wisata edukasi yang patut dikunjungi. Namanya adalah Jogja Exotarium — terdengar unik, kan? Namun sebenarnya, tempat ini merupakan taman hewan berskala kecil. Koleksi hewannya beragam dan bisa diajak berinteraksi secara langsung",jogja exotarium taman hibur yogyakarta yogyakarta  tepat sleman  wisata edukasi patut kunjung  nama jogja exotarium  dengar unik    taman hewan skala  koleksi hewan agam ajak interaksi langsung
139,Puncak Gunung Api Purba - Nglanggeran,"Gunung Nglanggeran adalah sebuah gunung di Daerah Istimewa Yogyakarta, Indonesia. Gunung ini merupakan suatu gunung api purba yang terbentuk sekitar 0,6-70 juta tahun yang lalu atau yang memiliki umur tersier (Oligo-Miosen). Gunung Nglanggeran memiliki batuan yang sangat khas karena didominasi oleh aglomerat dan breksi gunung api. Gunung ini terletak di Desa Nglanggeran, Kecamatan Patuk, Kabupaten Gunung Kidul yang berada pada deretan Pegunungan Baturagung.",Cagar Alam,Yogyakarta,10000,4.7,https://lh5.googleusercontent.com/p/AF1QipP_VNv8YmNgExD7iYpDeIxVdadvADHS2p6hz0hp=w408-h543-k-no,"https://www.google.com/maps/place/Puncak+Gunung+Api+Purba+(Nglanggeran)/@-7.841253,110.543056,17z/data=!3m1!4b1!4m6!3m5!1s0x2e7a4e38f83f8387:0x7b1869f5bef5b000!8m2!3d-7.841253!4d110.543056!16s%2Fg%2F11by_gsd7l?entry=ttu","Puncak Gunung Api Purba - Nglanggeran Cagar Alam Yogyakarta Gunung Nglanggeran adalah sebuah gunung di Daerah Istimewa Yogyakarta, Indonesia. Gunung ini merupakan suatu gunung api purba yang terbentuk sekitar 0,6-70 juta tahun yang lalu atau yang memiliki umur tersier (Oligo-Miosen). Gunung Nglanggeran memiliki batuan yang sangat khas karena didominasi oleh aglomerat dan breksi gunung api. Gunung ini terletak di Desa Nglanggeran, Kecamatan Patuk, Kabupaten Gunung Kidul yang berada pada deretan Pegunungan Baturagung.",puncak gunung api purba - nglanggeran cagar alam yogyakarta gunung nglanggeran gunung daerah istimewa yogyakarta  indonesia  gunung gunung api purba bentuk 0 6-70 juta milik umur tersier  oligo-miosen   gunung nglanggeran milik batu khas dominasi aglomerat breksi gunung api  gunung letak desa nglanggeran  camat patuk  kabupaten gunung kidul deret gunung baturagung
140,Bendung Lepen,"Bendung Lepen sendiri dulunya merupakan saluran irigasi yang tidak sebersih sekarang ini. Sebelumnya, tempat ini merupakan saluran irigasi yang kumuh disertai taman desa yang tak terurus. Namun, kesadaran para pemuda akan kebersihan lingkungan mengubah kali (sungai/lepen) yang semula begitu kotor menjadi tempat wisata yang disenangi banyak orang. Bendung Lepen sekarang menjadi indah dan dipenuhi ikan nila dan gurame. Jika dulunya hanya menjadi taman wisata yang tidak terurus dan kumuh, sekarang ini Bendung Lepen menjadi destinasi wisata yang nyaman dikunjungi bersama keluarga. Bahkan di kala pandemi COVID-19 ini, Bendung Lepen tidak kekurangan peminat. Masih banyak anak-anak yang menikmati senja dengan riang sambil memberi makan ikan di kali. Tentunya ditemani oleh orang tuanya yang juga bisa mencuci mata melihat aliran air yang jernih dengan ikan warna-warni yang berenang di kali. Selain itu, banyak juga anak muda yang duduk-duduk di taman sembari menikmati udara sore yang sejuk ditemani segelas es teh.",Taman Hiburan,Yogyakarta,0,4.7,https://lh5.googleusercontent.com/p/AF1QipMBgnsbXgRLVs_xc7pG09Yfy0ZvGddgvovfj9x_=w408-h544-k-no,"https://www.google.com/maps/place/Bendhung+Lepen/@-7.8312214,110.3941377,17z/data=!3m1!4b1!4m6!3m5!1s0x2e7a575796e0e4d5:0x65bc00150955aeab!8m2!3d-7.8312214!4d110.3941377!16s%2Fg%2F11fks916ng?entry=ttu","Bendung Lepen Taman Hiburan Yogyakarta Bendung Lepen sendiri dulunya merupakan saluran irigasi yang tidak sebersih sekarang ini. Sebelumnya, tempat ini merupakan saluran irigasi yang kumuh disertai taman desa yang tak terurus. Namun, kesadaran para pemuda akan kebersihan lingkungan mengubah kali (sungai/lepen) yang semula begitu kotor menjadi tempat wisata yang disenangi banyak orang. Bendung Lepen sekarang menjadi indah dan dipenuhi ikan nila dan gurame. Jika dulunya hanya menjadi taman wisata yang tidak terurus dan kumuh, sekarang ini Bendung Lepen menjadi destinasi wisata yang nyaman dikunjungi bersama keluarga. Bahkan di kala pandemi COVID-19 ini, Bendung Lepen tidak kekurangan peminat. Masih banyak anak-anak yang menikmati senja dengan riang sambil memberi makan ikan di kali. Tentunya ditemani oleh orang tuanya yang juga bisa mencuci mata melihat aliran air yang jernih dengan ikan warna-warni yang berenang di kali. Selain itu, banyak juga anak muda yang duduk-duduk di taman sembari menikmati udara sore yang sejuk ditemani segelas es teh.",bendung lepen taman hibur yogyakarta bendung lepen dulunya salur irigasi bersih   salur irigasi kumuh serta taman desa urus   sadar pemuda bersih lingkung ubah kali  sungai lepen  kotor wisata nang orang  bendung lepen indah penuh ikan nila gurame  dulunya taman wisata urus kumuh  bendung lepen destinasi wisata nyaman kunjung keluarga  pandemi covid-19  bendung lepen kurang minat  anak nikmat senja riang makan ikan kali  tani orang tua cuci mata alir air jernih ikan warna-warni renang kali   anak muda duduk taman sembari nikmat udara sore sejuk tani gelas es teh
141,Bunker Kaliadem Merapi,"Bunker Kaliadem merupakan objek wisata yang terletak di lereng selatan Gunung Merapi. Destinasi wisata ini banyak menyimpan jejak erupsi gunung tersebut, terutama tahun 2006 dan 2010. Lokasi fenomenal tersebut berada di ketinggian lebih dari 2.000 meter di atas permukaan laut. Berada di Kabupaten Sleman, wisatawan diajak menyaksikan kegagahan Merapi dari jarak lima kilometer. Kawasan ini memadukan sejarah, keindahaan serta keunikan alam gunung merapi dengan fenomena vulkaniknya.",Cagar Alam,Yogyakarta,3000,4.6,https://lh5.googleusercontent.com/p/AF1QipOVAT-nbRgGGyHbMWHKjPg2Sa0hhCPnUGK6XXAg=w408-h305-k-no,"https://www.google.com/maps/place/Bunker+Kaliadem+Merapi/@-7.5831786,110.4481802,17z/data=!3m1!4b1!4m6!3m5!1s0x2e7a66afbed3ead3:0x400208ebbdc0d806!8m2!3d-7.5831786!4d110.4481802!16s%2Fg%2F11bxc7kbbn?entry=ttu","Bunker Kaliadem Merapi Cagar Alam Yogyakarta Bunker Kaliadem merupakan objek wisata yang terletak di lereng selatan Gunung Merapi. Destinasi wisata ini banyak menyimpan jejak erupsi gunung tersebut, terutama tahun 2006 dan 2010. Lokasi fenomenal tersebut berada di ketinggian lebih dari 2.000 meter di atas permukaan laut. Berada di Kabupaten Sleman, wisatawan diajak menyaksikan kegagahan Merapi dari jarak lima kilometer. Kawasan ini memadukan sejarah, keindahaan serta keunikan alam gunung merapi dengan fenomena vulkaniknya.",bunker kaliadem rapi cagar alam yogyakarta bunker kaliadem objek wisata letak lereng selatan gunung rapi  destinasi wisata simpan jejak erupsi gunung  2006 2010 lokasi fenomenal tinggi 2 000 meter muka laut  kabupaten sleman  wisatawan ajak saksi gagah rapi jarak kilometer  kawasan madu sejarah  keindahaan uni alam gunung rapi fenomena vulkaniknya
142,Ledok Sambi,"Desa wisata Ledok Sambi merupakan desa yang mempunyai nuansa alami asli Jogja, yang berlokasi dekat dengan Gunung Merapi atau berada di Jl. Kaliurang Km. 19,2 Padukuhan Sambi Desa Pakembinangun Kec. Pakem Kabupaten Sleman Daerah Istimewa Yogyakarta. Pemandangan alam yang indah dapat memberikan kesejukan, kesegaran dan ketentraman hati. Sepanjang mata memandang di Desa wisata ini anda akan disuguhkan bentangan luasnya persawahan yang alami dan asri dan juga pepohonan yang hijau nan rindang serta kejernihan air yang dimiliki wilayah Desa Wisata Ledok Sambi. Rumah-rumah Tradisional khas Jogja yang luas dijadikan sebagai tempat bermain sambil menikmati udara sejuk yang menenangkan hati jiwa dan pikiran.",Cagar Alam,Yogyakarta,0,4.6,https://lh5.googleusercontent.com/p/AF1QipMuXNAK1YgNeEctazUBiJs1Yfe6WfDwYhkzdSrM=w408-h408-k-no,"https://www.google.com/maps/place/Ledoksambi/@-7.6470943,110.4280998,17z/data=!3m1!4b1!4m6!3m5!1s0x2e7a5de21c5696bb:0x1c946f8d6d01946!8m2!3d-7.6470943!4d110.4280998!16s%2Fg%2F1ptyk0y39?entry=ttu","Ledok Sambi Cagar Alam Yogyakarta Desa wisata Ledok Sambi merupakan desa yang mempunyai nuansa alami asli Jogja, yang berlokasi dekat dengan Gunung Merapi atau berada di Jl. Kaliurang Km. 19,2 Padukuhan Sambi Desa Pakembinangun Kec. Pakem Kabupaten Sleman Daerah Istimewa Yogyakarta. Pemandangan alam yang indah dapat memberikan kesejukan, kesegaran dan ketentraman hati. Sepanjang mata memandang di Desa wisata ini anda akan disuguhkan bentangan luasnya persawahan yang alami dan asri dan juga pepohonan yang hijau nan rindang serta kejernihan air yang dimiliki wilayah Desa Wisata Ledok Sambi. Rumah-rumah Tradisional khas Jogja yang luas dijadikan sebagai tempat bermain sambil menikmati udara sejuk yang menenangkan hati jiwa dan pikiran.",ledok sambi cagar alam yogyakarta desa wisata ledok sambi desa nuansa alami asli jogja  lokasi gunung rapi jl  kaliurang km  19 2 padukuhan sambi desa pakembinangun kec  pakem kabupaten sleman daerah istimewa yogyakarta  pandang alam indah sejuk  segar ketentraman hati  mata pandang desa wisata suguh bentang luas sawah alami asri pohon hijau nan rindang jernih air milik wilayah desa wisata ledok sambi  rumah tradisional khas jogja luas jadi main nikmat udara sejuk tenang hati jiwa pikir
143,Seribu Batu Songgo Langit,"Nama Seribu Batu Songgo Langit memiliki makna tersendiri. Sebelum jadi tempat wisata, di lokasi ini terdapat ratusan bahkan ribuan batu dan pastinya hutan pinus. Songgo langit berarti penyangga langit, hal ini dikarenakan di Seribu Baru Songgo Langit terdapat bukit yang seakan akan merupakan tiang dari langit .Seribu Batu Songgo Langit merupakan tempat wisata di kawasan Dlingo yang menawarkan berbagai macam atraksi wisata, namun kebanyakan adalah spot foto. Spot foto di Seribu Batu hampir semuanya anti mainstream. Anda akan menemui beberapa spot foto dalam empat bagian di tempat wisata ini. Memasuki gerbang Seribu Batu Songgo Langit anda diharuskan untuk menuruni tangga yang terbuat dari kayu untuk mencapai spot pertama. Spot pertama ini menawarkan rumah dongeng seribu kayu. Spot ini berbentuk rumah kecil-kecil yang menyerupai rumah kurcaci dalam dongeng. Terdapat tujuh buah rumah kurcaci yang ditata secara mengerucut sehingga akan menciptakan angle foto yang bagus.",Cagar Alam,Yogyakarta,2000,4.6,https://lh5.googleusercontent.com/p/AF1QipNAp6ogI_OnO9RSFJhSoHzXwh32J2ATABMK8uwO=w408-h544-k-no,"https://www.google.com/maps/place/Seribu+Batu+Songgo+Langit/@-7.9308668,110.4308565,17z/data=!3m1!4b1!4m6!3m5!1s0x2e7a531be5da247f:0x51f131c4dc279d01!8m2!3d-7.9308668!4d110.4308565!16s%2Fg%2F11gy4zj9hw?entry=ttu","Seribu Batu Songgo Langit Cagar Alam Yogyakarta Nama Seribu Batu Songgo Langit memiliki makna tersendiri. Sebelum jadi tempat wisata, di lokasi ini terdapat ratusan bahkan ribuan batu dan pastinya hutan pinus. Songgo langit berarti penyangga langit, hal ini dikarenakan di Seribu Baru Songgo Langit terdapat bukit yang seakan akan merupakan tiang dari langit .Seribu Batu Songgo Langit merupakan tempat wisata di kawasan Dlingo yang menawarkan berbagai macam atraksi wisata, namun kebanyakan adalah spot foto. Spot foto di Seribu Batu hampir semuanya anti mainstream. Anda akan menemui beberapa spot foto dalam empat bagian di tempat wisata ini. Memasuki gerbang Seribu Batu Songgo Langit anda diharuskan untuk menuruni tangga yang terbuat dari kayu untuk mencapai spot pertama. Spot pertama ini menawarkan rumah dongeng seribu kayu. Spot ini berbentuk rumah kecil-kecil yang menyerupai rumah kurcaci dalam dongeng. Terdapat tujuh buah rumah kurcaci yang ditata secara mengerucut sehingga akan menciptakan angle foto yang bagus.",ribu batu songgo langit cagar alam yogyakarta nama ribu batu songgo langit milik makna sendiri  wisata  lokasi ratus ribu batu pasti hutan pinus  songgo langit sangga langit  ribu songgo langit bukit akan tiang langit ribu batu songgo langit wisata kawasan dlingo tawar atraksi wisata  banyak spot foto  spot foto ribu batu anti mainstream  temu spot foto wisata  pasuk gerbang ribu batu songgo langit harus turun tangga buat kayu capai spot  spot tawar rumah dongeng ribu kayu  spot bentuk rumah kecil rupa rumah kurcaci dongeng  tujuh buah rumah kurcaci tata kerucut cipta angle foto bagus
144,Goa Jomblang,"Gua Jomblang merupakan gua vertikal yang bertipe collapse doline. Gua ini terbentuk akibat proses geologi amblasnya tanah beserta vegetasi yang ada di atasnya ke dasar bumi yang terjadi ribuan tahun lalu. Runtuhan ini membentuk sinkhole atau sumuran yang dalam bahasa Jawa dikenal dengan istilah luweng. Itulah yang membuat unik karena di dalam gua terdapat luas mulut gua sekitar 50 meter ini sering disebut dengan nama Luweng Jomblang. Gua Jomblang terletak di Kabupaten Gunungkidul, DI Yogyakarta.\nSaat ini Gua Jomblang merupakan tempat konservasi tumbuhan purba dan dikembangkan menjadi tempat wisata minat khusus yang mana dikelola oleh penduduk atau warga setempat. Untuk menuruni gua vertikal ini pihak pengelola sudah menyediakan perlengkapan lengkap sesuai standar keselamatan caving di gua vertikal.\nSinar matahari yang menerobos masuk dari Luweng Grubug setinggi 90 meter membentuk satu tiang cahaya, menyinari flowstone yang indah serta kedalaman gua yang gelap gulita. Air yang menetes dari ketinggian turut mempercantik pemandangan. Tidak salah\njika banyak orang terkagum-kagum datang ke sini ketika menyaksikan lukisan alam yang dikenal dengan istilah ""cahaya surga"".",Cagar Alam,Yogyakarta,500000,4.6,https://lh5.googleusercontent.com/p/AF1QipP2dbit-aMQlGVHyDZH7b_CZuw0-OaAnAF_Ogw0=w408-h240-k-no-pi-20-ya61.000004-ro-0-fo100,"https://www.google.com/maps/place/Jomblang+Cave/@-8.0281562,110.6383307,17z/data=!3m1!4b1!4m6!3m5!1s0x2e7bb41fce34d717:0xf9ffcb6f9fbd5cce!8m2!3d-8.0281562!4d110.6383307!16s%2Fg%2F11b6nqqqkj?entry=ttu","Goa Jomblang Cagar Alam Yogyakarta Gua Jomblang merupakan gua vertikal yang bertipe collapse doline. Gua ini terbentuk akibat proses geologi amblasnya tanah beserta vegetasi yang ada di atasnya ke dasar bumi yang terjadi ribuan tahun lalu. Runtuhan ini membentuk sinkhole atau sumuran yang dalam bahasa Jawa dikenal dengan istilah luweng. Itulah yang membuat unik karena di dalam gua terdapat luas mulut gua sekitar 50 meter ini sering disebut dengan nama Luweng Jomblang. Gua Jomblang terletak di Kabupaten Gunungkidul, DI Yogyakarta.\nSaat ini Gua Jomblang merupakan tempat konservasi tumbuhan purba dan dikembangkan menjadi tempat wisata minat khusus yang mana dikelola oleh penduduk atau warga setempat. Untuk menuruni gua vertikal ini pihak pengelola sudah menyediakan perlengkapan lengkap sesuai standar keselamatan caving di gua vertikal.\nSinar matahari yang menerobos masuk dari Luweng Grubug setinggi 90 meter membentuk satu tiang cahaya, menyinari flowstone yang indah serta kedalaman gua yang gelap gulita. Air yang menetes dari ketinggian turut mempercantik pemandangan. Tidak salah\njika banyak orang terkagum-kagum datang ke sini ketika menyaksikan lukisan alam yang dikenal dengan istilah ""cahaya surga"".",goa jomblang cagar alam yogyakarta gua jomblang gua vertikal tipe collapse doline  gua bentuk akibat proses geologi amblas tanah serta vegetasi atas dasar bumi ribu  runtuh bentuk sinkhole sumur bahasa jawa kenal istilah luweng  unik gua luas mulut gua 50 meter nama luweng jomblang  gua jomblang letak kabupaten gunungkidul  yogyakarta nsaat gua jomblang konservasi tumbuh purba kembang wisata minat khusus kelola duduk warga  turun gua vertikal kelola sedia lengkap lengkap sesuai standar selamat caving gua vertikal nsinar matahari terobos masuk luweng grubug 90 meter bentuk tiang cahaya  sari flowstone indah dalam gua gelap gulita  air tetes tinggi cantik pandang  salah njika orang kagum saksi lukis alam kenal istilah  cahaya surga
145,Desa Wisata Rumah Domes/Teletubbies,"Kawasan desa teletubbies menjadi perhatian menarik berbagai media, sehingga menjadikan para wisatawan mulai berbondong-bondong datang kesana. Hingga sekarang kawasan ini menjadi objek wisata unik jogja yang menarik dikunjungi. Bagi kawan-kawan datawisata yang sedang berlibur atau berdomisili di Yogyakarta dan sekitar, coba deh rasakan sensasi wisata unik ini, setidaknya bisa dijadikan koleksi foto yang mengusung spot-spot kece instagenic. Mulanya objek wisata Rumah Domes merupakan bentuk bantuan dari NGO, kala itu Yogyakarta terkena musibah bencana alam gempa bumi. Di desa Nglepen setidaknya ada 80 bangunan mengusung desain rumah dome lengkap beserta fasilitas seperti warung makan, toilet umum, area parkir, tempat ibadah, rumah kesehatan dan balai desa yang kerap dimanfaatkan ketika ada hajatan atau acara budaya. Desa wisata Sumberharjo ini memiliki luas kurang lebih 2 hektar serta bangunan dibangun sejak tahun 2006. Selain disebut desa teletubbies, pemukiman disana juga sering disebut New Nglepen.",Taman Hiburan,Yogyakarta,5000,4.1,https://lh5.googleusercontent.com/p/AF1QipM-iyr_s1yzuyfK3PvtzdZ5EMkdl4Wqq_d5busu=w408-h306-k-no,"https://www.google.com/maps/place/Desa+Wisata+Rumah+Domes%2FTeletubbies/@-7.8136085,110.5033442,17z/data=!3m1!4b1!4m6!3m5!1s0x2e7a500813c2e48d:0x81849ab09120be2b!8m2!3d-7.8136085!4d110.5033442!16s%2Fg%2F11bc7rxvv2?entry=ttu","Desa Wisata Rumah Domes/Teletubbies Taman Hiburan Yogyakarta Kawasan desa teletubbies menjadi perhatian menarik berbagai media, sehingga menjadikan para wisatawan mulai berbondong-bondong datang kesana. Hingga sekarang kawasan ini menjadi objek wisata unik jogja yang menarik dikunjungi. Bagi kawan-kawan datawisata yang sedang berlibur atau berdomisili di Yogyakarta dan sekitar, coba deh rasakan sensasi wisata unik ini, setidaknya bisa dijadikan koleksi foto yang mengusung spot-spot kece instagenic. Mulanya objek wisata Rumah Domes merupakan bentuk bantuan dari NGO, kala itu Yogyakarta terkena musibah bencana alam gempa bumi. Di desa Nglepen setidaknya ada 80 bangunan mengusung desain rumah dome lengkap beserta fasilitas seperti warung makan, toilet umum, area parkir, tempat ibadah, rumah kesehatan dan balai desa yang kerap dimanfaatkan ketika ada hajatan atau acara budaya. Desa wisata Sumberharjo ini memiliki luas kurang lebih 2 hektar serta bangunan dibangun sejak tahun 2006. Selain disebut desa teletubbies, pemukiman disana juga sering disebut New Nglepen.",desa wisata rumah domes teletubbies taman hibur yogyakarta kawasan desa teletubbies perhati tarik media  jadi wisatawan bondong kesana  kawasan objek wisata unik jogja tarik kunjung  kawan datawisata libur domisili yogyakarta  coba deh rasa sensasi wisata unik  jadi koleksi foto usung spot-spot kece instagenic  objek wisata rumah domes bentuk bantu ngo  yogyakarta kena musibah bencana alam gempa bumi  desa nglepen 80 bangun usung desain rumah dome lengkap serta fasilitas warung makan  toilet  area parkir  ibadah  rumah sehat balai desa kerap manfaat hajat acara budaya  desa wisata sumberharjo milik luas 2 hektar bangun bangun 2006 desa teletubbies  mukim sana new nglepen
146,Bukit Wisata Pulepayung,"Pule Payung Yogyakarta. Sebuah objek wisata populer yang menyajikan keindahan alam dari ketinggian 500 mdpl. Bukit Wisata Pule Payung Yogyakarta merupakan kawasan wisata yang dipenuhi dengan kreativitas yang tinggi, merubah zona biasa menjadi luar biasa. Daya tarik yang pertama dari Pule Payung Yogyakarta adalah objek wisata yang menyajikan pesona alam pegunungan. Sehingga, orang-orang menyebutnya dengan Bukit Wisata. Ketinggian Pule Payung Yogyakarta sekitar 500 mdpl, serta jalan menuju Pule Payung Yogyakarta dapat ditempuh dengan kendaraan roda dua, maupun roda empat. Pesona keindahan Waduk Sermo dapat terlihat jelas saat berada di Pule Payung. Waduk eksotis yang dikelilingi pegunungan yang masih asri. Dan Pule Payung Yogyakarta adalah bukit yang notabene sebagai destinasi wisata alam, diberikan sentuhan kreativitas, serta memprioritaskan aspek keamanan di setiap spotnya, akhirnya menjadi wisata favorit di Jogja.",Cagar Alam,Yogyakarta,10000,4.5,https://lh5.googleusercontent.com/p/AF1QipNX7vz9yh16-c7F1B2umDFfoPzRxhCMK2dS4zGd=w426-h240-k-no,"https://www.google.com/maps/place/Bukit+Wisata+Pulepayung/@-7.7999428,110.1237712,17z/data=!3m1!4b1!4m6!3m5!1s0x2e7aef0ce7442ce9:0x9832e17670a1167e!8m2!3d-7.7999428!4d110.1237712!16s%2Fg%2F11dfknb5kt?entry=ttu","Bukit Wisata Pulepayung Cagar Alam Yogyakarta Pule Payung Yogyakarta. Sebuah objek wisata populer yang menyajikan keindahan alam dari ketinggian 500 mdpl. Bukit Wisata Pule Payung Yogyakarta merupakan kawasan wisata yang dipenuhi dengan kreativitas yang tinggi, merubah zona biasa menjadi luar biasa. Daya tarik yang pertama dari Pule Payung Yogyakarta adalah objek wisata yang menyajikan pesona alam pegunungan. Sehingga, orang-orang menyebutnya dengan Bukit Wisata. Ketinggian Pule Payung Yogyakarta sekitar 500 mdpl, serta jalan menuju Pule Payung Yogyakarta dapat ditempuh dengan kendaraan roda dua, maupun roda empat. Pesona keindahan Waduk Sermo dapat terlihat jelas saat berada di Pule Payung. Waduk eksotis yang dikelilingi pegunungan yang masih asri. Dan Pule Payung Yogyakarta adalah bukit yang notabene sebagai destinasi wisata alam, diberikan sentuhan kreativitas, serta memprioritaskan aspek keamanan di setiap spotnya, akhirnya menjadi wisata favorit di Jogja.",bukit wisata pulepayung cagar alam yogyakarta pule payung yogyakarta  objek wisata populer saji indah alam tinggi 500 mdpl  bukit wisata pule payung yogyakarta kawasan wisata penuh kreativitas  rubah zona  daya tarik pule payung yogyakarta objek wisata saji pesona alam gunung   orang sebut bukit wisata  tinggi pule payung yogyakarta 500 mdpl  jalan pule payung yogyakarta tempuh kendara roda  roda  pesona indah waduk sermo pule payung  waduk eksotis keliling gunung asri  pule payung yogyakarta bukit notabene destinasi wisata alam  sentuh kreativitas  prioritas aspek aman spotnya  wisata favorit jogja
147,Bentara Budaya Yogyakarta (BBY),"Bentara Budaya Yogyakarta adalah pusat budaya yang terletak di Yogyakarta, Indonesia. Bentara Budaya Yogyakarta dibuka pada 26 September 1982, didanai oleh Kompas Gramedia Group. Bentara Budaya Yogyakarta adalah cabang dari Bentara Budaya Jakarta, sebuah lembaga budaya yang dikelola oleh Kompas Gramedia Group yang juga memiliki beberapa pusat budaya di Jakarta, Surakarta (sebagai Balai Soedjatmoko), dan Bali.",Budaya,Yogyakarta,0,4.6,https://lh5.googleusercontent.com/p/AF1QipPYBmL0CYQjzPcS2nKzxeIWYFAepyc8HeAeAVP5=w449-h240-k-no,"https://google.com/maps/place/Bentara+Budaya+Yogyakarta+(BBY)/@-7.7857242,110.3746954,17z/data=!3m1!4b1!4m6!3m5!1s0x2e7a583243c99907:0x1f679cc2cf3c3e82!8m2!3d-7.7857242!4d110.3746954!16s%2Fg%2F1tf559f0?entry=ttu","Bentara Budaya Yogyakarta (BBY) Budaya Yogyakarta Bentara Budaya Yogyakarta adalah pusat budaya yang terletak di Yogyakarta, Indonesia. Bentara Budaya Yogyakarta dibuka pada 26 September 1982, didanai oleh Kompas Gramedia Group. Bentara Budaya Yogyakarta adalah cabang dari Bentara Budaya Jakarta, sebuah lembaga budaya yang dikelola oleh Kompas Gramedia Group yang juga memiliki beberapa pusat budaya di Jakarta, Surakarta (sebagai Balai Soedjatmoko), dan Bali.",bentara budaya yogyakarta  bby  budaya yogyakarta bentara budaya yogyakarta pusat budaya letak yogyakarta  indonesia  bentara budaya yogyakarta buka 26 september 1982  dana kompas gramedia group  bentara budaya yogyakarta cabang bentara budaya jakarta  lembaga budaya kelola kompas gramedia group milik pusat budaya jakarta  surakarta  balai soedjatmoko   bal
148,Goa Rancang Kencono,"Goa Rancang Kencono yang terletak di Padukuhan Menggoran, Desa Bleberan, Kecamatan Playen, Gunungkidul, Yogyakarta, merupakan salah satu goa yang yang dihuni manusia prasejarah hingga modern. Diperkirakan goa yang terletak di kawasan air terjun Sri Getuk ini sudah dihuni sejak 3000 tahun lalu. Dari buku Ragam Warisan Budaya dan Cagar Budaya Gunungkidul yang ditulis oleh Winarsih (Kepala Seksi Kepurbakalaan dan Permuseuman, Bidang Pelestarian Warisan dan Nilai Budaya, Dinas Kebudayaan Gunungkidul), Arkeologi UGM Yogyakarta pada tahun 2001 sudah pernah melakukan penelitian tersebut. Goa Rancang Kencono sudah dihuni manusia sejak 3000 tahun yang lalu dengan bukti temuan tulang manusia.",Cagar Alam,Yogyakarta,5000,4.3,https://lh5.googleusercontent.com/p/AF1QipPqqoZKOFIYA3EJEBdIQW_6QUa3WqxnwK8mcT5q=w408-h725-k-no,"https://www.google.com/maps/place/Goa+Rancang+Kencono/@-7.9494598,110.4927262,17z/data=!3m1!4b1!4m6!3m5!1s0x2e7a52cb7e44f3d9:0xd5a8cbc5324693be!8m2!3d-7.9494598!4d110.4927262!16s%2Fg%2F11b67p2d6_?entry=ttu","Goa Rancang Kencono Cagar Alam Yogyakarta Goa Rancang Kencono yang terletak di Padukuhan Menggoran, Desa Bleberan, Kecamatan Playen, Gunungkidul, Yogyakarta, merupakan salah satu goa yang yang dihuni manusia prasejarah hingga modern. Diperkirakan goa yang terletak di kawasan air terjun Sri Getuk ini sudah dihuni sejak 3000 tahun lalu. Dari buku Ragam Warisan Budaya dan Cagar Budaya Gunungkidul yang ditulis oleh Winarsih (Kepala Seksi Kepurbakalaan dan Permuseuman, Bidang Pelestarian Warisan dan Nilai Budaya, Dinas Kebudayaan Gunungkidul), Arkeologi UGM Yogyakarta pada tahun 2001 sudah pernah melakukan penelitian tersebut. Goa Rancang Kencono sudah dihuni manusia sejak 3000 tahun yang lalu dengan bukti temuan tulang manusia.",goa rancang kencono cagar alam yogyakarta goa rancang kencono letak padukuhan menggoran  desa bleberan  camat playen  gunungkidul  yogyakarta  salah goa huni manusia prasejarah modern  goa letak kawasan air terjun sri getuk huni 3000  buku ragam waris budaya cagar budaya gunungkidul tulis winarsih  kepala seksi purbakala museum  bidang lestari waris nilai budaya  dinas budaya gunungkidul   arkeologi ugm yogyakarta 2001 teliti  goa rancang kencono huni manusia 3000 bukti temu tulang manusia
149,Goa Cerme,"Gua Cerme (bahasa Jawa: ꦒꦸꦮ​ꦕꦺꦂꦩꦺ, translit. Gua Cerme) adalah gua bersejarah dan sekaligus tempat wisata yang terletak di Dusun Srunggo, Desa Selopamioro, Kecamatan Imogiri, Kabupaten Bantul atau sekitar 20 km selatan Kota Yogyakarta. Gua Cerme memiliki panjang 1,5 km yang tembus hingga sendang di wilayah Panggang, yaitu di Dusun Ploso, Desa Giritirto, Kecamatan Purwosari, Kabupaten Gunungkidul.\nDi samping gua Cerme, di sekitarnya terdapat gua lain yang lebih kecil seperti Goa Dalang, Goa Ledek, Goa Badut dan Goa Kaum yang sering digunakan untuk bersemedi. Untuk mencapai gua, terdapat tangga setinggi 759 m. Kata cerme berasal dari kata ceramah yang mengisyaratkan pembicaraan yang dilakukan walisongo. Gua Cerme dulunya digunakan oleh para Walisongo untuk menyebarkan agama Islam di Jawa. Selain itu, Gua Cerme juga digunakan untuk membahas rencana pendirian Masjid Agung Demak. Setiap Senin atau Selasa wage, selalu diadakan upacara syukuran untuk meminta berkah kepada Tuhan.",Cagar Alam,Yogyakarta,3000,4.5,https://lh5.googleusercontent.com/p/AF1QipNHINeeqU_Vc4irq7ZNEfZB1LO70wSzIkJajnIj=w408-h544-k-no,"https://www.google.com/maps/place/Gua+Cerme/@-7.9794413,110.3803114,17z/data=!3m1!4b1!4m6!3m5!1s0x2e7bab2040c07aff:0x43e34e65c58257b5!8m2!3d-7.9794413!4d110.3803114!16s%2Fg%2F120hnny7?entry=ttu","Goa Cerme Cagar Alam Yogyakarta Gua Cerme (bahasa Jawa: ꦒꦸꦮ​ꦕꦺꦂꦩꦺ, translit. Gua Cerme) adalah gua bersejarah dan sekaligus tempat wisata yang terletak di Dusun Srunggo, Desa Selopamioro, Kecamatan Imogiri, Kabupaten Bantul atau sekitar 20 km selatan Kota Yogyakarta. Gua Cerme memiliki panjang 1,5 km yang tembus hingga sendang di wilayah Panggang, yaitu di Dusun Ploso, Desa Giritirto, Kecamatan Purwosari, Kabupaten Gunungkidul.\nDi samping gua Cerme, di sekitarnya terdapat gua lain yang lebih kecil seperti Goa Dalang, Goa Ledek, Goa Badut dan Goa Kaum yang sering digunakan untuk bersemedi. Untuk mencapai gua, terdapat tangga setinggi 759 m. Kata cerme berasal dari kata ceramah yang mengisyaratkan pembicaraan yang dilakukan walisongo. Gua Cerme dulunya digunakan oleh para Walisongo untuk menyebarkan agama Islam di Jawa. Selain itu, Gua Cerme juga digunakan untuk membahas rencana pendirian Masjid Agung Demak. Setiap Senin atau Selasa wage, selalu diadakan upacara syukuran untuk meminta berkah kepada Tuhan.",goa cerme cagar alam yogyakarta gua cerme  bahasa jawa    translit  gua cerme  gua sejarah wisata letak dusun srunggo  desa selopamioro  camat imogiri  kabupaten bantul 20 km selatan kota yogyakarta  gua cerme milik 1 5 km tembus sendang wilayah panggang  dusun ploso  desa giritirto  camat purwosari  kabupaten gunungkidul ndi samping gua cerme  gua goa dalang  goa ledek  goa badut goa kaum bersemedi  capai gua  tangga 759 m cerme asal ceramah isyarat bicara walisongo  gua cerme dulunya walisongo sebar agama islam jawa   gua cerme bahas rencana diri masjid agung demak  senin selasa wage  ada upacara syukur berkah tuhan
150,Wisata Kraton Jogja,"Kraton Jogja adalah sebuah komplek kerajaan yang berada tepat berdiri di tengah kota Yogyakarta. Kraton yang didirikan seiring perjanjian giyanti pada tahun 1755 yang memecah Kerajaan Mataram Islam menjadi Kerajaan Ngayogyakarta Surakarta ini menyimpan keindahan arsitektur jawa yang tidak diragukan lagi, dan merupakan salah komplek istana terbaik di tanah jawa. Keindahan Kraton Jogja ini tidak terlepas dari pendirinya, yaitu Sri Sultan Hamengkubuwono I yang merupakan arsitek dari kerajaannya ini. Apabila anda sedang wisata ke Kraton Jogja maka apabila anda dari Jalan Malioboro pertama anda akan disambut oleh Gapura Pangurakan yang berasitrektur jawa kental yang bersebelahan dengan bangunan-bangunan Hindia Belanda. Setelah memasukinya anda akan memasuki Alun-alun Utara yang memiliki area yang cukup luas. Di sekelilingnya terdapat Joglo-joglo tertutup yang disebut Gedhong dan terbuka yang dinamakan Tratag. Di area ini terdapat beberapa pilihan kuliner yang sangat pas anda kunjungi sebelum anda memasuki kompleks Kraton Yogyakarta, sehingga anda tidak merasa kelaparan.",Budaya,Yogyakarta,7000,4.8,https://lh5.googleusercontent.com/p/AF1QipOZ_jwivtrXC4I63RDXtHATdQkzIUmC1t3On9GC=w408-h544-k-no,"https://www.google.com/maps/place/Kraton+Jogja/@-7.8069587,110.3639266,17z/data=!3m1!4b1!4m6!3m5!1s0x2e7a575c262d5709:0xf11a324efb8b84ec!8m2!3d-7.8069587!4d110.3639266!16s%2Fg%2F122zq88b?entry=ttu","Wisata Kraton Jogja Budaya Yogyakarta Kraton Jogja adalah sebuah komplek kerajaan yang berada tepat berdiri di tengah kota Yogyakarta. Kraton yang didirikan seiring perjanjian giyanti pada tahun 1755 yang memecah Kerajaan Mataram Islam menjadi Kerajaan Ngayogyakarta Surakarta ini menyimpan keindahan arsitektur jawa yang tidak diragukan lagi, dan merupakan salah komplek istana terbaik di tanah jawa. Keindahan Kraton Jogja ini tidak terlepas dari pendirinya, yaitu Sri Sultan Hamengkubuwono I yang merupakan arsitek dari kerajaannya ini. Apabila anda sedang wisata ke Kraton Jogja maka apabila anda dari Jalan Malioboro pertama anda akan disambut oleh Gapura Pangurakan yang berasitrektur jawa kental yang bersebelahan dengan bangunan-bangunan Hindia Belanda. Setelah memasukinya anda akan memasuki Alun-alun Utara yang memiliki area yang cukup luas. Di sekelilingnya terdapat Joglo-joglo tertutup yang disebut Gedhong dan terbuka yang dinamakan Tratag. Di area ini terdapat beberapa pilihan kuliner yang sangat pas anda kunjungi sebelum anda memasuki kompleks Kraton Yogyakarta, sehingga anda tidak merasa kelaparan.",wisata kraton jogja budaya yogyakarta kraton jogja komplek raja diri kota yogyakarta  kraton diri iring janji giyanti 1755 pecah raja mataram islam raja ngayogyakarta surakarta simpan indah arsitektur jawa ragu  salah komplek istana baik tanah jawa  indah kraton jogja lepas diri  sri sultan hamengkubuwono i arsitek raja  wisata kraton jogja jalan malioboro sambut gapura pangurakan berasitrektur jawa kental bahan bangun hindia belanda  masuk pasuk alun utara milik area luas  keliling joglo tutup gedhong buka nama tratag  area pilih kuliner pas kunjung pasuk kompleks kraton yogyakarta  lapar
151,Desa Wisata Kelor,"Desa wisata Kelor merupakan salah satu desa yang ada di kabupaten Sleman yang saat ini sedang dikembangkan menjadi desa wisata. Desa wisata Kelor ini menawarkan suasana pedesaan yang penduduknya bermata pencaharian sebagai petani, peternak, dan budidaya jamur. Banyak tanaman hijau yang membentang luas dengan pemandangan alam yang asri. Desa wisata Kelor ini memiliki masyarakat yang ramah dan memiliki lingkungan desa yang sangat nyaman. Desa Kelor ini juga memiliki sungai, dan air di sungai tersebut masih jernih dan indah.",Taman Hiburan,Yogyakarta,0,4.5,https://lh5.googleusercontent.com/p/AF1QipMr6CzgG76pVpNC3xXNGkqE9HjMjkuCXrkJmK5M=w408-h306-k-no,"https://www.google.com/maps/place/Desa+Wisata+Kelor/@-7.6410258,110.3622794,17z/data=!3m1!4b1!4m6!3m5!1s0x2e7a5fdcdf4da0af:0xa4e182adcb39c2a6!8m2!3d-7.6410258!4d110.3622794!16s%2Fg%2F1pzxgfq65?entry=ttu","Desa Wisata Kelor Taman Hiburan Yogyakarta Desa wisata Kelor merupakan salah satu desa yang ada di kabupaten Sleman yang saat ini sedang dikembangkan menjadi desa wisata. Desa wisata Kelor ini menawarkan suasana pedesaan yang penduduknya bermata pencaharian sebagai petani, peternak, dan budidaya jamur. Banyak tanaman hijau yang membentang luas dengan pemandangan alam yang asri. Desa wisata Kelor ini memiliki masyarakat yang ramah dan memiliki lingkungan desa yang sangat nyaman. Desa Kelor ini juga memiliki sungai, dan air di sungai tersebut masih jernih dan indah.",desa wisata kelor taman hibur yogyakarta desa wisata kelor salah desa kabupaten sleman kembang desa wisata  desa wisata kelor tawar suasana desa duduk mata cahari tani  ternak  budidaya jamur  tanam hijau bentang luas pandang alam asri  desa wisata kelor milik masyarakat ramah milik lingkung desa nyaman  desa kelor milik sungai  air sungai jernih indah
152,Pantai Patihan,"Pantai ini terletak di daerah Srigading, Sanden dan cukup dekat dengan Pantai Goa Cemara. Tempatnya juga asyik banget buat foto-foto, nggak beda jauh dengan Pandasari.",Bahari,Yogyakarta,5000,4.3,https://lh5.googleusercontent.com/p/AF1QipNbBx7sS2W8MTePSFAbN-Tfgfm_wbY3ps4VF3DI=w408-h306-k-no,"https://www.google.com/maps/place/Pantai+Patihan/@-7.997778,110.2449113,17z/data=!3m1!4b1!4m6!3m5!1s0x2e7b01b455555555:0x758b29f1723c253d!8m2!3d-7.997778!4d110.2449113!16s%2Fg%2F1pzr0cxhj?entry=ttu","Pantai Patihan Bahari Yogyakarta Pantai ini terletak di daerah Srigading, Sanden dan cukup dekat dengan Pantai Goa Cemara. Tempatnya juga asyik banget buat foto-foto, nggak beda jauh dengan Pandasari.",pantai patih bahari yogyakarta pantai letak daerah srigading  sanden pantai goa cemara  tempat asyik banget foto  nggak beda pandasari
153,Pantai Kukup,"Pantai Kukup adalah salah satu pantai yang memiliki hamparan pasir putih yang terkenal di Kabupaten Gunung Kidul, Yogyakarta. Selain memiliki pemandangan pantai yang cantik, pantai ini juga memberikan keunikan tersendiri. Di pantai ini terdapat pulau Karang yang menjadi daya tarik utama bagi para wisatawan lokal atau mancanegara. Karena di pulau Karang ini para wisatawan dapat menikmati keindahan pantai yang sangat menawan. Pantai cantik ini berada di sebelah timurnya Pantai Baron, kurang lebih berjarak sekitar 1 km. Tepatnya berada di Desa Kemadang, Kecamatan Tanjungsari, Kabupaten Gunung Kidul, Yogyakarta. Pantai Kukup ini masih dalam satu barisan dengan Pantai Baron, Pantai Krakal, Pantai Sundak, Pantai Sepanjang dan pantai-pantai lainnya. Jarak dari Kota Jogja ke pantai ini sekitar 40 km sedangkan jarak dari Kota Wonosari sekitar 25 km.",Bahari,Yogyakarta,10000,4.6,https://lh5.googleusercontent.com/p/AF1QipPYPy6f-qYHHpycldsYMSOr2grDogKQrcIRQiwM=w408-h306-k-no,"https://www.google.com/maps/place/Pantai+Kukup/@-8.1337123,110.5547433,17z/data=!3m1!4b1!4m6!3m5!1s0x2e7bbbcb37b998df:0x17ef5bd72de95303!8m2!3d-8.1337123!4d110.5547433!16s%2Fg%2F11hy9r8jgh?entry=ttu","Pantai Kukup Bahari Yogyakarta Pantai Kukup adalah salah satu pantai yang memiliki hamparan pasir putih yang terkenal di Kabupaten Gunung Kidul, Yogyakarta. Selain memiliki pemandangan pantai yang cantik, pantai ini juga memberikan keunikan tersendiri. Di pantai ini terdapat pulau Karang yang menjadi daya tarik utama bagi para wisatawan lokal atau mancanegara. Karena di pulau Karang ini para wisatawan dapat menikmati keindahan pantai yang sangat menawan. Pantai cantik ini berada di sebelah timurnya Pantai Baron, kurang lebih berjarak sekitar 1 km. Tepatnya berada di Desa Kemadang, Kecamatan Tanjungsari, Kabupaten Gunung Kidul, Yogyakarta. Pantai Kukup ini masih dalam satu barisan dengan Pantai Baron, Pantai Krakal, Pantai Sundak, Pantai Sepanjang dan pantai-pantai lainnya. Jarak dari Kota Jogja ke pantai ini sekitar 40 km sedangkan jarak dari Kota Wonosari sekitar 25 km.",pantai kukup bahari yogyakarta pantai kukup salah pantai milik hampar pasir putih kenal kabupaten gunung kidul  yogyakarta  milik pandang pantai cantik  pantai uni sendiri  pantai pulau karang daya tarik utama wisatawan lokal mancanegara  pulau karang wisatawan nikmat indah pantai tawan  pantai cantik belah timur pantai baron  jarak 1 km  tepat desa madang  camat tanjungsari  kabupaten gunung kidul  yogyakarta  pantai kukup baris pantai baron  pantai krakal  pantai sundak  pantai pantai  jarak kota jogja pantai 40 km jarak kota wonosari 25 km
154,Pantai Ngrawe (Mesra),"Kabupaten Gunungkidul jadi salah satu wilayah di Yogyakarta dengan koleksi pantai terbanyak. Tak terhitung jumlah pantai yang ada di sepanjang pesisir selatannya. Ada yang tetap alami, ada juga yang sengaja mendapat sentuhan agar lebih apik. Salah satunya adalah Pantai Ngrawe yang terletak di Kemadang, Gunungkidul. Sebagai pantai wisata, pantai yang juga terkenal dengan Pantai Mesra ini populer berkat kekuatan media sosial. Sementara pantai lainnya menawarkan keindahan alami, Pantai Ngrawe justru menyajikan konsep “taman” yang tidak biasa. Tertarik untuk mencoba berwisata di taman pinggir pantai? Pantai ini bisa jadi pilihan yang tepat!",Bahari,Yogyakarta,10000,4.5,https://lh5.googleusercontent.com/p/AF1QipODBIsFSvcFJ5Iqz5YxqOxH6G0rBGUWdcDAftW3=w426-h240-k-no,"https://www.google.com/maps/place/Ngrawe+Beach/@-8.1333389,110.5537405,17z/data=!3m1!4b1!4m6!3m5!1s0x2e7bbb5c26a16919:0x36d06fe62eda6ae6!8m2!3d-8.1333389!4d110.5537405!16s%2Fg%2F11h7c85z0t?entry=ttu","Pantai Ngrawe (Mesra) Bahari Yogyakarta Kabupaten Gunungkidul jadi salah satu wilayah di Yogyakarta dengan koleksi pantai terbanyak. Tak terhitung jumlah pantai yang ada di sepanjang pesisir selatannya. Ada yang tetap alami, ada juga yang sengaja mendapat sentuhan agar lebih apik. Salah satunya adalah Pantai Ngrawe yang terletak di Kemadang, Gunungkidul. Sebagai pantai wisata, pantai yang juga terkenal dengan Pantai Mesra ini populer berkat kekuatan media sosial. Sementara pantai lainnya menawarkan keindahan alami, Pantai Ngrawe justru menyajikan konsep “taman” yang tidak biasa. Tertarik untuk mencoba berwisata di taman pinggir pantai? Pantai ini bisa jadi pilihan yang tepat!",pantai ngrawe  mesra  bahari yogyakarta kabupaten gunungkidul salah wilayah yogyakarta koleksi pantai  hitung pantai pesisir selatan  alami  sengaja sentuh apik  salah satu pantai ngrawe letak madang  gunungkidul  pantai wisata  pantai kenal pantai mesra populer berkat kuat media sosial  pantai tawar indah alami  pantai ngrawe saji konsep  taman   tarik coba wisata taman pinggir pantai  pantai pilih
155,Pantai Ngobaran,"Pantai Ngobaran merupakan salah satu tempat wisata alam yang terletak di gugusan laut pantai selatan tepatnya di Desa Kanigoro, kecamatan Saptosari Kabupaten Gunungkidul Daerah Istimewa Yogyakarta 2 km dari pantai Ngrenehan.\nPantai ini sangat indah jika air surut maka tampaklah kolam kolam kecil yang terbentuk dari karang karang yang tertutp oleh alga (rumput laut yang hijau sebagai bahan baku kosmetik) dan terdapat banyak biota laut lainnya yang mungkin terjebak di kolam karang tersebut. Hal inilah yang menopanng kehidupan nelayan darat yakni para nelayan yang tidak memerlukan kapal atau perahu untuk mendapatkan hasil laut cukup beraktivitas dipinggir pantai. Biota laut yang sering di dapat adalah Lobster, landak laut, kerang-kerangan, bintang laut dan rumput laut itu sendiri tentunya .",Bahari,Yogyakarta,5000,4.6,https://lh5.googleusercontent.com/p/AF1QipNBdTHVwzz6ftrP2kpPPDJCWy1YaVY1vtacO6Jp=w408-h306-k-no,"https://www.google.com/maps/place/Ngobaran+Beach/@-8.1186625,110.5025776,17z/data=!3m1!4b1!4m6!3m5!1s0x2e7baff5f2c488cf:0xe486a1ea9b1e1804!8m2!3d-8.1184844!4d110.5028785!16s%2Fg%2F11x7vtp6d?entry=ttu","Pantai Ngobaran Bahari Yogyakarta Pantai Ngobaran merupakan salah satu tempat wisata alam yang terletak di gugusan laut pantai selatan tepatnya di Desa Kanigoro, kecamatan Saptosari Kabupaten Gunungkidul Daerah Istimewa Yogyakarta 2 km dari pantai Ngrenehan.\nPantai ini sangat indah jika air surut maka tampaklah kolam kolam kecil yang terbentuk dari karang karang yang tertutp oleh alga (rumput laut yang hijau sebagai bahan baku kosmetik) dan terdapat banyak biota laut lainnya yang mungkin terjebak di kolam karang tersebut. Hal inilah yang menopanng kehidupan nelayan darat yakni para nelayan yang tidak memerlukan kapal atau perahu untuk mendapatkan hasil laut cukup beraktivitas dipinggir pantai. Biota laut yang sering di dapat adalah Lobster, landak laut, kerang-kerangan, bintang laut dan rumput laut itu sendiri tentunya .",pantai ngobaran bahari yogyakarta pantai ngobaran salah wisata alam letak gugus laut pantai selatan tepat desa kanigoro  camat saptosari kabupaten gunungkidul daerah istimewa yogyakarta 2 km pantai ngrenehan npantai indah air surut tampak kolam kolam bentuk karang karang tertutp alga  rumput laut hijau bahan baku kosmetik  biota laut jebak kolam karang  menopanng hidup nelayan darat nelayan kapal perahu hasil laut aktivitas pinggir pantai  biota laut lobster  landak laut  kerang  bintang laut rumput laut
156,Pantai Pulang Sawal,"Pantai Pulang Sawal yang ada di Kecamatan Tepus bisa dicoba. Wisatawan lebih akrab dengan nama Indrayanti untuk merujuk pantai ini. Tidak hanya pengunjung lokal, wisatawan mancanegara pun terpikat dengan pesonanya.",Bahari,Yogyakarta,10000,4.6,https://lh5.googleusercontent.com/p/AF1QipMtLSvdSRacWPda44xbkloyLb9OyJFQSw88R0nm=w408-h544-k-no,"https://www.google.com/maps/place/Pulang+Sawal+Beach/@-8.1506589,110.6126311,17z/data=!3m1!4b1!4m6!3m5!1s0x2e7bbb82ff339707:0x6f372016862dfeb!8m2!3d-8.1506589!4d110.6126311!16s%2Fg%2F11ny4m9_cf?entry=ttu","Pantai Pulang Sawal Bahari Yogyakarta Pantai Pulang Sawal yang ada di Kecamatan Tepus bisa dicoba. Wisatawan lebih akrab dengan nama Indrayanti untuk merujuk pantai ini. Tidak hanya pengunjung lokal, wisatawan mancanegara pun terpikat dengan pesonanya.",pantai pulang sawal bahari yogyakarta pantai pulang sawal camat tepus coba  wisatawan akrab nama indrayanti rujuk pantai  unjung lokal  wisatawan mancanegara pikat pesona
157,Pantai Baron,"Pantai Baron adalah salah satu objek wisata berupa pantai yang terletak di Desa Kemadang, Kecamatan Tanjungsari, Kabupaten Gunungkidul. Lokasi Pantai Baron dapat ditempuh 40 km daeri pusat kota Yogyakarta. Asal mula nama Pantai Baron berasal dari nama seorang bangsawan asal Belanda yang bernama Baron Skeber. Bangsawan tersebut pernah mendaratkan kapalnya di pantai selatan tepatnya di pantai yang saat ini terkenal dengan sebutan Pantai Baron. Jalan menuju objek wisata Pantai Baron cukup baik untuk dilalui kendaraan pribadi, sepeda motor dan bus.Objek wisata Pantai Baron merupakan pantai yang membentuk cekungan. Seperti pantai lainnya, di Pantai Baron tersedia aneka ikan laut beserta olahannya. Ikan yang biasanya dijual di Pantai Baron adalah udang windu, kakap, bawal putih dan tongkol. Pantai Baron memiliki fasilitas berupa tempat pelelangan ikan, wahana permainan anak-anak, perahu bermesin, dan toko cenderamata. Buah sirkaya, pisang tanduk, sirsak, dan berbagai macam cenderamata yang terbuat dari kerang laut. Cenderamata berbahan kerang yang banyak dijual di Pantai Baron adalah bros, tirai kerang, lampu hias, cermin berhias karang, figura, dan aneka karakter hewan yang juga terbuat dari kerang laut.Upacara sedekah laut adalah upacara yang masih sering dilakukan oleh masyarakat Gunungkidul. Pantai Baron adalah salah satu tempat untuk menyelenggarakan upacara sedekah laut tersebut. Upacara sedekah laut diselenggarakan setiap tanggal satu Syuro dalam penanggalan Jawa. Upacara sedekah laut dilakukan sebagai ungkapan rasa syukur penduduk setempat atas melimpahnya tangkapan ikan di Pantai Baron. Awalnya, sebagaian besar penduduk di sekitar Pantai Baron bukanlah nelayan melainkan petani yang mengolah kebun. Suatu ketika ada seseorang yang memulai menangkap ikan di pinggiran pantai dan mendapatkan banyak ikan, kemudian banyak penduduk yang mengikuti orang tersebut untuk menangkap ikan. Semakin lama, ikan di pinggir pantai semakin sedikit kemudian penduduk mencoba menangkap ikan ketengah laut menggunakan rakit kayu. Adanya kapal di pantai ini karena suatu ketika terjadi tragedi nelayan yang saat menangkap ikan di tengah laut digigit oleh ikan hiu maka kabar ini pun tersiar di mana-mana dan menjadikan pemerintah menyumbangkan perahu untuk nelayan Pantai Baron.Keunikan Pantai Baron adalah adanya sunga bawah tanah yang mengalir cukup deras ke arah lautan. Sungai bawah tanah tersebut mengalir ke arah laut dan membentuk sebuah sungai. Uniknya sungai bawah tanah yang ada di Pantai Baron adalah rasa airnya yang tawar meskipun berada sangat dekat dengan laut. Pengunjung yang tidak berani bermain dan berenang di laut dapat bermain air dan berenang dialiran sungai bawah tanah tersebut. Pemandangan lain yang ada di Pantai Baron adalah sebuah bukit yang berada di sekitar pantai. Pengunjung dapat menikmati keindahan pantai dari atas bukit tersebut.",Bahari,Yogyakarta,10000,4.5,https://lh5.googleusercontent.com/p/AF1QipONPCayAJdJ4LA8Igr1exZu3_AdMGliud_fkDyf=w408-h305-k-no,"https://www.google.com/maps/place/Pantai+Baron+%EA%A7%8B%EA%A6%A5%EA%A6%A4%EA%A7%80%EA%A6%A0%EA%A6%BB%EA%A6%A7%EA%A6%AB%EA%A6%BA%EA%A6%B4%EA%A6%A4%EA%A7%80/@-8.1289784,110.5486795,17z/data=!3m1!4b1!4m6!3m5!1s0x2e7bbb5fb943a87d:0xd16980751ddc7f8b!8m2!3d-8.1289784!4d110.5486795!16s%2Fg%2F11tt6b4ggk?entry=ttu","Pantai Baron Bahari Yogyakarta Pantai Baron adalah salah satu objek wisata berupa pantai yang terletak di Desa Kemadang, Kecamatan Tanjungsari, Kabupaten Gunungkidul. Lokasi Pantai Baron dapat ditempuh 40 km daeri pusat kota Yogyakarta. Asal mula nama Pantai Baron berasal dari nama seorang bangsawan asal Belanda yang bernama Baron Skeber. Bangsawan tersebut pernah mendaratkan kapalnya di pantai selatan tepatnya di pantai yang saat ini terkenal dengan sebutan Pantai Baron. Jalan menuju objek wisata Pantai Baron cukup baik untuk dilalui kendaraan pribadi, sepeda motor dan bus.Objek wisata Pantai Baron merupakan pantai yang membentuk cekungan. Seperti pantai lainnya, di Pantai Baron tersedia aneka ikan laut beserta olahannya. Ikan yang biasanya dijual di Pantai Baron adalah udang windu, kakap, bawal putih dan tongkol. Pantai Baron memiliki fasilitas berupa tempat pelelangan ikan, wahana permainan anak-anak, perahu bermesin, dan toko cenderamata. Buah sirkaya, pisang tanduk, sirsak, dan berbagai macam cenderamata yang terbuat dari kerang laut. Cenderamata berbahan kerang yang banyak dijual di Pantai Baron adalah bros, tirai kerang, lampu hias, cermin berhias karang, figura, dan aneka karakter hewan yang juga terbuat dari kerang laut.Upacara sedekah laut adalah upacara yang masih sering dilakukan oleh masyarakat Gunungkidul. Pantai Baron adalah salah satu tempat untuk menyelenggarakan upacara sedekah laut tersebut. Upacara sedekah laut diselenggarakan setiap tanggal satu Syuro dalam penanggalan Jawa. Upacara sedekah laut dilakukan sebagai ungkapan rasa syukur penduduk setempat atas melimpahnya tangkapan ikan di Pantai Baron. Awalnya, sebagaian besar penduduk di sekitar Pantai Baron bukanlah nelayan melainkan petani yang mengolah kebun. Suatu ketika ada seseorang yang memulai menangkap ikan di pinggiran pantai dan mendapatkan banyak ikan, kemudian banyak penduduk yang mengikuti orang tersebut untuk menangkap ikan. Semakin lama, ikan di pinggir pantai semakin sedikit kemudian penduduk mencoba menangkap ikan ketengah laut menggunakan rakit kayu. Adanya kapal di pantai ini karena suatu ketika terjadi tragedi nelayan yang saat menangkap ikan di tengah laut digigit oleh ikan hiu maka kabar ini pun tersiar di mana-mana dan menjadikan pemerintah menyumbangkan perahu untuk nelayan Pantai Baron.Keunikan Pantai Baron adalah adanya sunga bawah tanah yang mengalir cukup deras ke arah lautan. Sungai bawah tanah tersebut mengalir ke arah laut dan membentuk sebuah sungai. Uniknya sungai bawah tanah yang ada di Pantai Baron adalah rasa airnya yang tawar meskipun berada sangat dekat dengan laut. Pengunjung yang tidak berani bermain dan berenang di laut dapat bermain air dan berenang dialiran sungai bawah tanah tersebut. Pemandangan lain yang ada di Pantai Baron adalah sebuah bukit yang berada di sekitar pantai. Pengunjung dapat menikmati keindahan pantai dari atas bukit tersebut.",pantai baron bahari yogyakarta pantai baron salah objek wisata pantai letak desa madang  camat tanjungsari  kabupaten gunungkidul  lokasi pantai baron tempuh 40 km daeri pusat kota yogyakarta  nama pantai baron asal nama bangsawan belanda nama baron skeber  bangsawan darat kapal pantai selatan tepat pantai kenal sebut pantai baron  jalan objek wisata pantai baron kendara pribadi  sepeda motor bus objek wisata pantai baron pantai bentuk cekung  pantai  pantai baron sedia aneka ikan laut serta olah  ikan jual pantai baron udang windu  kakap  bawal putih tongkol  pantai baron milik fasilitas lelang ikan  wahana main anak  perahu mesin  toko cenderamata  buah sirkaya  pisang tanduk  sirsak  cenderamata buat kerang laut  cenderamata bahan kerang jual pantai baron bros  tirai kerang  lampu hias  cermin hias karang  figura  aneka karakter hewan buat kerang laut upacara sedekah laut upacara masyarakat gunungkidul  pantai baron salah selenggara upacara sedekah laut  upacara sedekah laut selenggara tanggal syuro tanggal jawa  upacara sedekah laut ungkap syukur duduk limpah tangkap ikan pantai baron   bagai duduk pantai baron nelayan tani olah kebun  tangkap ikan pinggir pantai ikan  duduk ikut orang tangkap ikan   ikan pinggir pantai duduk coba tangkap ikan tengah laut rakit kayu  kapal pantai tragedi nelayan tangkap ikan laut gigit ikan hiu kabar siar mana jadi perintah sumbang perahu nelayan pantai baron uni pantai baron sunga tanah alir deras arah laut  sungai tanah alir arah laut bentuk sungai  unik sungai tanah pantai baron air tawar laut  unjung berani main renang laut main air renang alir sungai tanah  pandang pantai baron bukit pantai  unjung nikmat indah pantai bukit
158,Pantai Pok Tunggal,"Pantai Pok Tunggal atau biasa disebut ""the hidden paradise"" (surga yang tersembunyi) adalah salah satu objek wisata yang ada di Yogyakarta tepatnya di Desa Tepus, Tepus, Gunung Kidul, Yogyakarta. Jika dihitung dari kota, maka jarak tempuhnya sejauh 80 km atau sekitar 2 jam perjalanan.\nNama Pantai Pok Tunggal diambil karena dipantai tersebut terdapat sebuah pohon duras tua yang berdiri kokoh hingga saat ini. Pantai ini dikelilingi oleh tebing perbukitan karst. Terdapat tebing-tebing karang yang ditumbuhi oleh pepohonan yang lebat dan didalamnya dihuni oleh kera-kera yang jinak. Uniknya, pantai ini memiliki aliran sungai air tawar dibawah tanah yang menjadi sumber kehidupan bagi masyarakat sekitar pantai. Layaknya pantai selatan lainnya, Pantai Pok Tunggal memiliki pasir putih yang halus dan membentang sepanjang pantai. Sampai saat ini Pantai Pok Tunggal masih terjaga kebersihan dan kealamiannya.\nPantai ini sangat ramai dikunjungi baik saat liburan maupun saat hari biasa. Terdapat banyak sekali aktivitas-aktivitas yang ditawarkan di Pantai Pok Tunggal, seperti diving, snorkeling, berenang, berkemah, berfoto di spot-spot foto yang indah, hingga aktivitas ekstrem seperti rock climbing.",Bahari,Yogyakarta,10000,4.7,https://lh5.googleusercontent.com/p/AF1QipNbRO_xIvgRUsvQJUweHOgnFZiHYOse4sblQoLY=w426-h240-k-no,"https://www.google.com/maps/place/Pantai+Pok+Tunggal/@-8.1549718,110.6214958,17z/data=!3m1!4b1!4m6!3m5!1s0x2e7bb9cc12dddcdd:0x1c3d8c501915b7ce!8m2!3d-8.1549718!4d110.6214958!16s%2Fg%2F11h2g1y310?entry=ttu","Pantai Pok Tunggal Bahari Yogyakarta Pantai Pok Tunggal atau biasa disebut ""the hidden paradise"" (surga yang tersembunyi) adalah salah satu objek wisata yang ada di Yogyakarta tepatnya di Desa Tepus, Tepus, Gunung Kidul, Yogyakarta. Jika dihitung dari kota, maka jarak tempuhnya sejauh 80 km atau sekitar 2 jam perjalanan.\nNama Pantai Pok Tunggal diambil karena dipantai tersebut terdapat sebuah pohon duras tua yang berdiri kokoh hingga saat ini. Pantai ini dikelilingi oleh tebing perbukitan karst. Terdapat tebing-tebing karang yang ditumbuhi oleh pepohonan yang lebat dan didalamnya dihuni oleh kera-kera yang jinak. Uniknya, pantai ini memiliki aliran sungai air tawar dibawah tanah yang menjadi sumber kehidupan bagi masyarakat sekitar pantai. Layaknya pantai selatan lainnya, Pantai Pok Tunggal memiliki pasir putih yang halus dan membentang sepanjang pantai. Sampai saat ini Pantai Pok Tunggal masih terjaga kebersihan dan kealamiannya.\nPantai ini sangat ramai dikunjungi baik saat liburan maupun saat hari biasa. Terdapat banyak sekali aktivitas-aktivitas yang ditawarkan di Pantai Pok Tunggal, seperti diving, snorkeling, berenang, berkemah, berfoto di spot-spot foto yang indah, hingga aktivitas ekstrem seperti rock climbing.",pantai pok tunggal bahari yogyakarta pantai pok tunggal  the hidden paradise   surga sembunyi  salah objek wisata yogyakarta tepat desa tepus  tepus  gunung kidul  yogyakarta  hitung kota  jarak tempuh 80 km 2 jam jalan nnama pantai pok tunggal ambil pantai pohon duras tua diri kokoh  pantai keliling tebing bukit karst  tebing karang tumbuh pohon lebat dalam huni kera jinak  unik  pantai milik alir sungai air tawar bawah tanah sumber hidup masyarakat pantai  layak pantai selatan  pantai pok tunggal milik pasir putih halus bentang pantai  pantai pok tunggal jaga bersih alami npantai ramai kunjung libur  aktivitas tawar pantai pok tunggal  diving  snorkeling  renang  kemah  foto spot-spot foto indah  aktivitas ekstrem rock climbing
159,Hutan Pinus Asri,"Hampir semua kawasan di daerah Dlingo dan sekitarnya banyak ditumbuhi pohon pinus. Salah satunya adalah kawasan Hutan Pinus Asri yang ada di Dusun Karangasem. Karena keindahannya, tak heran jika banyak wisatawan datang untuk berfoto. Udara sejuk berkolaborasi dengan jajaran pohon pinus nan indah. Jika diperhatikan, pemandangan pohon pinus ini terlihat seperti pemandangan di Northwest Pacific. Apalagi, kabut tipis di pagi hari menyelimuti dengan tenangnya.",Cagar Alam,Yogyakarta,2500,4.5,https://lh5.googleusercontent.com/p/AF1QipNAFb4zIP8WASYmMdlJfzYUev8TgsgsaK42H4_s=w408-h292-k-no,"https://www.google.com/maps/place/Hutan+Pinus+Asri/@-7.9209209,110.4355651,17z/data=!3m1!4b1!4m6!3m5!1s0x2e7a537984052d55:0xbc70c46c282502bc!8m2!3d-7.9209209!4d110.4355651!16s%2Fg%2F11cjj0fcl8?entry=ttu","Hutan Pinus Asri Cagar Alam Yogyakarta Hampir semua kawasan di daerah Dlingo dan sekitarnya banyak ditumbuhi pohon pinus. Salah satunya adalah kawasan Hutan Pinus Asri yang ada di Dusun Karangasem. Karena keindahannya, tak heran jika banyak wisatawan datang untuk berfoto. Udara sejuk berkolaborasi dengan jajaran pohon pinus nan indah. Jika diperhatikan, pemandangan pohon pinus ini terlihat seperti pemandangan di Northwest Pacific. Apalagi, kabut tipis di pagi hari menyelimuti dengan tenangnya.",hutan pinus asri cagar alam yogyakarta kawasan daerah dlingo tumbuh pohon pinus  salah satu kawasan hutan pinus asri dusun karangasem  indah  heran wisatawan foto  udara sejuk kolaborasi jajar pohon pinus nan indah  perhati  pandang pohon pinus pandang northwest pacific   kabut tipis pagi limut tenang
160,Pasar Kebon Empring Bintaran,"Pasar Kebon Empring merupakan salah satu objek wisata di Kecamatan Piyungan yang menawarkan kuliner tradisional seperti sego atau nasi wader, jangan lombok, sego lele, sego welut, sego wiwit, tengkleng, sego mentel, geblek hingga dawet batok dan seruni. Harga yang ditawarkan relatif murah, mulai dari Rp3.000 sampai Rp17.000. Pasar Kebon Pring mulai dibuka untuk kunjungan wisatawan pada 17 Mei 2018. Dinamakan Pasar Kebon Empring karena hampir sekeliling objek wisata tersebut adalah pohon bambu atau empring dalam bahasa jawa. Lokasi tersebut mulai menjadi objek wisata awalnya karena banyak orang yang berswafoto di jembatan Kali Gawe dalam lokasi pasar Kebon Empring. Setelah jembatan Kali Gawe diresmikan pada Februari 2018, empat bulan kemudian warga setempat memanfaatkannya dan mengembangkan menjadi lokasi wisata dengan menambah sarana dan prasarana penunjang wisata seperti taman, destinasi swafoto, bale di atas Kali Gawe.",Pusat Perbelanjaan,Yogyakarta,0,4.5,https://lh5.googleusercontent.com/p/AF1QipNu-_2a0PD1CzbHTWj3-cp6OM3TyEaxiB88F319=w533-h240-k-no,"https://www.google.com/maps/place/PASAR+KEBON+EMPRING+BINTARAN/@-7.8363205,110.4575806,17z/data=!3m1!4b1!4m6!3m5!1s0x2e7a513fa770f185:0x3874fadb62779c9e!8m2!3d-7.8363205!4d110.4575806!16s%2Fg%2F11gj0v3yms?entry=ttu","Pasar Kebon Empring Bintaran Pusat Perbelanjaan Yogyakarta Pasar Kebon Empring merupakan salah satu objek wisata di Kecamatan Piyungan yang menawarkan kuliner tradisional seperti sego atau nasi wader, jangan lombok, sego lele, sego welut, sego wiwit, tengkleng, sego mentel, geblek hingga dawet batok dan seruni. Harga yang ditawarkan relatif murah, mulai dari Rp3.000 sampai Rp17.000. Pasar Kebon Pring mulai dibuka untuk kunjungan wisatawan pada 17 Mei 2018. Dinamakan Pasar Kebon Empring karena hampir sekeliling objek wisata tersebut adalah pohon bambu atau empring dalam bahasa jawa. Lokasi tersebut mulai menjadi objek wisata awalnya karena banyak orang yang berswafoto di jembatan Kali Gawe dalam lokasi pasar Kebon Empring. Setelah jembatan Kali Gawe diresmikan pada Februari 2018, empat bulan kemudian warga setempat memanfaatkannya dan mengembangkan menjadi lokasi wisata dengan menambah sarana dan prasarana penunjang wisata seperti taman, destinasi swafoto, bale di atas Kali Gawe.",pasar kebon empring bintaran pusat belanja yogyakarta pasar kebon empring salah objek wisata camat piyungan tawar kuliner tradisional sego nasi wader  lombok  sego lele  sego welut  sego wiwit  tengkleng  sego tel  geblek dawet batok seruni  harga tawar relatif murah  rp3 000 rp17 000  pasar kebon pring buka kunjung wisatawan 17 mei 2018 nama pasar kebon empring keliling objek wisata pohon bambu empring bahasa jawa  lokasi objek wisata orang berswafoto jembatan kali gawe lokasi pasar kebon empring  jembatan kali gawe resmi februari 2018  warga manfaat kembang lokasi wisata tambah sarana prasarana tunjang wisata taman  destinasi swafoto  bale kali gawe
161,"Bukit Paralayang, Watugupit","Bukit Paralayang Parangtritis merupakan tempat wisata di Yogyakarta, tempat ini mensajikan pemandangan pantai parangtritis dari atas bukit dengan ketinggian 900 mdpl dan pemandangan matahari terbenam. selain itu di bukit paralayang parangtritis terdapat olahraga ekstrem paralayang, bagi wisatawan yang tertarik,terdapat ahli yang mendampingi. Awalnya bukit ini hanya perbukitan biasa. Kemudian pada tahun 1991 dibuat landasan beton pertama yang digunakan untuk olahraga paralayang. Kemudian dilanjutkan pembangunan fasilitas pendopo, tangga, dan area parkir pada tahun 1998",Cagar Alam,Yogyakarta,5000,4.7,https://lh5.googleusercontent.com/p/AF1QipO2t2-U8tBw_3kn-ZvPZrL92pSNJT1HRR_53iVh=w426-h240-k-no,"https://www.google.com/maps/place/Bukit+Paralayang+Watugupit/@-8.0268551,110.3459122,17z/data=!3m1!4b1!4m6!3m5!1s0x2e7baa1254b588c1:0xd78b48bf093653cc!8m2!3d-8.0268551!4d110.3459122!16s%2Fg%2F11h2gfr5yn?entry=ttu","Bukit Paralayang, Watugupit Cagar Alam Yogyakarta Bukit Paralayang Parangtritis merupakan tempat wisata di Yogyakarta, tempat ini mensajikan pemandangan pantai parangtritis dari atas bukit dengan ketinggian 900 mdpl dan pemandangan matahari terbenam. selain itu di bukit paralayang parangtritis terdapat olahraga ekstrem paralayang, bagi wisatawan yang tertarik,terdapat ahli yang mendampingi. Awalnya bukit ini hanya perbukitan biasa. Kemudian pada tahun 1991 dibuat landasan beton pertama yang digunakan untuk olahraga paralayang. Kemudian dilanjutkan pembangunan fasilitas pendopo, tangga, dan area parkir pada tahun 1998",bukit paralayang  watugupit cagar alam yogyakarta bukit paralayang parangtritis wisata yogyakarta  saji pandang pantai parangtritis bukit tinggi 900 mdpl pandang matahari benam  bukit paralayang parangtritis olahraga ekstrem paralayang  wisatawan tarik  ahli damping  bukit bukit  1991 landas beton olahraga paralayang  lanjut bangun fasilitas pendopo  tangga  area parkir 1998
162,Kampung Wisata Dipowinatan,"Kampung Wisata Dipowinatan adalah sebuah kampung yang dikembangkan oleh Dinas Pariwisata Yogyakarta untuk tujuan pariwisata. Kampung tersebut merupakan salah satu dari 17 yang saat ini sedang dikembangkan oleh Pemerintah Kota Yogyakarta. Pepatnya, Kampung Dipowinatan terdapat di Kelurahan Keparakan, Kecamatan Mergangsan, Kota Yogyakarta. Keunggulan utama yang ditonjolkan oleh kampung itu adalah adanya konsep live in atau rekreasi yang berpadu dengan masyarakat sekitar sekaligus membaur dengan unsur budaya dan lokalitas masyarakat yang ada. Di dalam kampung tersebut, pengunjung akan disuguhi beberapa fasilitas unik seperti berkunjung ke rumah-rumah keluarga Jawa dengan mengenakan pakaian adat Jawa dan ditambah dengan adanya hiburan kesenian sekaligus sajian kuliner khas Jawa.",Budaya,Yogyakarta,220000,4.5,https://lh5.googleusercontent.com/p/AF1QipNvKjM8bg2-Cj4nfUzza9MaeY__ceH5gH2R1gLd=w426-h240-k-no,"https://www.google.com/maps/place/RTHP+Dipowinatan(%EA%A7%8B%EA%A6%A0%EA%A6%A9%EA%A6%A4%EA%A7%80%EA%A6%8F%EA%A6%AB%EA%A6%81%EA%A7%89)/@-7.8105529,110.3704987,17z/data=!3m1!4b1!4m6!3m5!1s0x2e7a579bc5236207:0x5f5de75b030c50c3!8m2!3d-7.8105529!4d110.3704987!16s%2Fg%2F11g5_cb408?entry=ttu","Kampung Wisata Dipowinatan Budaya Yogyakarta Kampung Wisata Dipowinatan adalah sebuah kampung yang dikembangkan oleh Dinas Pariwisata Yogyakarta untuk tujuan pariwisata. Kampung tersebut merupakan salah satu dari 17 yang saat ini sedang dikembangkan oleh Pemerintah Kota Yogyakarta. Pepatnya, Kampung Dipowinatan terdapat di Kelurahan Keparakan, Kecamatan Mergangsan, Kota Yogyakarta. Keunggulan utama yang ditonjolkan oleh kampung itu adalah adanya konsep live in atau rekreasi yang berpadu dengan masyarakat sekitar sekaligus membaur dengan unsur budaya dan lokalitas masyarakat yang ada. Di dalam kampung tersebut, pengunjung akan disuguhi beberapa fasilitas unik seperti berkunjung ke rumah-rumah keluarga Jawa dengan mengenakan pakaian adat Jawa dan ditambah dengan adanya hiburan kesenian sekaligus sajian kuliner khas Jawa.",kampung wisata dipowinatan budaya yogyakarta kampung wisata dipowinatan kampung kembang dinas pariwisata yogyakarta tuju pariwisata  kampung salah 17 kembang perintah kota yogyakarta  pepat  kampung dipowinatan lurah para  camat mergangsan  kota yogyakarta  unggul utama tonjol kampung konsep live in rekreasi padu masyarakat baur unsur budaya lokalitas masyarakat  kampung  unjung suguh fasilitas unik kunjung rumah keluarga jawa kena pakai adat jawa tambah hibur seni saji kuliner khas jawa
163,Watu Mabur Mangunan,"Kawasan Tebing Watu Mabur ini terbilang belum lama dikenal oleh masyarakat. Hal ini memang terjadi karena dahulu potensi wisata di kawasan Mangunan belum dikembangkan sedemikian rupa. Dahulu Kawasan Tebing Watu Mabur merupakan kawasan yang digunakan untuk perkemahan. Area perkemahannya sendiri cukup luas yang bisa menampung puluhan tenda besar. Sampai sekarang kawasan perkemahannya masih ada, namun jarang digunakan untuk aktivitas perkemahan, karena di Yogyakarta begitu banyak spot untuk berkemah. Mengunjungi Tebing Watu Mabur tidak lengkap jika tidak mencoba beberapa spot fotonya yang sekarang sangat hits. Spot foto yang paling terkenal ialah jalan raya / landasan pacu yang ujungnya tepat menghadap jurang. Sehingga ketika anda foto di tempat ini seperti sedang berada di jalan yang tidak berujung.
",Cagar Alam,Yogyakarta,2500,4.5,https://lh5.googleusercontent.com/p/AF1QipPjLt2j0pILItvqTysvAfp2mTUAVJN5xZWmyxCa=w408-h468-k-no,"https://www.google.com/maps/place/Watu+Mabur+Lemahbang+Rock+Cliff/@-7.947121,110.441,17z/data=!3m1!4b1!4m6!3m5!1s0x2e7a534f9fff4055:0xd40f9bf76dc1be53!8m2!3d-7.947121!4d110.441!16s%2Fg%2F11dyb8l60t?entry=ttu","Watu Mabur Mangunan Cagar Alam Yogyakarta Kawasan Tebing Watu Mabur ini terbilang belum lama dikenal oleh masyarakat. Hal ini memang terjadi karena dahulu potensi wisata di kawasan Mangunan belum dikembangkan sedemikian rupa. Dahulu Kawasan Tebing Watu Mabur merupakan kawasan yang digunakan untuk perkemahan. Area perkemahannya sendiri cukup luas yang bisa menampung puluhan tenda besar. Sampai sekarang kawasan perkemahannya masih ada, namun jarang digunakan untuk aktivitas perkemahan, karena di Yogyakarta begitu banyak spot untuk berkemah. Mengunjungi Tebing Watu Mabur tidak lengkap jika tidak mencoba beberapa spot fotonya yang sekarang sangat hits. Spot foto yang paling terkenal ialah jalan raya / landasan pacu yang ujungnya tepat menghadap jurang. Sehingga ketika anda foto di tempat ini seperti sedang berada di jalan yang tidak berujung.
",watu mabur mangun cagar alam yogyakarta kawasan tebing watu mabur bilang kenal masyarakat  potensi wisata kawasan mangun kembang rupa  kawasan tebing watu mabur kawasan kemah  area kemah luas tampung puluh tenda  kawasan kemah  jarang aktivitas kemah  yogyakarta spot kemah  unjung tebing watu mabur lengkap coba spot foto hits  spot foto kenal jalan raya  landas pacu ujung hadap jurang  foto jalan ujung
164,Pintoe Langit Dahromo,"Pintu Langit Dahromo ini menyediakan berbagai spot selfie yang hitz dan instagramable dengan latar belakang panorama keindahan sebagian Kota Jogja yang istimewa. Adapun berbagai spot foto tersebut seperti spot foto rumah dengan bunga-bunga disekitarnya, pintu langit, gardu pandang yang berbentuk love, dan ada juga sayap capung. Pintu Langit Dahromo berlokasi di Jl. Dahromo, Karang Asem, Muntuk, Dlingo, Bantul, Daerah Istimewa Yogyakarta 55783. Tepatnya berada di jalur wisata perbukitan sebelah selatan bukit Lintang Sewu. Untuk mencapai Pintu Langit ini, rute perjalanan yang dilalui cukup mudah karena berada dekat dengan wisata lainnya.",Cagar Alam,Yogyakarta,2500,4.4,https://lh5.googleusercontent.com/p/AF1QipNBZjguhunFs4aS1P-xn2MIxrhuRaoq6XCTynYn=w408-h302-k-no,"https://www.google.com/maps/place/Pintoe+Langit+Dahromo/@-7.913608,110.437783,17z/data=!3m1!4b1!4m6!3m5!1s0x2e7a53831583763d:0xa74f215c61b1135e!8m2!3d-7.913608!4d110.437783!16s%2Fg%2F11dfl8gmh7?entry=ttu","Pintoe Langit Dahromo Cagar Alam Yogyakarta Pintu Langit Dahromo ini menyediakan berbagai spot selfie yang hitz dan instagramable dengan latar belakang panorama keindahan sebagian Kota Jogja yang istimewa. Adapun berbagai spot foto tersebut seperti spot foto rumah dengan bunga-bunga disekitarnya, pintu langit, gardu pandang yang berbentuk love, dan ada juga sayap capung. Pintu Langit Dahromo berlokasi di Jl. Dahromo, Karang Asem, Muntuk, Dlingo, Bantul, Daerah Istimewa Yogyakarta 55783. Tepatnya berada di jalur wisata perbukitan sebelah selatan bukit Lintang Sewu. Untuk mencapai Pintu Langit ini, rute perjalanan yang dilalui cukup mudah karena berada dekat dengan wisata lainnya.",pintoe langit dahromo cagar alam yogyakarta pintu langit dahromo sedia spot selfie hitz instagramable latar panorama indah kota jogja istimewa  spot foto spot foto rumah bunga sekitar  pintu langit  gardu pandang bentuk love  sayap capung  pintu langit dahromo lokasi jl  dahromo  karang asem  muntuk  dlingo  bantul  daerah istimewa yogyakarta 55783 tepat jalur wisata bukit belah selatan bukit lintang sewu  capai pintu langit  rute jalan mudah wisata
165,Green Village Gedangsari,"Wisata Green Village Gedangsari Gunungkidul merupakan wisata alam cukup menakjubkan, pesona alam berupa hamparan pepohonan hijau rindang serta udara sejuk, bahkan sekarang telah hadir loh wahana flying fox terpanjang se Asia Tenggara. Berada di dataran tinggi, pengunjung dapat menyaksikan panorama kota Jogja, Klaten hingga kota Solo. Beberapa kegiatan liburan menyenangkan dapat dilakukan ketika liburan di Green Village Gunungkidul. Sepanjang jalan setapak berawal dari gerbang masuk hingga lokasi puncak, tak perlu heran kalau banyak pengunjung berswafoto di sepanjang jalan. Hal tersebut mengingat pesona alam masih asri, sehingga sangat cocok dijadikan background berswafoto bareng keluarga, teman atau pun bareng pasangan. Tentu saja banyak pengunjung membawa tongkat selfie bahkan ada juga menggunakan pesawat drone demi merekam momen keseruan dan keindahan alam Gunungkidul melalui jepretan kamera.
",Taman Hiburan,Yogyakarta,2000,4.1,https://lh5.googleusercontent.com/p/AF1QipNH4L6yPu6ybkpY_5vK1s9FUxKRsurTiMoso-XH=w408-h408-k-no,"https://www.google.com/maps/place/Green+Village+Gedangsari/@-7.813094,110.615571,17z/data=!3m1!4b1!4m6!3m5!1s0x2e7a4f32bf83986b:0x89cfc63831ddf2a3!8m2!3d-7.813094!4d110.615571!16s%2Fg%2F11b8zzjrn2?entry=ttu","Green Village Gedangsari Taman Hiburan Yogyakarta Wisata Green Village Gedangsari Gunungkidul merupakan wisata alam cukup menakjubkan, pesona alam berupa hamparan pepohonan hijau rindang serta udara sejuk, bahkan sekarang telah hadir loh wahana flying fox terpanjang se Asia Tenggara. Berada di dataran tinggi, pengunjung dapat menyaksikan panorama kota Jogja, Klaten hingga kota Solo. Beberapa kegiatan liburan menyenangkan dapat dilakukan ketika liburan di Green Village Gunungkidul. Sepanjang jalan setapak berawal dari gerbang masuk hingga lokasi puncak, tak perlu heran kalau banyak pengunjung berswafoto di sepanjang jalan. Hal tersebut mengingat pesona alam masih asri, sehingga sangat cocok dijadikan background berswafoto bareng keluarga, teman atau pun bareng pasangan. Tentu saja banyak pengunjung membawa tongkat selfie bahkan ada juga menggunakan pesawat drone demi merekam momen keseruan dan keindahan alam Gunungkidul melalui jepretan kamera.
",green village gedangsari taman hibur yogyakarta wisata green village gedangsari gunungkidul wisata alam takjub  pesona alam hampar pohon hijau rindang udara sejuk  hadir loh wahana flying fox panjang asia tenggara  datar  unjung saksi panorama kota jogja  klaten kota solo  giat libur senang libur green village gunungkidul  jalan setapak gerbang masuk lokasi puncak  heran unjung berswafoto jalan  pesona alam asri  cocok jadi background berswafoto bareng keluarga  teman bareng pasang  unjung bawa tongkat selfie pesawat drone rekam momen seru indah alam gunungkidul jepret kamera
166,Kebun Teh Nglinggo,"Wisata Kebun Teh Nglinggo adalah satu-satunya kebun teh yang berada di Yogyakarta. Sebenarnya kebun teh ini merupakan tempat mata pencaharian penduduk di sekitar Pagerhajo. Kemudian warga mempunyai ide untuk menjadikannya sebagai tempat wisata. Dengan pesona alamnya Kebun Teh Nglinggo menjadi objek wisata yang cukup terkenal di Kulon Progo. Kebun Teh Nglinggo terletak di wilayah Perbukitan Menoreh. Lokasinya di Desa Wisata Nglinggo, Nglinggo Barat, Pagerharjo, Samigaluh, Kabupaten Kulon Progo, DIY. Wisata ini menawarkan objek wisata berupa hamparan perkebunan teh dengan luas sekitar 136 hektare di ketinggian 900-1000 mdpl . Di sana pengunjung dapat melihat para pemetik daun teh dan dapat pula ikut memanen daun teh. Jika kurang puas pengunjung juga dapat naik hingga Puncak Kendeng Gunung Kukusan, dan akan dimanjakan dengan pemandangan alam yang memikat mata juga udara sejuk pegunungan yang masih alami . Dari puncak tersebut pengunjung akan disajikan dengan pemandangan delapan gunung besar yang ada di Jogja dan Jawa Tengah . Pengunjung juga bisa menjelajahi Kebun Teh Nglinggo dengan jeep ataupun motor trail. Meskipun buka dari pukul 06.00-18.00 WIB, tetapi Kebun Teh Nglinggo dapat dijadikan objek wisata untuk berburu sunrise. Karena pengunjung dapat bermalam di home stay sekitar. Untuk harga tiket masuk objek wisata Kebun Teh Nglinggo sebesar Rp 5000 per orang.",Cagar Alam,Yogyakarta,6000,4.5,https://lh5.googleusercontent.com/p/AF1QipMyJspgFhnWRb5vivdL_zeFjYweI8PAK1mkk77Y=w408-h261-k-no,"https://www.google.com/maps/place/Kebun+Teh+Nglinggo/@-7.6462977,110.1437843,17z/data=!3m1!4b1!4m6!3m5!1s0x2e7af2aa21b914df:0x99633b0e828534dc!8m2!3d-7.6462977!4d110.1437843!16s%2Fg%2F11crzxbfx4?entry=ttu","Kebun Teh Nglinggo Cagar Alam Yogyakarta Wisata Kebun Teh Nglinggo adalah satu-satunya kebun teh yang berada di Yogyakarta. Sebenarnya kebun teh ini merupakan tempat mata pencaharian penduduk di sekitar Pagerhajo. Kemudian warga mempunyai ide untuk menjadikannya sebagai tempat wisata. Dengan pesona alamnya Kebun Teh Nglinggo menjadi objek wisata yang cukup terkenal di Kulon Progo. Kebun Teh Nglinggo terletak di wilayah Perbukitan Menoreh. Lokasinya di Desa Wisata Nglinggo, Nglinggo Barat, Pagerharjo, Samigaluh, Kabupaten Kulon Progo, DIY. Wisata ini menawarkan objek wisata berupa hamparan perkebunan teh dengan luas sekitar 136 hektare di ketinggian 900-1000 mdpl . Di sana pengunjung dapat melihat para pemetik daun teh dan dapat pula ikut memanen daun teh. Jika kurang puas pengunjung juga dapat naik hingga Puncak Kendeng Gunung Kukusan, dan akan dimanjakan dengan pemandangan alam yang memikat mata juga udara sejuk pegunungan yang masih alami . Dari puncak tersebut pengunjung akan disajikan dengan pemandangan delapan gunung besar yang ada di Jogja dan Jawa Tengah . Pengunjung juga bisa menjelajahi Kebun Teh Nglinggo dengan jeep ataupun motor trail. Meskipun buka dari pukul 06.00-18.00 WIB, tetapi Kebun Teh Nglinggo dapat dijadikan objek wisata untuk berburu sunrise. Karena pengunjung dapat bermalam di home stay sekitar. Untuk harga tiket masuk objek wisata Kebun Teh Nglinggo sebesar Rp 5000 per orang.",kebun teh nglinggo cagar alam yogyakarta wisata kebun teh nglinggo satu kebun teh yogyakarta  kebun teh mata cahari duduk pagerhajo  warga ide jadi wisata  pesona alam kebun teh nglinggo objek wisata kenal kulon progo  kebun teh nglinggo letak wilayah bukit toreh  lokasi desa wisata nglinggo  nglinggo barat  pagerharjo  samigaluh  kabupaten kulon progo  diy  wisata tawar objek wisata hampar kebun teh luas 136 hektare tinggi 900-1000 mdpl  unjung petik daun teh panen daun teh  puas unjung puncak kendeng gunung kukus  manja pandang alam mikat mata udara sejuk gunung alami  puncak unjung saji pandang delapan gunung jogja jawa  unjung jajah kebun teh nglinggo jeep motor trail  buka 06 00-18 00 wib  kebun teh nglinggo jadi objek wisata buru sunrise  unjung malam home stay  harga tiket masuk objek wisata kebun teh nglinggo rp 5000 orang
167,Geoforest Watu Payung Turunan,"Bagi para pemburu keindahan matahari terbit yang tinggal atau berdomisili di Yogyakarta dan sekitarnya, Geoforest Watu Payung Turunan merupakan tujuan yang tepat. Keindahan matahari terbit, panorama alam, dan keunikan ornamen merupakan perpaduan sempurna yang tersaji di Geoforest Watu Payung Turunan. Tak hanya untuk memotret, obyek wisata ini juga pas untuk sekadar bersantai menikmati indahnya pagi.",Cagar Alam,Yogyakarta,0,4.5,https://lh5.googleusercontent.com/p/AF1QipM6kUeFCWTiTkx3d6Yd95dRFxS23WvDb0KNFo3t=w427-h240-k-no,"https://www.google.com/maps/place/Geoforest+Watu+Payung+Turunan/@-7.9743125,110.4364375,17z/data=!3m1!4b1!4m6!3m5!1s0x2e7bac8c00000001:0x963f619d5a0fdba0!8m2!3d-7.9743125!4d110.4364375!16s%2Fg%2F11cjkmq7s2?entry=ttu","Geoforest Watu Payung Turunan Cagar Alam Yogyakarta Bagi para pemburu keindahan matahari terbit yang tinggal atau berdomisili di Yogyakarta dan sekitarnya, Geoforest Watu Payung Turunan merupakan tujuan yang tepat. Keindahan matahari terbit, panorama alam, dan keunikan ornamen merupakan perpaduan sempurna yang tersaji di Geoforest Watu Payung Turunan. Tak hanya untuk memotret, obyek wisata ini juga pas untuk sekadar bersantai menikmati indahnya pagi.",geoforest watu payung turun cagar alam yogyakarta buru indah matahari terbit tinggal domisili yogyakarta  geoforest watu payung turun tuju  indah matahari terbit  panorama alam  uni ornamen padu sempurna saji geoforest watu payung turun  potret  obyek wisata pas santa nikmat indah pagi
168,Pantai Timang,"Pantai Timang adalah objek wisata berupa pantai yaitu wilayah yang menjadi batas antara lautan dan daratan yang terletak di Kabupaten Gunungkidul, Daerah Istimewa Yogyakarta. Pantai Timang merupakan salah satu pantai di yogyakarta yang pasirnya berwarna putih. Pantai Timang terletak di antara Pantai Siung dan Pantai Sundak Gunungkidul. Aksesn menuju pantai ini cukup sulit, jalan ke arah pantai ini masih banyak yang belum diaspal karena lokasi pantai ini cukup terpencil. Keunikan pantai ini ialah terdapat sebuah pulau yang menjadi habitat lobster laut diseberang pantai.
",Bahari,Yogyakarta,10000,4.5,https://lh5.googleusercontent.com/p/AF1QipPPDbQlbrSxcvIxKJgJW5YGwZHhWLUjIve6e8z1=w408-h305-k-no,"https://www.google.com/maps/place/Timang+Beach/@-8.1759266,110.6624196,17z/data=!3m1!4b1!4m6!3m5!1s0x2e7bb36265782cf3:0x25efcb5e3a28afa8!8m2!3d-8.1759266!4d110.6624196!16s%2Fm%2F010hqb15?entry=ttu","Pantai Timang Bahari Yogyakarta Pantai Timang adalah objek wisata berupa pantai yaitu wilayah yang menjadi batas antara lautan dan daratan yang terletak di Kabupaten Gunungkidul, Daerah Istimewa Yogyakarta. Pantai Timang merupakan salah satu pantai di yogyakarta yang pasirnya berwarna putih. Pantai Timang terletak di antara Pantai Siung dan Pantai Sundak Gunungkidul. Aksesn menuju pantai ini cukup sulit, jalan ke arah pantai ini masih banyak yang belum diaspal karena lokasi pantai ini cukup terpencil. Keunikan pantai ini ialah terdapat sebuah pulau yang menjadi habitat lobster laut diseberang pantai.
",pantai timang bahari yogyakarta pantai timang objek wisata pantai wilayah batas laut darat letak kabupaten gunungkidul  daerah istimewa yogyakarta  pantai timang salah pantai yogyakarta pasir warna putih  pantai timang letak pantai siung pantai sundak gunungkidul  aksesn pantai sulit  jalan arah pantai aspal lokasi pantai pencil  uni pantai pulau habitat lobster laut seberang pantai
169,Puncak Segoro,"Puncak Segoro menjadi destinasi wisata terbaru di Yogyakarta yang menawarkan sajian pesona sunset yang mempesona. Puncak Segoro Jogja sendiri berlokasi di pinggir pantai selatan Yogyakarta. Kenapa di beri nama Puncak Segoro, Karena lokasinya berada di atas lautan dengan lanscape pemandangan alam yang luar biasa. Berupa tebing tinggi yang menghadap ke laut kidul membuat keindahan panorama yang di sajikan begitu istimewa.",Cagar Alam,Yogyakarta,5000,4.4,https://lh5.googleusercontent.com/p/AF1QipM9H9fsONnY_YICjsugbcaJKDpsVKrjCgY2Avzq=w426-h240-k-no,"https://www.google.com/maps/place/Puncak+Segoro/@-8.1017457,110.4556016,17z/data=!3m1!4b1!4m6!3m5!1s0x2e7baf1820244d67:0x3a6ddd1cebd7df2b!8m2!3d-8.1017457!4d110.4556016!16s%2Fg%2F11hz7dl1c4?entry=ttu","Puncak Segoro Cagar Alam Yogyakarta Puncak Segoro menjadi destinasi wisata terbaru di Yogyakarta yang menawarkan sajian pesona sunset yang mempesona. Puncak Segoro Jogja sendiri berlokasi di pinggir pantai selatan Yogyakarta. Kenapa di beri nama Puncak Segoro, Karena lokasinya berada di atas lautan dengan lanscape pemandangan alam yang luar biasa. Berupa tebing tinggi yang menghadap ke laut kidul membuat keindahan panorama yang di sajikan begitu istimewa.",puncak segoro cagar alam yogyakarta puncak segoro destinasi wisata baru yogyakarta tawar saji pesona sunset pesona  puncak segoro jogja lokasi pinggir pantai selatan yogyakarta  nama puncak segoro  lokasi laut lanscape pandang alam  tebing hadap laut kidul indah panorama saji istimewa
170,Candi Borobudur,"Borobudur (bahasa Jawa: ꦕꦤ꧀ꦝꦶ​ꦧꦫꦧꦸꦝꦸꦂ, translit. Candhi Barabudhur) adalah sebuah candi Buddha yang terletak di Borobudur, Magelang, Jawa Tengah, Indonesia. Candi ini terletak kurang lebih 100 km di sebelah barat daya Semarang, 86 km di sebelah barat Surakarta, dan 40 km di sebelah barat laut Yogyakarta. Candi berbentuk stupa ini didirikan oleh para penganut agama Buddha Mahayana sekitar tahun 800-an Masehi pada masa pemerintahan wangsa Syailendra. Borobudur adalah candi atau kuil Buddha terbesar di dunia, sekaligus salah satu monumen Buddha terbesar di dunia.\nMonumen ini terdiri atas enam teras berbentuk bujur sangkar yang di atasnya terdapat tiga pelataran melingkar, pada dindingnya dihiasi dengan 2.672 panel relief dan aslinya terdapat 504 arca Buddha. Borobudur memiliki koleksi relief Buddha terlengkap dan terbanyak di dunia. Stupa utama terbesar teletak di tengah sekaligus memahkotai bangunan ini, dikelilingi oleh tiga barisan melingkar 72 stupa berlubang yang di dalamnya terdapat arca Buddha tengah duduk bersila dalam posisi teratai sempurna dengan mudra (sikap tangan) Dharmachakra mudra (memutar roda dharma).\nMonumen ini merupakan model alam semesta dan dibangun sebagai tempat suci untuk memuliakan Buddha sekaligus berfungsi sebagai tempat ziarah untuk menuntun umat manusia beralih dari alam nafsu duniawi menuju pencerahan dan kebijaksanaan sesuai ajaran Buddha. Para peziarah masuk melalui sisi timur dan memulai ritual di dasar candi dengan berjalan melingkari bangunan suci ini searah jarum jam, sambil terus naik ke undakan berikutnya melalui tiga tingkatan ranah dalam kosmologi Buddha. Ketiga tingkatan itu adalah Kāmadhātu (ranah hawa nafsu), Rupadhatu (ranah berwujud), dan Arupadhatu (ranah tak berwujud). Dalam perjalanannya para peziarah berjalan melalui serangkaian lorong dan tangga dengan menyaksikan tak kurang dari 1.460 panel relief indah yang terukir pada dinding dan pagar langkan.\nMenurut bukti-bukti sejarah, Borobudur ditinggalkan pada abad ke-14 seiring melemahnya pengaruh kerajaan Hindu dan Buddha di Jawa serta mulai masuknya pengaruh Islam. Dunia mulai menyadari keberadaan bangunan ini sejak ditemukan 1814 oleh Sir Thomas Stamford Raffles, yang saat itu menjabat sebagai Gubernur Jenderal Inggris atas Jawa. Sejak saat itu Borobudur telah mengalami serangkaian upaya penyelamatan dan pemugaran (perbaikan kembali). Proyek pemugaran terbesar digelar pada kurun waktu 1975 hingga 1982 atas upaya Pemerintah Republik Indonesia dan UNESCO, kemudian situs bersejarah ini masuk dalam daftar Situs Warisan Dunia.Borobudur kini masih digunakan sebagai tempat ziarah keagamaan; tiap tahun umat Buddha yang datang dari seluruh Indonesia dan mancanegara berkumpul di Borobudur untuk memperingati Trisuci Waisak. Dalam dunia pariwisata, Borobudur adalah objek wisata tunggal di Indonesia yang paling banyak dikunjungi wisatawan.",Budaya,Yogyakarta,50000,4.7,https://lh5.googleusercontent.com/p/AF1QipOtn45cWWNc4uyT2hJiwTFZ7U5Qo6FI2o_jzWfS=w421-h240-k-no,"https://www.google.com/maps/place/Borobudur+Temple/@-7.6078738,110.2037513,17z/data=!3m1!4b1!4m6!3m5!1s0x2e7a8cf009a7d697:0xdd34334744dc3cb!8m2!3d-7.6078738!4d110.2037513!16zL20vMDFoemNq?entry=ttu","Candi Borobudur Budaya Yogyakarta Borobudur (bahasa Jawa: ꦕꦤ꧀ꦝꦶ​ꦧꦫꦧꦸꦝꦸꦂ, translit. Candhi Barabudhur) adalah sebuah candi Buddha yang terletak di Borobudur, Magelang, Jawa Tengah, Indonesia. Candi ini terletak kurang lebih 100 km di sebelah barat daya Semarang, 86 km di sebelah barat Surakarta, dan 40 km di sebelah barat laut Yogyakarta. Candi berbentuk stupa ini didirikan oleh para penganut agama Buddha Mahayana sekitar tahun 800-an Masehi pada masa pemerintahan wangsa Syailendra. Borobudur adalah candi atau kuil Buddha terbesar di dunia, sekaligus salah satu monumen Buddha terbesar di dunia.\nMonumen ini terdiri atas enam teras berbentuk bujur sangkar yang di atasnya terdapat tiga pelataran melingkar, pada dindingnya dihiasi dengan 2.672 panel relief dan aslinya terdapat 504 arca Buddha. Borobudur memiliki koleksi relief Buddha terlengkap dan terbanyak di dunia. Stupa utama terbesar teletak di tengah sekaligus memahkotai bangunan ini, dikelilingi oleh tiga barisan melingkar 72 stupa berlubang yang di dalamnya terdapat arca Buddha tengah duduk bersila dalam posisi teratai sempurna dengan mudra (sikap tangan) Dharmachakra mudra (memutar roda dharma).\nMonumen ini merupakan model alam semesta dan dibangun sebagai tempat suci untuk memuliakan Buddha sekaligus berfungsi sebagai tempat ziarah untuk menuntun umat manusia beralih dari alam nafsu duniawi menuju pencerahan dan kebijaksanaan sesuai ajaran Buddha. Para peziarah masuk melalui sisi timur dan memulai ritual di dasar candi dengan berjalan melingkari bangunan suci ini searah jarum jam, sambil terus naik ke undakan berikutnya melalui tiga tingkatan ranah dalam kosmologi Buddha. Ketiga tingkatan itu adalah Kāmadhātu (ranah hawa nafsu), Rupadhatu (ranah berwujud), dan Arupadhatu (ranah tak berwujud). Dalam perjalanannya para peziarah berjalan melalui serangkaian lorong dan tangga dengan menyaksikan tak kurang dari 1.460 panel relief indah yang terukir pada dinding dan pagar langkan.\nMenurut bukti-bukti sejarah, Borobudur ditinggalkan pada abad ke-14 seiring melemahnya pengaruh kerajaan Hindu dan Buddha di Jawa serta mulai masuknya pengaruh Islam. Dunia mulai menyadari keberadaan bangunan ini sejak ditemukan 1814 oleh Sir Thomas Stamford Raffles, yang saat itu menjabat sebagai Gubernur Jenderal Inggris atas Jawa. Sejak saat itu Borobudur telah mengalami serangkaian upaya penyelamatan dan pemugaran (perbaikan kembali). Proyek pemugaran terbesar digelar pada kurun waktu 1975 hingga 1982 atas upaya Pemerintah Republik Indonesia dan UNESCO, kemudian situs bersejarah ini masuk dalam daftar Situs Warisan Dunia.Borobudur kini masih digunakan sebagai tempat ziarah keagamaan; tiap tahun umat Buddha yang datang dari seluruh Indonesia dan mancanegara berkumpul di Borobudur untuk memperingati Trisuci Waisak. Dalam dunia pariwisata, Borobudur adalah objek wisata tunggal di Indonesia yang paling banyak dikunjungi wisatawan.",candi borobudur budaya yogyakarta borobudur  bahasa jawa    translit  candhi barabudhur  candi buddha letak borobudur  magelang  jawa  indonesia  candi letak 100 km belah barat daya semarang  86 km belah barat surakarta  40 km belah barat laut yogyakarta  candi bentuk stupa diri anut agama buddha mahayana 800-an masehi perintah wangsa syailendra  borobudur candi kuil buddha besar dunia  salah monumen buddha besar dunia nmonumen enam teras bentuk bujur sangkar atas latar lingkar  dinding hias 2 672 panel relief asli 504 arca buddha  borobudur milik koleksi relief buddha lengkap dunia  stupa utama besar tetak mahkota bangun  keliling baris lingkar 72 stupa lubang dalam arca buddha duduk sila posisi teratai sempurna mudra  sikap tangan  dharmachakra mudra  putar roda dharma  nmonumen model alam semesta bangun suci mulia buddha fungsi ziarah tuntun umat manusia alih alam nafsu duniawi cerah bijaksana sesuai ajar buddha  ziarah masuk sisi timur ritual dasar candi jalan lingkar bangun suci arah jarum jam  unda tingkat ranah kosmologi buddha  tiga tingkat k madh tu  ranah hawa nafsu   rupadhatu  ranah wujud   arupadhatu  ranah wujud   jalan ziarah jalan rangkai lorong tangga saksi 1 460 panel relief indah ukir dinding pagar langkan nmenurut bukti sejarah  borobudur tinggal abad ke-14 iring lemah pengaruh raja hindu buddha jawa masuk pengaruh islam  dunia sadar ada bangun temu 1814 sir thomas stamford raffles  jabat gubernur jenderal inggris jawa  borobudur alami rangkai upaya selamat pugar  baik   proyek pugar besar gelar kurun 1975 1982 upaya perintah republik indonesia unesco  situs sejarah masuk daftar situs waris dunia borobudur ziarah agama  umat buddha indonesia mancanegara kumpul borobudur ingat trisuci waisak  dunia pariwisata  borobudur objek wisata tunggal indonesia kunjung wisatawan
171,Candi Ijo,"Candi Ijo (bahasa Jawa: ꦕꦤ꧀ꦝꦶ​ꦆꦗꦺꦴ, translit. Candhi Ijo) adalah sebuah kompleks percandian bercorak Hindu, berada 4 kilometer arah tenggara dari Candi Ratu Boko atau kira-kira 18 kilometer di sebelah timur kota Yogyakarta. Candi ini diperkirakan dibangun antara kurun abad ke-10 sampai dengan ke-11 Masehi pada saat zaman Kerajaan Medang periode Mataram.
",Budaya,Yogyakarta,5000,4.8,https://lh5.googleusercontent.com/p/AF1QipO-b3ICBAUoFo7BcdjsH25PIF8d68DvdGnlleSB=w426-h240-k-no,"https://www.google.com/maps/place/Ijo+Temple/@-7.783827,110.5118835,17z/data=!3m1!4b1!4m6!3m5!1s0x2e7a5b1232407aa5:0x645c50631c5aaaeb!8m2!3d-7.783827!4d110.5118835!16s%2Fm%2F0s8ww5l?entry=ttu","Candi Ijo Budaya Yogyakarta Candi Ijo (bahasa Jawa: ꦕꦤ꧀ꦝꦶ​ꦆꦗꦺꦴ, translit. Candhi Ijo) adalah sebuah kompleks percandian bercorak Hindu, berada 4 kilometer arah tenggara dari Candi Ratu Boko atau kira-kira 18 kilometer di sebelah timur kota Yogyakarta. Candi ini diperkirakan dibangun antara kurun abad ke-10 sampai dengan ke-11 Masehi pada saat zaman Kerajaan Medang periode Mataram.
",candi ijo budaya yogyakarta candi ijo  bahasa jawa    translit  candhi ijo  kompleks candi corak hindu  4 kilometer arah tenggara candi ratu boko 18 kilometer belah timur kota yogyakarta  candi bangun kurun abad ke-10 ke-11 masehi zaman raja medang periode mataram
172,Pantai Indrayanti,"Pantai Indrayanti menawarkan keindahan alam yang menakjubkan. Hamparan pasir dan birunya laut menjadi pesona yang tiada dua. Pantai Indrayanti merupakan salah satu tempat wisata Yogyakarta yang menjadi rekomendasi bagi wisatawan. Jika kamu merasa jenuh di Malioboro, pantai ini bisa menjadi pilihannya.",Bahari,Yogyakarta,10000,4.6,https://lh5.googleusercontent.com/p/AF1QipNVfSXcvhI_3YPhY2i55EYnhZZF7zvHmOYLx89w=w408-h272-k-no,"https://www.google.com/maps/place/Indrayanti+Beach/@-8.1507886,110.612566,17z/data=!3m1!4b1!4m6!3m5!1s0x2e7bba2bebcb0c7f:0x854daae21d9d9724!8m2!3d-8.1506589!4d110.6126311!16s%2Fg%2F11_ygm9_9?entry=ttu","Pantai Indrayanti Bahari Yogyakarta Pantai Indrayanti menawarkan keindahan alam yang menakjubkan. Hamparan pasir dan birunya laut menjadi pesona yang tiada dua. Pantai Indrayanti merupakan salah satu tempat wisata Yogyakarta yang menjadi rekomendasi bagi wisatawan. Jika kamu merasa jenuh di Malioboro, pantai ini bisa menjadi pilihannya.",pantai indrayanti bahari yogyakarta pantai indrayanti tawar indah alam takjub  hampar pasir biru laut pesona tiada  pantai indrayanti salah wisata yogyakarta rekomendasi wisatawan  jenuh malioboro  pantai pilih
173,Pantai Nglambor,"Pantai Nglambor adalah sebuah pantai eksotis yang terletak di Kelurahan Purwodadi, Kecamatan Tepus, Gunung Kidul, Daerah Istimewa Yogyakarta. Lokasinya persis di sebelah barat dari Pantai Siung dan sebelah timur dari Pantai Jogan. Jaraknya kurang lebih 74 km dari pusat kota Jogja, pantai ini menawarkan panorama pantai yang indah. Terdapat dua batu karang besar yang menyerupai kura-kura persis di depan teluknya.\nAir lautnya yang jernih menjadikan pengunjung bisa dengan leluasa melihat karang, rumput laut, ikan dengan berbagai warna berkejaran, dan aneka biota laut lainnya dari permukaan air. Para pengunjung pun bisa melakukan snorkeling dan berenang di pantai ini tanpa harus khawatir tergulung ombak besar karena memang lokasinya pantainya yang berada di teluk.Seringkali pengunjung berasal dari luar kota bahkan luar negeri, seperti turis dari Belanda, Prancis dan Singapura",Bahari,Yogyakarta,10000,4.5,https://lh5.googleusercontent.com/p/AF1QipNNHdyJao-Uldyp6STC9KhvHD-XYFc5DKh08LPx=w408-h306-k-no,"https://www.google.com/maps/place/Pantai+Nglambor/@-8.1827026,110.6792399,14z/data=!3m1!4b1!4m6!3m5!1s0x2e7bb3ffffffffff:0x16a5f30f0c719ffb!8m2!3d-8.1827028!4d110.6792399!16s%2Fg%2F11c0vmh0mv?entry=ttu","Pantai Nglambor Bahari Yogyakarta Pantai Nglambor adalah sebuah pantai eksotis yang terletak di Kelurahan Purwodadi, Kecamatan Tepus, Gunung Kidul, Daerah Istimewa Yogyakarta. Lokasinya persis di sebelah barat dari Pantai Siung dan sebelah timur dari Pantai Jogan. Jaraknya kurang lebih 74 km dari pusat kota Jogja, pantai ini menawarkan panorama pantai yang indah. Terdapat dua batu karang besar yang menyerupai kura-kura persis di depan teluknya.\nAir lautnya yang jernih menjadikan pengunjung bisa dengan leluasa melihat karang, rumput laut, ikan dengan berbagai warna berkejaran, dan aneka biota laut lainnya dari permukaan air. Para pengunjung pun bisa melakukan snorkeling dan berenang di pantai ini tanpa harus khawatir tergulung ombak besar karena memang lokasinya pantainya yang berada di teluk.Seringkali pengunjung berasal dari luar kota bahkan luar negeri, seperti turis dari Belanda, Prancis dan Singapura",pantai nglambor bahari yogyakarta pantai nglambor pantai eksotis letak lurah purwodadi  camat tepus  gunung kidul  daerah istimewa yogyakarta  lokasi persis belah barat pantai siung belah timur pantai jogan  jarak 74 km pusat kota jogja  pantai tawar panorama pantai indah  batu karang rupa kura persis teluk nair laut jernih jadi unjung leluasa karang  rumput laut  ikan warna jaran  aneka biota laut muka air  unjung snorkeling renang pantai khawatir gulung ombak lokasi pantai teluk seringkali unjung asal kota negeri  turis belanda  prancis singapura
174,Pasar Beringharjo,"Pasar Beringharjo (bahasa Jawa: ꦥꦱꦂꦧꦼꦫꦶꦁꦲꦂꦗ, translit. Pasar Beringharjo) adalah pasar tertua dengan nilai historis dan filosofis yang tidak dapat dipisahkan dengan Keraton Yogyakarta. Beringharjo memiliki makna harafiah hutan pohon beringin yang diharapkan memberikan kesejahteraan bagi warga Yogyakarta. Pasar Beringharjo terletak di Jalan Jenderal Ahmad Yani nomor 16, Yogyakarta. Ada banyak jenis barang yang dapat dibeli di Pasar Beringharjo, mulai dari batik, jajanan pasar, uang kuno, pakaian anak dan dewasa, makanan cepat saji, bahan dasar jamu tradisional, sembako hingga barang antik.",Pusat Perbelanjaan,Yogyakarta,0,4.6,https://lh5.googleusercontent.com/p/AF1QipPvtGQO8laKW4rKPgW04eSyN9b9GS9XZsItSo6Y=w408-h306-k-no,"https://www.google.com/maps/place/Beringharjo+Market/@-7.798812,110.3657371,17z/data=!3m2!4b1!5s0x2e7a57862ad2ee45:0xde643eb81b63559!4m6!3m5!1s0x2e7af7fe02ca3761:0x39ebbc4df90b410c!8m2!3d-7.798812!4d110.3657371!16s%2Fg%2F120spzl7?entry=ttu","Pasar Beringharjo Pusat Perbelanjaan Yogyakarta Pasar Beringharjo (bahasa Jawa: ꦥꦱꦂꦧꦼꦫꦶꦁꦲꦂꦗ, translit. Pasar Beringharjo) adalah pasar tertua dengan nilai historis dan filosofis yang tidak dapat dipisahkan dengan Keraton Yogyakarta. Beringharjo memiliki makna harafiah hutan pohon beringin yang diharapkan memberikan kesejahteraan bagi warga Yogyakarta. Pasar Beringharjo terletak di Jalan Jenderal Ahmad Yani nomor 16, Yogyakarta. Ada banyak jenis barang yang dapat dibeli di Pasar Beringharjo, mulai dari batik, jajanan pasar, uang kuno, pakaian anak dan dewasa, makanan cepat saji, bahan dasar jamu tradisional, sembako hingga barang antik.",pasar beringharjo pusat belanja yogyakarta pasar beringharjo  bahasa jawa    translit  pasar beringharjo  pasar tua nilai historis filosofis pisah keraton yogyakarta  beringharjo milik makna harafiah hutan pohon beringin harap sejahtera warga yogyakarta  pasar beringharjo letak jalan jenderal ahmad yani nomor 16  yogyakarta  jenis barang beli pasar beringharjo  batik  jajan pasar  uang kuno  pakai anak dewasa  makan cepat saji  bahan dasar jamu tradisional  sembako barang antik
175,Museum Ullen Sentalu,"Museum Ullen Sentalu, (bahasa Jawa: ꦩꦸꦱꦶꦪꦸꦩ꧀​ꦈꦭ꧀ꦭꦺꦤ꧀​ꦱꦼꦤ꧀ꦠꦭꦸ, translit. Musiyum Ullèn Sentalu) terletak di Kecamatan Pakem (Kaliurang), Kabupaten Sleman, Daerah Istimewa Yogyakarta, adalah museum yang menampilkan budaya dan kehidupan para bangsawan Dinasti Mataram (Kasunanan Surakarta, Kesultanan Yogyakarta, Praja Mangkunegaran, dan Kadipaten Pakualaman) beserta koleksi bermacam-macam batik (baik gaya Yogyakarta maupun Surakarta).\nMuseum ini juga menampilkan tokoh raja-raja beserta permaisurinya dengan berbagai macam pakaian yang dikenakan, baik untuk acara formal maupun untuk keseharian. \nNama Ullen Sentalu merupakan akronim dari bahasa Jawa: “ULating bLENcong SEjatiNe TAtaraning LUmaku” yang artinya adalah “Nyala lampu blencong sebagai petunjuk bagi umat manusia dalam melangkah dan meniti kehidupan”. Falsafah ini diambil dari sebuah lampu minyak yang dipergunakan dalam pertunjukkan wayang kulit (blencong) yang merupakan cahaya yang selalu bergerak untuk mengarahkan dan menerangi perjalanan hidup kita. Museum ini didirikan oleh salah seorang bangsawan Yogyakarta yang dikenal sangat dekat dengan keluarga keraton Surakarta dan Yogyakarta.\nDi Museum Ullen Sentalu, dapat diketahui bagaimana para leluhur Jawa membuat batik yang memiliki arti dan makna yang mendalam di dalam setiap coraknya. Ada juga berbagai sejarah mengenai keadaan budaya Jawa dari masa Mataram Kuno hingga Mataram Islam dengan segala aturannya. Keadaan museum yang dibangun dengan baik mampu membuat pengunjung seperti terserap ke masa Jawa kuno yang mengagumkan.
",Budaya,Yogyakarta,100000,4.7,https://lh5.googleusercontent.com/p/AF1QipMlxXYDujauwW77F-eZK83RNbtSMdtmWeqB-pdB=w408-h272-k-no,"https://www.google.com/maps/place/Museum+Ullen+Sentalu/@-7.598228,110.422825,17z/data=!3m1!4b1!4m6!3m5!1s0x2e7a5e02fd790ab9:0xa3fe6035b0792671!8m2!3d-7.598228!4d110.422825!16s%2Fm%2F05b1f93?entry=ttu","Museum Ullen Sentalu Budaya Yogyakarta Museum Ullen Sentalu, (bahasa Jawa: ꦩꦸꦱꦶꦪꦸꦩ꧀​ꦈꦭ꧀ꦭꦺꦤ꧀​ꦱꦼꦤ꧀ꦠꦭꦸ, translit. Musiyum Ullèn Sentalu) terletak di Kecamatan Pakem (Kaliurang), Kabupaten Sleman, Daerah Istimewa Yogyakarta, adalah museum yang menampilkan budaya dan kehidupan para bangsawan Dinasti Mataram (Kasunanan Surakarta, Kesultanan Yogyakarta, Praja Mangkunegaran, dan Kadipaten Pakualaman) beserta koleksi bermacam-macam batik (baik gaya Yogyakarta maupun Surakarta).\nMuseum ini juga menampilkan tokoh raja-raja beserta permaisurinya dengan berbagai macam pakaian yang dikenakan, baik untuk acara formal maupun untuk keseharian. \nNama Ullen Sentalu merupakan akronim dari bahasa Jawa: “ULating bLENcong SEjatiNe TAtaraning LUmaku” yang artinya adalah “Nyala lampu blencong sebagai petunjuk bagi umat manusia dalam melangkah dan meniti kehidupan”. Falsafah ini diambil dari sebuah lampu minyak yang dipergunakan dalam pertunjukkan wayang kulit (blencong) yang merupakan cahaya yang selalu bergerak untuk mengarahkan dan menerangi perjalanan hidup kita. Museum ini didirikan oleh salah seorang bangsawan Yogyakarta yang dikenal sangat dekat dengan keluarga keraton Surakarta dan Yogyakarta.\nDi Museum Ullen Sentalu, dapat diketahui bagaimana para leluhur Jawa membuat batik yang memiliki arti dan makna yang mendalam di dalam setiap coraknya. Ada juga berbagai sejarah mengenai keadaan budaya Jawa dari masa Mataram Kuno hingga Mataram Islam dengan segala aturannya. Keadaan museum yang dibangun dengan baik mampu membuat pengunjung seperti terserap ke masa Jawa kuno yang mengagumkan.
",museum ullen sentalu budaya yogyakarta museum ullen sentalu   bahasa jawa    translit  musiyum ull n sentalu  letak camat pakem  kaliurang   kabupaten sleman  daerah istimewa yogyakarta  museum tampil budaya hidup bangsawan dinasti mataram  kasunanan surakarta  sultan yogyakarta  praja mangkunegaran  kadipaten pakualaman  serta koleksi batik  gaya yogyakarta surakarta  nmuseum tampil tokoh raja serta permaisuri pakai kena  acara formal hari  nnama ullen sentalu akronim bahasa jawa   ulating blencong sejatine tataraning lumaku   nyala lampu blencong tunjuk umat manusia lang titi hidup   falsafah ambil lampu minyak tunjuk wayang kulit  blencong  cahaya gerak arah rang jalan hidup  museum diri salah bangsawan yogyakarta kenal keluarga keraton surakarta yogyakarta ndi museum ullen sentalu  leluhur jawa batik milik arti makna dalam corak  sejarah budaya jawa mataram kuno mataram islam atur  museum bangun unjung serap jawa kuno kagum
176,Museum Gunung Merapi,"Museum Gunung Merapi (bahasa Jawa: ꧋ꦩꦸꦱꦶꦪꦸꦩ꧀​ ꦒꦸꦤꦸꦁ​ ꦩꦼꦫꦥꦶ꧉, translit. Musiyum Gunung Merapi) merupakan museum bersejarah yang terdapat di Yogyakarta tepatnya di Jln. Boyong, Dusun Banteng, Desa Hargobinangun, Kecamatan Pakem, Kabupaten Sleman, Daerah Istimewa Yogyakarta sekitar lima kilometer dari kawasan objek wisata Kaliurang. Museum Gunung Merapi telah diresmikan pada tanggal 1 Oktober 2009 oleh Menteri Energi dan Sumber Daya Mineral (ESDM), Purnomo Yusgiantoro.\nDengan luas bangunan sekitar 4,470 yang berdiri di atas tanah seluas 3,5 hektare, museum yang ke depan juga akan dilengkapi dengan taman, area parkir, dan plasa ini ingin dikenal masyarakat sebagai Museum Gunungapi Merapi dengan semboyan Merapi Jendela Bumi .\nMuseum Gunung Merapi ini dapat dijadikan sebagai sarana pendidikan, penyebarluasan informasi aspek kegunungapian khususnya dan kebencanaan geologi lainnya yang bersifat rekreatif-edukatif untuk masyarakat luas dengan tujuan untuk memberikan wawasan dan pemahaman tentang aspek ilmiah, maupun sosial-budaya dan lain-lain yang berkaitan dengan gunungapi dan sumber kebencanaan geologi lainnya. Museum Gunungapi ini diharapkan dapat menjadi solusi alternatif sebagai sarana yang sangat penting dan potensial sebagai pusat layanan informasi kegunungapian dalam upaya mencerdaskan kehidupan masyarakat, serta sebagai media dalam meningkatkan kesadaran dan kewaspadaan masyarakat tentang manfaat dan ancaman bahaya letusan gunungapi serta bencana geologi lainnya .",Budaya,Yogyakarta,10000,4.4,https://lh5.googleusercontent.com/p/AF1QipOLT-GldzqnZMjNDpmDZ7JySKPUNIKvqfGa0R7S=w426-h240-k-no,"https://www.google.com/maps/place/Merapi+Volcano+Museum/@-7.6159272,110.4243329,17z/data=!3m1!4b1!4m6!3m5!1s0x2e7a5e6ec08af943:0xa843109615445506!8m2!3d-7.6159272!4d110.4243329!16s%2Fg%2F11x7vhnj9?entry=ttu","Museum Gunung Merapi Budaya Yogyakarta Museum Gunung Merapi (bahasa Jawa: ꧋ꦩꦸꦱꦶꦪꦸꦩ꧀​ ꦒꦸꦤꦸꦁ​ ꦩꦼꦫꦥꦶ꧉, translit. Musiyum Gunung Merapi) merupakan museum bersejarah yang terdapat di Yogyakarta tepatnya di Jln. Boyong, Dusun Banteng, Desa Hargobinangun, Kecamatan Pakem, Kabupaten Sleman, Daerah Istimewa Yogyakarta sekitar lima kilometer dari kawasan objek wisata Kaliurang. Museum Gunung Merapi telah diresmikan pada tanggal 1 Oktober 2009 oleh Menteri Energi dan Sumber Daya Mineral (ESDM), Purnomo Yusgiantoro.\nDengan luas bangunan sekitar 4,470 yang berdiri di atas tanah seluas 3,5 hektare, museum yang ke depan juga akan dilengkapi dengan taman, area parkir, dan plasa ini ingin dikenal masyarakat sebagai Museum Gunungapi Merapi dengan semboyan Merapi Jendela Bumi .\nMuseum Gunung Merapi ini dapat dijadikan sebagai sarana pendidikan, penyebarluasan informasi aspek kegunungapian khususnya dan kebencanaan geologi lainnya yang bersifat rekreatif-edukatif untuk masyarakat luas dengan tujuan untuk memberikan wawasan dan pemahaman tentang aspek ilmiah, maupun sosial-budaya dan lain-lain yang berkaitan dengan gunungapi dan sumber kebencanaan geologi lainnya. Museum Gunungapi ini diharapkan dapat menjadi solusi alternatif sebagai sarana yang sangat penting dan potensial sebagai pusat layanan informasi kegunungapian dalam upaya mencerdaskan kehidupan masyarakat, serta sebagai media dalam meningkatkan kesadaran dan kewaspadaan masyarakat tentang manfaat dan ancaman bahaya letusan gunungapi serta bencana geologi lainnya .",museum gunung rapi budaya yogyakarta museum gunung rapi  bahasa jawa      translit  musiyum gunung rapi  museum sejarah yogyakarta tepat jln  boyong  dusun banteng  desa hargobinangun  camat pakem  kabupaten sleman  daerah istimewa yogyakarta kilometer kawasan objek wisata kaliurang  museum gunung rapi resmi tanggal 1 oktober 2009 menteri energi sumber daya mineral  esdm   purnomo yusgiantoro ndengan luas bangun 4 470 diri tanah luas 3 5 hektare  museum lengkap taman  area parkir  plasa kenal masyarakat museum gunungapi rapi semboyan rapi jendela bumi nmuseum gunung rapi jadi sarana didik  penyebarluasan informasi aspek kegunungapian bencana geologi sifat rekreatif-edukatif masyarakat luas tuju wawas paham aspek ilmiah  sosial-budaya lain kait gunungapi sumber bencana geologi  museum gunungapi harap solusi alternatif sarana potensial pusat layan informasi kegunungapian upaya cerdas hidup masyarakat  media tingkat sadar waspada masyarakat manfaat ancam bahaya letus gunungapi bencana geologi
177,Pantai Parangtritis,"Pantai Parangtritis (bahasa Jawa: ꦥꦱꦶꦱꦶꦂ ꦥꦫꦁꦠꦿꦶꦠꦶꦱ꧀, translit. Pasisir Parangtritis) adalah tempat wisata yang terletak di Desa Parangtritis, Kretek, Kabupaten Bantul, Daerah Istimewa Yogyakarta. Jaraknya kurang lebih 27 km dari pusat Kota Yogyakarta. Pantai ini boleh terbilang adalah salah satu destinasi wisata terkenal di Yogyakarta dan paling favorit diantara para wisatawan sejak lama, bahkan Pantai Parangtritis telah menjadi ikon pariwisata di Yogyakarta. Pantai Parangtritis mempunyai nilai simbolis yang merupakan garis yang bersifat magis yang menghubungkan Panggung Krapyak, Keraton Yogyakarta, Tugu Yogyakarta dan Gunung Merapi yang dikenal sebagai Garis Imajiner Yogyakarta.\nPantai yang terletak di sisi timur Pantai Parangkusumo ini terkenal diantara para wisatawan karena memiliki legenda yang melekat dengan Ratu Kidul sebagai penguasa laut selatan dan keindahannya. Pantai ini merupakan pantai yang cukup luas di Yogyakarta, berbeda dengan pantai-pantai di kawasan Yogyakarta lainya seperti Pantai di Gunungkidul yang ukurannya relatif kecil.",Bahari,Yogyakarta,10000,4.6,https://lh5.googleusercontent.com/p/AF1QipPzuiwErgcboajhJNwAMAwafWe4p63WKN7T8TE7=w408-h272-k-no,"https://www.google.com/maps/place/Parangtritis+Beach/@-8.0253993,110.3287713,14z/data=!3m1!4b1!4m6!3m5!1s0x2e7b00975eac533d:0x351bfe1453e22e36!8m2!3d-8.024608!4d110.3298045!16s%2Fg%2F11b_012ymp?entry=ttu","Pantai Parangtritis Bahari Yogyakarta Pantai Parangtritis (bahasa Jawa: ꦥꦱꦶꦱꦶꦂ ꦥꦫꦁꦠꦿꦶꦠꦶꦱ꧀, translit. Pasisir Parangtritis) adalah tempat wisata yang terletak di Desa Parangtritis, Kretek, Kabupaten Bantul, Daerah Istimewa Yogyakarta. Jaraknya kurang lebih 27 km dari pusat Kota Yogyakarta. Pantai ini boleh terbilang adalah salah satu destinasi wisata terkenal di Yogyakarta dan paling favorit diantara para wisatawan sejak lama, bahkan Pantai Parangtritis telah menjadi ikon pariwisata di Yogyakarta. Pantai Parangtritis mempunyai nilai simbolis yang merupakan garis yang bersifat magis yang menghubungkan Panggung Krapyak, Keraton Yogyakarta, Tugu Yogyakarta dan Gunung Merapi yang dikenal sebagai Garis Imajiner Yogyakarta.\nPantai yang terletak di sisi timur Pantai Parangkusumo ini terkenal diantara para wisatawan karena memiliki legenda yang melekat dengan Ratu Kidul sebagai penguasa laut selatan dan keindahannya. Pantai ini merupakan pantai yang cukup luas di Yogyakarta, berbeda dengan pantai-pantai di kawasan Yogyakarta lainya seperti Pantai di Gunungkidul yang ukurannya relatif kecil.",pantai parangtritis bahari yogyakarta pantai parangtritis  bahasa jawa     translit  pasisir parangtritis  wisata letak desa parangtritis  kretek  kabupaten bantul  daerah istimewa yogyakarta  jarak 27 km pusat kota yogyakarta  pantai bilang salah destinasi wisata kenal yogyakarta favorit wisatawan  pantai parangtritis ikon pariwisata yogyakarta  pantai parangtritis nilai simbolis garis sifat magis hubung panggung krapyak  keraton yogyakarta  tugu yogyakarta gunung rapi kenal garis imajiner yogyakarta npantai letak sisi timur pantai parangkusumo kenal wisatawan milik legenda lekat ratu kidul kuasa laut selatan indah  pantai pantai luas yogyakarta  beda pantai kawasan yogyakarta lai pantai gunungkidul ukur relatif
178,Goa Pindul,"Gua Pindul adalah objek wisata berupa gua yang terletak di Desa Bejiharjo, Kecamatan Karangmojo, Kabupaten Gunungkidul. Gua Pindul dikenal karena cara menyusuri gua yang dilakukan dengan menaiki ban pelampung di atas aliran sungai bawah tanah di dalam gua, kegiatan ini dikenal dengan istilah cave tubing.",Cagar Alam,Yogyakarta,40000,4.5,https://lh5.googleusercontent.com/p/AF1QipPWIScIg4f6cXmBhP7-piD3H9Rfh8PKfPtb36PV=w426-h240-k-no,"https://www.google.com/maps/place/Goa+Pindul+Jogja/@-7.9332771,110.6469685,17z/data=!3m1!4b1!4m6!3m5!1s0x2e7bb3458abe4f09:0xd54ced46ae184848!8m2!3d-7.9332771!4d110.6469685!16s%2Fm%2F010gqn3w?entry=ttu","Goa Pindul Cagar Alam Yogyakarta Gua Pindul adalah objek wisata berupa gua yang terletak di Desa Bejiharjo, Kecamatan Karangmojo, Kabupaten Gunungkidul. Gua Pindul dikenal karena cara menyusuri gua yang dilakukan dengan menaiki ban pelampung di atas aliran sungai bawah tanah di dalam gua, kegiatan ini dikenal dengan istilah cave tubing.",goa pindul cagar alam yogyakarta gua pindul objek wisata gua letak desa bejiharjo  camat karangmojo  kabupaten gunungkidul  gua pindul kenal susur gua ban pelampung alir sungai tanah gua  giat kenal istilah cave tubing
179,Candi Ratu Boko,"Situs Ratu Baka atau Candi Boko (Hanacaraka:ꦕꦤ꧀ꦝꦶ​ꦫꦠꦸ​ꦧꦏ, bahasa Jawa: Candhi Ratu Baka) adalah situs purbakala yang merupakan kompleks sejumlah sisa bangunan yang berada kira-kira 3 km di sebelah selatan dari kompleks Candi Prambanan, 18 km sebelah timur Kota Yogyakarta atau 50 km barat daya Kota Surakarta, Jawa Tengah, Indonesia. Situs Ratu Boko terletak di sebuah bukit pada ketinggian 196 meter dari permukaan laut. Luas keseluruhan kompleks adalah sekitar 25 ha.",Budaya,Yogyakarta,75000,4.7,https://lh5.googleusercontent.com/p/AF1QipP9AV3Z2_U30hh1Bh4AYsevl_jDAVvRJsDAfdis=w427-h240-k-no,"https://www.google.com/maps/place/Ratu+Boko+Temple/@-7.7705416,110.4894158,17z/data=!3m1!4b1!4m6!3m5!1s0x2e7a5a92d354fe45:0x153f44f14476f95b!8m2!3d-7.7705416!4d110.4894158!16s%2Fm%2F0264bpk?entry=ttu","Candi Ratu Boko Budaya Yogyakarta Situs Ratu Baka atau Candi Boko (Hanacaraka:ꦕꦤ꧀ꦝꦶ​ꦫꦠꦸ​ꦧꦏ, bahasa Jawa: Candhi Ratu Baka) adalah situs purbakala yang merupakan kompleks sejumlah sisa bangunan yang berada kira-kira 3 km di sebelah selatan dari kompleks Candi Prambanan, 18 km sebelah timur Kota Yogyakarta atau 50 km barat daya Kota Surakarta, Jawa Tengah, Indonesia. Situs Ratu Boko terletak di sebuah bukit pada ketinggian 196 meter dari permukaan laut. Luas keseluruhan kompleks adalah sekitar 25 ha.",candi ratu boko budaya yogyakarta situs ratu baka candi boko  hanacaraka    bahasa jawa  candhi ratu baka  situs purbakala kompleks sisa bangun 3 km belah selatan kompleks candi prambanan  18 km belah timur kota yogyakarta 50 km barat daya kota surakarta  jawa  indonesia  situs ratu boko letak bukit tinggi 196 meter muka laut  luas kompleks 25 ha
180,Pantai Depok Jogja,"Pantai Depok (bahasa Jawa: ꦥꦱꦶꦱꦶꦂ ꦝꦺꦥꦺꦴꦏ꧀, translit. Pasisir Dhépok) merupakan objek wisata pantai yang terletak di Kecamatan Kretek, Kabupaten Bantul, Daerah Istimewa Yogyakarta, sekitar tiga puluh kilometer di sebelah selatan Kota Yogyakarta. Pantai ini terkenal akan pasar ikannya yang ikannya merupakan hasil tangkapan nelayan Pantai Depok.",Bahari,Yogyakarta,10000,4.3,https://lh5.googleusercontent.com/p/AF1QipOjN-3L5hO9i7IxYoinQgLevXxAILddS5ar7HLb=w408-h306-k-no,https://lh5.googleusercontent.com/p/AF1QipOjN-3L5hO9i7IxYoinQgLevXxAILddS5ar7HLb=w408-h306-k-no,"Pantai Depok Jogja Bahari Yogyakarta Pantai Depok (bahasa Jawa: ꦥꦱꦶꦱꦶꦂ ꦝꦺꦥꦺꦴꦏ꧀, translit. Pasisir Dhépok) merupakan objek wisata pantai yang terletak di Kecamatan Kretek, Kabupaten Bantul, Daerah Istimewa Yogyakarta, sekitar tiga puluh kilometer di sebelah selatan Kota Yogyakarta. Pantai ini terkenal akan pasar ikannya yang ikannya merupakan hasil tangkapan nelayan Pantai Depok.",pantai depok jogja bahari yogyakarta pantai depok  bahasa jawa     translit  pasisir dh pok  objek wisata pantai letak camat kretek  kabupaten bantul  daerah istimewa yogyakarta  puluh kilometer belah selatan kota yogyakarta  pantai kenal pasar ikan ikan hasil tangkap nelayan pantai depok
181,Pantai Sundak,"Pantai Sundak merupakan salah satu pantai indah yang berada di Gunung Kidul tepatnya di dekat Pantai Indrayanti. Pantai ini berpasir putih dan memilii air yang masih bersih, bening, dan menyegarkan. Tetapi ombak di Pantai Sundak ini sangat besar, jadi jika anda ingin bermain air di Pantai Sundak diharapkan untuk berhati-hati. Selain bermain air anda juga bisa berjalan-jalan di tepi pantai sambil menikmati keindahan pantai ini. Jika anda berjalan di tepi pantai sampai sejauh 40 meter anda akan menemukan batu-batu karang kecil berjajar dan batu-batu karang tersebut adalah tempat persembunyian hewan-hewan laut yang kecil, tetapi harus tetap berhati-hati karena batu karang tersebut begitu tajam.",Bahari,Yogyakarta,5000,4.5,https://lh5.googleusercontent.com/p/AF1QipO7mZ805f4u30SVzsMVVir_rGFvOlhsswF-ksQ8=w408-h296-k-no,"https://www.google.com/maps/place/Sundak+Beach/@-8.1471482,110.6078475,17z/data=!3m1!4b1!4m6!3m5!1s0x2e7bba2e55492ca1:0xcaee252e6bf05e80!8m2!3d-8.147072!4d110.6079043!16s%2Fg%2F11b7q4gm26?entry=ttu","Pantai Sundak Bahari Yogyakarta Pantai Sundak merupakan salah satu pantai indah yang berada di Gunung Kidul tepatnya di dekat Pantai Indrayanti. Pantai ini berpasir putih dan memilii air yang masih bersih, bening, dan menyegarkan. Tetapi ombak di Pantai Sundak ini sangat besar, jadi jika anda ingin bermain air di Pantai Sundak diharapkan untuk berhati-hati. Selain bermain air anda juga bisa berjalan-jalan di tepi pantai sambil menikmati keindahan pantai ini. Jika anda berjalan di tepi pantai sampai sejauh 40 meter anda akan menemukan batu-batu karang kecil berjajar dan batu-batu karang tersebut adalah tempat persembunyian hewan-hewan laut yang kecil, tetapi harus tetap berhati-hati karena batu karang tersebut begitu tajam.",pantai sundak bahari yogyakarta pantai sundak salah pantai indah gunung kidul tepat pantai indrayanti  pantai pasir putih memilii air bersih  bening  segar  ombak pantai sundak  main air pantai sundak harap hati  main air jalan tepi pantai nikmat indah pantai  jalan tepi pantai 40 meter temu batu karang jajar batu karang sembunyi hewan laut  hati batu karang tajam
182,Hutan Mangrove Kulon Progo,"Di sini ada kawasan wisata Hutan Mangrove Kulon Progo yang menyajikan keindahan alamnya. hutan Mangrove  ini memberikan pesona tersendiri selain pantai Glagah yang sudah menjadi primadona di Kulon Progo ini. Letak lokasi hutan mangrove  Kulon Progo ini sejatinya sudah masuk ke kawasan Pasir Mendit Kecamatan Temon Kulon Progo.
",Bahari,Yogyakarta,5000,4.1,https://lh5.googleusercontent.com/p/AF1QipOvwJWx4k9cy0pJe8sNbeblyk03SMTy7UctIbAs=w408-h306-k-no,"https://www.google.com/maps/place/Wana+Tirta+Mangrove+Forests/@-7.8933459,110.0198257,17z/data=!3m1!4b1!4m6!3m5!1s0x2e7ae6ca8b063e9b:0xce10d1cf69a748e8!8m2!3d-7.8933459!4d110.0198257!16s%2Fg%2F11clw1pgtp?entry=ttu","Hutan Mangrove Kulon Progo Bahari Yogyakarta Di sini ada kawasan wisata Hutan Mangrove Kulon Progo yang menyajikan keindahan alamnya. hutan Mangrove  ini memberikan pesona tersendiri selain pantai Glagah yang sudah menjadi primadona di Kulon Progo ini. Letak lokasi hutan mangrove  Kulon Progo ini sejatinya sudah masuk ke kawasan Pasir Mendit Kecamatan Temon Kulon Progo.
",hutan mangrove kulon progo bahari yogyakarta kawasan wisata hutan mangrove kulon progo saji indah alam  hutan mangrove pesona sendiri pantai glagah primadona kulon progo  letak lokasi hutan mangrove kulon progo sejati masuk kawasan pasir mendit camat ton kulon progo
183,Jogja Bay Pirates Adventure Waterpark,"Jogja Bay Waterpark atau Jogja Bay (bahasa Jawa: ꦠꦼꦭꦸꦏ꧀ꦔꦪꦺꦴꦒꦾ 'Teluk Ngayogya') adalah salah satu taman wisata air atau waterpark terbesar di Asia Tenggara yang berlokasi di Yogyakarta, Indonesia. Taman wisata air ini dibuka secara resmi pada 20 Desember 2015.",Taman Hiburan,Yogyakarta,150000,4.4,https://lh5.googleusercontent.com/p/AF1QipN21S4bj0bmtXAdwp4ShcKEUH-JQq9SSRuzxBUD=w408-h271-k-no,"https://www.google.com/maps/place/Jogja+Bay+Pirates+Adventure+Waterpark/@-7.7488047,110.418878,17z/data=!3m1!4b1!4m6!3m5!1s0x2e7a5bd52e7e19b7:0xbef22cb0aeba5965!8m2!3d-7.7488047!4d110.418878!16s%2Fg%2F11bvt2v65z?entry=ttu","Jogja Bay Pirates Adventure Waterpark Taman Hiburan Yogyakarta Jogja Bay Waterpark atau Jogja Bay (bahasa Jawa: ꦠꦼꦭꦸꦏ꧀ꦔꦪꦺꦴꦒꦾ 'Teluk Ngayogya') adalah salah satu taman wisata air atau waterpark terbesar di Asia Tenggara yang berlokasi di Yogyakarta, Indonesia. Taman wisata air ini dibuka secara resmi pada 20 Desember 2015.",jogja bay pirates adventure waterpark taman hibur yogyakarta jogja bay waterpark jogja bay  bahasa jawa   teluk ngayogya   salah taman wisata air waterpark besar asia tenggara lokasi yogyakarta  indonesia  taman wisata air buka resmi 20 desember 2015
184,Pantai Sepanjang,"Siapa sangka, ternyata Yogyakarta pun punya “Kuta”-nya sendiri Ialah Pantai Sepanjang, salah satu pantai di Kabuaten Gunungkidul. Daerah yang satu ini memang memiliki koleksi pantai cantik yang tak terhitung jumlahnya. Bahkan pantai ini digadang-gadang sebagai ‘Kuta Tempo Doeloe‘. Memang, pesona seperti apa yang ditawarkan pantai ini?",Bahari,Yogyakarta,10000,4.4,https://lh5.googleusercontent.com/p/AF1QipOax2YFXwpcr2gl1v_sSsWbfl_Dltuy7KlMZHbt=w408-h544-k-no,"https://www.google.com/maps/place/Pantai+Sepanjang/@-8.1366654,110.5659962,14z/data=!3m1!4b1!4m6!3m5!1s0x2e7bbaf4d43a504d:0xec67e4a2048c2008!8m2!3d-8.1366656!4d110.5659962!16s%2Fg%2F11hb88_zzs?entry=ttu","Pantai Sepanjang Bahari Yogyakarta Siapa sangka, ternyata Yogyakarta pun punya “Kuta”-nya sendiri Ialah Pantai Sepanjang, salah satu pantai di Kabuaten Gunungkidul. Daerah yang satu ini memang memiliki koleksi pantai cantik yang tak terhitung jumlahnya. Bahkan pantai ini digadang-gadang sebagai ‘Kuta Tempo Doeloe‘. Memang, pesona seperti apa yang ditawarkan pantai ini?",pantai bahari yogyakarta sangka  yogyakarta  kuta  -nya pantai  salah pantai kabuaten gunungkidul  daerah milik koleksi pantai cantik hitung  pantai gadang  kuta tempo doeloe    pesona tawar pantai
185,Pantai Krakal,"Pantai krakal merupakan pantai strategis untuk singgah, selain bisa menikmati panorama laut, wisatawan juga bisa mencicipi kuliner laut. Terdapat icon berupa bangunan berbentuk ikan diatas bukit yang sering dijadikan tempat foto.",Bahari,Yogyakarta,10000,4.7,https://lh5.googleusercontent.com/p/AF1QipNepCztsxTInqSs6IRf-2AZDunABULEbxFBOLhm=w408-h271-k-no,"https://www.google.com/maps/place/Pantai+Krakal/@-8.1451024,110.5988006,17z/data=!3m1!4b1!4m6!3m5!1s0x2e7bba938e770d49:0x1a0648b6176c58d5!8m2!3d-8.1451024!4d110.5988006!16s%2Fg%2F11c5zv50tt?entry=ttu","Pantai Krakal Bahari Yogyakarta Pantai krakal merupakan pantai strategis untuk singgah, selain bisa menikmati panorama laut, wisatawan juga bisa mencicipi kuliner laut. Terdapat icon berupa bangunan berbentuk ikan diatas bukit yang sering dijadikan tempat foto.",pantai krakal bahari yogyakarta pantai krakal pantai strategis singgah  nikmat panorama laut  wisatawan cicip kuliner laut  icon bangun bentuk ikan atas bukit jadi foto
186,Pantai Glagah,Pantai Glagah Indah adalah salah satu pantai yang menjadi objek wisata di provinsi Daerah Istimewa Yogyakarta. Pantai Glagah Indah merupakan salah satu pantai di Yogyakarta dengan hamparan pasir yang berwarna hitam dan banyak mengandung pasir besi. Pantai Glagah Indah memiliki akses yang baik,Bahari,Yogyakarta,5000,4.4,https://lh5.googleusercontent.com/p/AF1QipNmHnTuFpU1SUl8AuW8auSNC8jnZMG-NSgDiRwX=w408-h302-k-no,"https://www.google.com/maps/place/Glagah+Beach/@-7.913141,110.067595,15z/data=!3m1!4b1!4m6!3m5!1s0x2e7ae3eabc6bcd63:0x77a64b4be190f4ae!8m2!3d-7.9119427!4d110.0647339!16s%2Fg%2F11b_2krqsj?entry=ttu",Pantai Glagah Bahari Yogyakarta Pantai Glagah Indah adalah salah satu pantai yang menjadi objek wisata di provinsi Daerah Istimewa Yogyakarta. Pantai Glagah Indah merupakan salah satu pantai di Yogyakarta dengan hamparan pasir yang berwarna hitam dan banyak mengandung pasir besi. Pantai Glagah Indah memiliki akses yang baik,pantai glagah bahari yogyakarta pantai glagah indah salah pantai objek wisata provinsi daerah istimewa yogyakarta  pantai glagah indah salah pantai yogyakarta hampar pasir warna hitam kandung pasir besi  pantai glagah indah milik akses
187,Pantai Siung,"Pantai Siung adalah suatu objek wisata pantai yang terletak di Kec. Tepus, tepatnya berada di Dusun Duwet, Kelurahan Purwodadi, Kecamatan Tepus, Kabupaten Gunungkidul, provinsi Daerah Istimewa Yogyakarta. Lokasinya berjarak kurang lebih 75 km dari kota Yogya dan memiliki jalur panjat tebing dengan 250 jalur berstandar internasional.\nDi sepanjang perjalanan menuju lokasi pantai, Anda akan disuguhi pemandangan bukit kapur yang ditumbuhi pohon-pohon jati. Jalan yang berkelok-kelok dan menaik, merupakan tantangan yang harus Anda lewati sebelum mencapai Pantai Siung. Akan tetapi, perjalanan yang melelahkan akan terbayar ketika Anda sudah berada di kawasan Pantai Siung. Pantai dengan hamparan pasir putih dan suara deburan ombak, akan membuat suasana hati dan pikiran Anda tenang dan damai.\nKarena pantai ini sangat terpencil, fasilitas yang tersedia masih minim. Untuk akomodasi penginapan belum tersedia di sini, tetapi jika Anda ingin bermalam di Pantai Siung, Anda bisa menggunakan pondok pemanjat yang bentuknya mirip rumah panggung dengan kapasitas kurang lebih sekitar 20 orang. Jika Anda ingin bermalam dengan suasana alam, anda bisa membawa tenda sendiri yang bisa Anda gunakan di area camping ground.\nJika Anda dari Kota Yogyakarta, Anda bisa menggunakan jalur Yogyakarta-Wonosari-Tepus-Purwodadi-Pantai Siung. Jika Anda menggunakan transportasi umum, Anda dapat menggunakan bus dari Terminal Giwangan Yogyakarta dengan menggunakan bus jurusan Jogja-Wonosari. Sampai di terminal Wonosari, Anda dapat menggunakan angkutan umum jurusan Wonosari-Jepitu. Sesampai Pertigaan Balai Desa Purwodadi, Anda bisa menggunakan jasa ojek, karena hanya itu transportasi umum yang bisa digunakan sampai ke Pantai Siung.",Bahari,Yogyakarta,10000,4.7,https://lh5.googleusercontent.com/p/AF1QipN5liXDhSUeCpeuvLV1fkgAxcrjmlZ6eNsj0Jc0=w408-h306-k-no,"https://www.google.com/maps/place/Siung+Beach/@-8.1822492,110.683197,17z/data=!3m1!4b1!4m6!3m5!1s0x2e7bb8c8a5ee1c27:0x567f73117ae7ce4a!8m2!3d-8.1818233!4d110.6832394!16s%2Fg%2F121dpmgy?entry=ttu","Pantai Siung Bahari Yogyakarta Pantai Siung adalah suatu objek wisata pantai yang terletak di Kec. Tepus, tepatnya berada di Dusun Duwet, Kelurahan Purwodadi, Kecamatan Tepus, Kabupaten Gunungkidul, provinsi Daerah Istimewa Yogyakarta. Lokasinya berjarak kurang lebih 75 km dari kota Yogya dan memiliki jalur panjat tebing dengan 250 jalur berstandar internasional.\nDi sepanjang perjalanan menuju lokasi pantai, Anda akan disuguhi pemandangan bukit kapur yang ditumbuhi pohon-pohon jati. Jalan yang berkelok-kelok dan menaik, merupakan tantangan yang harus Anda lewati sebelum mencapai Pantai Siung. Akan tetapi, perjalanan yang melelahkan akan terbayar ketika Anda sudah berada di kawasan Pantai Siung. Pantai dengan hamparan pasir putih dan suara deburan ombak, akan membuat suasana hati dan pikiran Anda tenang dan damai.\nKarena pantai ini sangat terpencil, fasilitas yang tersedia masih minim. Untuk akomodasi penginapan belum tersedia di sini, tetapi jika Anda ingin bermalam di Pantai Siung, Anda bisa menggunakan pondok pemanjat yang bentuknya mirip rumah panggung dengan kapasitas kurang lebih sekitar 20 orang. Jika Anda ingin bermalam dengan suasana alam, anda bisa membawa tenda sendiri yang bisa Anda gunakan di area camping ground.\nJika Anda dari Kota Yogyakarta, Anda bisa menggunakan jalur Yogyakarta-Wonosari-Tepus-Purwodadi-Pantai Siung. Jika Anda menggunakan transportasi umum, Anda dapat menggunakan bus dari Terminal Giwangan Yogyakarta dengan menggunakan bus jurusan Jogja-Wonosari. Sampai di terminal Wonosari, Anda dapat menggunakan angkutan umum jurusan Wonosari-Jepitu. Sesampai Pertigaan Balai Desa Purwodadi, Anda bisa menggunakan jasa ojek, karena hanya itu transportasi umum yang bisa digunakan sampai ke Pantai Siung.",pantai siung bahari yogyakarta pantai siung objek wisata pantai letak kec  tepus  tepat dusun duwet  lurah purwodadi  camat tepus  kabupaten gunungkidul  provinsi daerah istimewa yogyakarta  lokasi jarak 75 km kota yogya milik jalur panjat tebing 250 jalur standar internasional ndi jalan lokasi pantai  suguh pandang bukit kapur tumbuh pohon jati  jalan kelok naik  tantang lewat capai pantai siung   jalan lelah bayar kawasan pantai siung  pantai hampar pasir putih suara debur ombak  suasana hati pikir tenang damai nkarena pantai pencil  fasilitas sedia minim  akomodasi inap sedia  malam pantai siung  pondok panjat bentuk rumah panggung kapasitas 20 orang  malam suasana alam  bawa tenda area camping ground njika kota yogyakarta  jalur yogyakarta-wonosari-tepus-purwodadi-pantai siung  transportasi  bus terminal giwang yogyakarta bus jurus jogja-wonosari  terminal wonosari  angkut jurus wonosari-jepitu  tiga balai desa purwodadi  jasa ojek  transportasi pantai siung
188,Pantai Sadranan,"Pantai Sadranan Jogja adalah butiran intan permata tersembunyi yang tiba-tiba memunculkan diri, dari dalam tumpukan harta karun deretan pantai pantai indah di Jogja. Seperti halnya pantai-pantai lain di kawasan Selatan Jogja, Pantai Sadranan juga memiliki ciri khas pasir putih dengan karang koral di area sangaet dekat dengan bibir pantai. Pasir putih ini mengingatkan pada Pantai terkenal semacam Kuta di Bali dan Mandalika di Lombok. Namun pantai di gunung kidul ini punya kelebihan dari 2 pantai terkenal itu, yaitu terdapatnya koral karang di pantai. Selain itu, pantai ini juga masih terbilang sepi. Kedua kelebihan ini, membuat pengunjung benar-benar bisa menikmati keasrian pantai tanpa harus terganggu hiruk pikuknya manusia.",Bahari,Yogyakarta,10000,4.6,https://lh5.googleusercontent.com/p/AF1QipNE6eNLjF5z3hrHyQnlpZS7FfiWXXnge2Sja1Uz=w426-h240-k-no,"https://www.google.com/maps/place/Pantai+Sadranan/@-8.145668,110.6043914,17z/data=!3m1!4b1!4m6!3m5!1s0x2e7bbb8aa99c29f3:0xd8672d6fb7d0ceea!8m2!3d-8.145668!4d110.6043914!16s%2Fg%2F11pb_1n47n?entry=ttu","Pantai Sadranan Bahari Yogyakarta Pantai Sadranan Jogja adalah butiran intan permata tersembunyi yang tiba-tiba memunculkan diri, dari dalam tumpukan harta karun deretan pantai pantai indah di Jogja. Seperti halnya pantai-pantai lain di kawasan Selatan Jogja, Pantai Sadranan juga memiliki ciri khas pasir putih dengan karang koral di area sangaet dekat dengan bibir pantai. Pasir putih ini mengingatkan pada Pantai terkenal semacam Kuta di Bali dan Mandalika di Lombok. Namun pantai di gunung kidul ini punya kelebihan dari 2 pantai terkenal itu, yaitu terdapatnya koral karang di pantai. Selain itu, pantai ini juga masih terbilang sepi. Kedua kelebihan ini, membuat pengunjung benar-benar bisa menikmati keasrian pantai tanpa harus terganggu hiruk pikuknya manusia.",pantai sadran bahari yogyakarta pantai sadran jogja butir intan permata sembunyi muncul  tumpu harta karun deret pantai pantai indah jogja  hal pantai kawasan selatan jogja  pantai sadran milik ciri khas pasir putih karang koral area sangaet bibir pantai  pasir putih pantai kenal kuta bal mandalika lombok  pantai gunung kidul lebih 2 pantai kenal  dapat koral karang pantai   pantai bilang sepi  lebih  unjung benar nikmat asri pantai ganggu hiruk pikuknya manusia
189,Pantai Nguluran,"Di pantai Nguluran anda hanya bisa melihat hamparan laut luas serta spot foto. Semua fasilitas itu adanya di atas tebing. Sekitar belasan meter dari permukaan air pantai. Spot favorit di resort pantai ini adalah teras kaca. Teras kaca ini dapat dijadikan spot selfie dengan latar belakang pantai. Pengunjung akan mendapatkan foto yang sangat bagus dan indah untuk dipajang di IG, FB, atau media sosial lain. Apalagi jika foto diambil saat sunset. Saat berfoto di teras kaca, pengunjung akan merasakan sensasi yang menegangkan. Sensasi tegang ini timbul akibat teras kaca yang tepat berdiri di atas pinggir laut. Sensasi yang timbul seperti berjalan di atas seutas tali pada ketingian belasan meter di atas air laut. Namun tidak perlu kuatir, pihak pengelola menjamin keselematan para pengunjung, sepanjang tidak melanggar peraturan yang sudah di buat pihak pengelola.",Bahari,Yogyakarta,10000,4.1,https://lh5.googleusercontent.com/p/AF1QipOhaOICGJBit-a0Uw8Gr3Ayo7f8GIaMuXnEJAI=w408-h272-k-no,"https://www.google.com/maps/place/Teras+Kaca+Pantai+Nguluran/@-8.1060061,110.4618655,17z/data=!3m1!4b1!4m6!3m5!1s0x2e7baf70524158ed:0x3cbe00808d088ca2!8m2!3d-8.1060061!4d110.4618655!16s%2Fg%2F11f4knjs_l?entry=ttu","Pantai Nguluran Bahari Yogyakarta Di pantai Nguluran anda hanya bisa melihat hamparan laut luas serta spot foto. Semua fasilitas itu adanya di atas tebing. Sekitar belasan meter dari permukaan air pantai. Spot favorit di resort pantai ini adalah teras kaca. Teras kaca ini dapat dijadikan spot selfie dengan latar belakang pantai. Pengunjung akan mendapatkan foto yang sangat bagus dan indah untuk dipajang di IG, FB, atau media sosial lain. Apalagi jika foto diambil saat sunset. Saat berfoto di teras kaca, pengunjung akan merasakan sensasi yang menegangkan. Sensasi tegang ini timbul akibat teras kaca yang tepat berdiri di atas pinggir laut. Sensasi yang timbul seperti berjalan di atas seutas tali pada ketingian belasan meter di atas air laut. Namun tidak perlu kuatir, pihak pengelola menjamin keselematan para pengunjung, sepanjang tidak melanggar peraturan yang sudah di buat pihak pengelola.",pantai nguluran bahari yogyakarta pantai nguluran hampar laut luas spot foto  fasilitas tebing  bas meter muka air pantai  spot favorit resort pantai teras kaca  teras kaca jadi spot selfie latar pantai  unjung foto bagus indah pajang ig  fb  media sosial  foto ambil sunset  foto teras kaca  unjung rasa sensasi tegang  sensasi tegang timbul akibat teras kaca diri pinggir laut  sensasi timbul jalan utas tali tingi bas meter air laut  kuatir  kelola jamin lat unjung  langgar atur kelola
190,Pantai Samas,"Pantai Samas (bahasa Jawa: ꦥꦱꦶꦱꦶꦂ​ꦱꦩꦱ꧀, translit. Pasisir Samas) merupakan salah satu pantai yang berada di deretan pantai sebelah timur Pantai Parangtritis. Lokasi Pantai Samas kurang lebih 14 km arah selatan Kota Bantul atau sekitar 35 km dari pusat Kota Yogyakarta, tepatnya di Desa Srigading, Kecamatan Sanden, Kabupaten Bantul, Daerah Istimewa Yogyakarta.",Bahari,Yogyakarta,4000,4,https://lh5.googleusercontent.com/p/AF1QipNKqgXBweq0xdGWJ5JqR5aJ1oWdRby3lNSVxCI5=w408-h306-k-no,"https://www.google.com/maps/place/Pesona+Pengklik+-+Pantai+Samas/@-8.0045534,110.2703756,14z/data=!3m1!4b1!4m6!3m5!1s0x2e7b01b455555555:0x177c95be21486768!8m2!3d-8.0045535!4d110.2703756!16s%2Fg%2F1pzrpl43d?entry=ttu","Pantai Samas Bahari Yogyakarta Pantai Samas (bahasa Jawa: ꦥꦱꦶꦱꦶꦂ​ꦱꦩꦱ꧀, translit. Pasisir Samas) merupakan salah satu pantai yang berada di deretan pantai sebelah timur Pantai Parangtritis. Lokasi Pantai Samas kurang lebih 14 km arah selatan Kota Bantul atau sekitar 35 km dari pusat Kota Yogyakarta, tepatnya di Desa Srigading, Kecamatan Sanden, Kabupaten Bantul, Daerah Istimewa Yogyakarta.",pantai samas bahari yogyakarta pantai samas  bahasa jawa    translit  pasisir samas  salah pantai deret pantai belah timur pantai parangtritis  lokasi pantai samas 14 km arah selatan kota bantul 35 km pusat kota yogyakarta  tepat desa srigading  camat sanden  kabupaten bantul  daerah istimewa yogyakarta
191,Pantai Drini,"Pantai Drini adalah salah satu objek wisata yang terletak di Desa Banjarejo, Kecamatan Tanjungsari,Gunungkidul, Yogyakarta. Letaknya di sebelah timur Pantai Baron dan berjarak sekitar 1 km ke arah timur Pantai Sepanjang. Namun jarak sebenarnya yang harus ditempuh untuk sampai ke pantai ini sejauh 60 km atau sekitar 2-3 jam dari Kota Yogyakarta. Infrastruktur menuju ke Pantai Drini cukup mulus, walaupun jalan masuk untuk sampai ke pantai ini cukup terjal dan berkelok-kelok. Pantai Drini merupakan pantai yang langsung berhadapan dengan Samudra Hindia. Pantai ini memiliki lereng pantai yang cukup curam sekitar 10 derajat dan merupakan bagian dari Wonosari yang didominasi oleh batuan karst dari Gunung Sewu. Pantai ini belum banyak terjamah oleh wisatawan lokal maupun asing, karena letaknya yang berada di daerah terpencil. Sehingga, Pantai Drini ini dikenal dengan nama Pantai Perawan. Sebutan ini digunakan oleh masyarakat setempat karena kondisi Pantai Drini yang masih bersih, udara yang sejuk, air yang terasa dingin ditambah dengan hamparan pasir putih yang mempesona dan aliran airnya yang tidak seganas Pantai Parangtritis Pantai ini memiliki sebuah tebing besar yang berada di tengah-tengah pantai dan membagi pantai ini menjadi dua sisi, yaitu sisi barat dan sisi timur . Tebing ini terlihat begitu indah sehingga membuatnya seolah-olah seperti pulau kecil yang terapung di tengah pantai. Di atas karang ini dibangun mercusuar dimana dari menaranya mata kita akan dimanjakan dengan pemandangan yang luar biasa indahnya.. Di pantai ini pengunjung juga dapat melihat dengan jelas rumput-rumput laut di antara karang-karang laut dan biota laut lainnya.",Bahari,Yogyakarta,10000,4.5,https://lh5.googleusercontent.com/p/AF1QipOOnCh4zKz485NUWiLB6f_Lbup3p_UU_M20_xPH=w408-h306-k-no,"https://www.google.com/maps/place/Drini+Beach/@-8.138099,110.577565,18z/data=!3m1!4b1!4m6!3m5!1s0x2e7bba5dc5962655:0xea3d86bf61e8a749!8m2!3d-8.1384509!4d110.577522!16s%2Fg%2F11b7q1q_cr?entry=ttu","Pantai Drini Bahari Yogyakarta Pantai Drini adalah salah satu objek wisata yang terletak di Desa Banjarejo, Kecamatan Tanjungsari,Gunungkidul, Yogyakarta. Letaknya di sebelah timur Pantai Baron dan berjarak sekitar 1 km ke arah timur Pantai Sepanjang. Namun jarak sebenarnya yang harus ditempuh untuk sampai ke pantai ini sejauh 60 km atau sekitar 2-3 jam dari Kota Yogyakarta. Infrastruktur menuju ke Pantai Drini cukup mulus, walaupun jalan masuk untuk sampai ke pantai ini cukup terjal dan berkelok-kelok. Pantai Drini merupakan pantai yang langsung berhadapan dengan Samudra Hindia. Pantai ini memiliki lereng pantai yang cukup curam sekitar 10 derajat dan merupakan bagian dari Wonosari yang didominasi oleh batuan karst dari Gunung Sewu. Pantai ini belum banyak terjamah oleh wisatawan lokal maupun asing, karena letaknya yang berada di daerah terpencil. Sehingga, Pantai Drini ini dikenal dengan nama Pantai Perawan. Sebutan ini digunakan oleh masyarakat setempat karena kondisi Pantai Drini yang masih bersih, udara yang sejuk, air yang terasa dingin ditambah dengan hamparan pasir putih yang mempesona dan aliran airnya yang tidak seganas Pantai Parangtritis Pantai ini memiliki sebuah tebing besar yang berada di tengah-tengah pantai dan membagi pantai ini menjadi dua sisi, yaitu sisi barat dan sisi timur . Tebing ini terlihat begitu indah sehingga membuatnya seolah-olah seperti pulau kecil yang terapung di tengah pantai. Di atas karang ini dibangun mercusuar dimana dari menaranya mata kita akan dimanjakan dengan pemandangan yang luar biasa indahnya.. Di pantai ini pengunjung juga dapat melihat dengan jelas rumput-rumput laut di antara karang-karang laut dan biota laut lainnya.",pantai drini bahari yogyakarta pantai drini salah objek wisata letak desa banjarejo  camat tanjungsari  gunungkidul  yogyakarta  letak belah timur pantai baron jarak 1 km arah timur pantai  jarak tempuh pantai 60 km 2-3 jam kota yogyakarta  infrastruktur pantai drini mulus  jalan masuk pantai terjal kelok  pantai drini pantai langsung hadap samudra hindia  pantai milik lereng pantai curam 10 derajat wonosari dominasi batu karst gunung sewu  pantai jamah wisatawan lokal asing  letak daerah pencil   pantai drini kenal nama pantai perawan  sebut masyarakat kondisi pantai drini bersih  udara sejuk  air dingin tambah hampar pasir putih pesona alir air ganas pantai parangtritis pantai milik tebing tengah pantai bagi pantai sisi  sisi barat sisi timur  tebing indah buat pulau apung pantai  karang bangun mercusuar mana menara mata manja pandang indah  pantai unjung rumput laut karang laut biota laut
192,Air Terjun Sri Gethuk,"Air Terjun Sri Gethuk merupakan salah satu objek wisata alam yang terletak di Kecamatan Playen, Kabupaten Gunungkidul, Yogyakarta. Air terjun ini berada di tepi Sungai Oyo sehingga untuk menikmatinya harus menyelusuri sungai dengan rakit. Sepanjang perjalanan akan disuguhi pemandangan berupa tebing tebing kapur dikanan-kiri dan rimbunnya pepohonan. Jika di musim kemarau, air sungai akan sangat jernih berwana kehijauan dan tenang.\nAir terjun Sri Gethuk ini memiliki 3 sumber mata air yaitu mata air Ngandong, Dong Poh, dan Ngumbul. Ketiga mata air ini berkumpul dan mengalir melalui tebing tinggi hingga membentuk air terjun Sri Gethuk. Air Terjun Sri Gethuk memiliki tinggi sekira 25 meter dengan 3-5 terjunan air terjun tergantung musim. Air yang tak pernah kering itu jatuh tak membuat kolam namun langsung merayapi bebatuan kapur yang rapi di tepi sungai. Air terjun ini sedang dalam tahap pengembangan untuk menjadi destinasi wisata andalan Kabupaten Gunungkidul selain dari pantai dan pegunungan karst.\nAir Terjun Sri Gethuk juga disebut sebagai Air Terjun Slempret. Nama Slempret sendiri berasal dari legenda yang ada di Desa Bleberan. Menurut cerita yang beredar di masyarakat, air tejun ini merupakan pusatnya para jin dengan pimpinan Jin Anggo Menduro. Air terjun ini bermula dari tiga sumber mata air yaitu Kedungpoh, Ngandong, dan Ngumbul. Ketiga sumber mata air tersebut mengalir menjadi satu dan membentuk butiran-butiran air yang jatuh dari tebing bebatuan karst yang tandus.",Cagar Alam,Yogyakarta,15000,4.4,https://lh5.googleusercontent.com/p/AF1QipOmmr4JK_WvD0i1Lj5IH-c_J8H3pil88fsd2wT0=w408-h284-k-no,"https://google.com/maps/place/Sri+Gethuk+Waterfall/@-7.9428574,110.4893259,17z/data=!3m1!4b1!4m6!3m5!1s0x2e7a52c5a2ffbded:0x1b21536ea267bf1!8m2!3d-7.943178!4d110.48924!16s%2Fg%2F1hbpx46fr?entry=ttu","Air Terjun Sri Gethuk Cagar Alam Yogyakarta Air Terjun Sri Gethuk merupakan salah satu objek wisata alam yang terletak di Kecamatan Playen, Kabupaten Gunungkidul, Yogyakarta. Air terjun ini berada di tepi Sungai Oyo sehingga untuk menikmatinya harus menyelusuri sungai dengan rakit. Sepanjang perjalanan akan disuguhi pemandangan berupa tebing tebing kapur dikanan-kiri dan rimbunnya pepohonan. Jika di musim kemarau, air sungai akan sangat jernih berwana kehijauan dan tenang.\nAir terjun Sri Gethuk ini memiliki 3 sumber mata air yaitu mata air Ngandong, Dong Poh, dan Ngumbul. Ketiga mata air ini berkumpul dan mengalir melalui tebing tinggi hingga membentuk air terjun Sri Gethuk. Air Terjun Sri Gethuk memiliki tinggi sekira 25 meter dengan 3-5 terjunan air terjun tergantung musim. Air yang tak pernah kering itu jatuh tak membuat kolam namun langsung merayapi bebatuan kapur yang rapi di tepi sungai. Air terjun ini sedang dalam tahap pengembangan untuk menjadi destinasi wisata andalan Kabupaten Gunungkidul selain dari pantai dan pegunungan karst.\nAir Terjun Sri Gethuk juga disebut sebagai Air Terjun Slempret. Nama Slempret sendiri berasal dari legenda yang ada di Desa Bleberan. Menurut cerita yang beredar di masyarakat, air tejun ini merupakan pusatnya para jin dengan pimpinan Jin Anggo Menduro. Air terjun ini bermula dari tiga sumber mata air yaitu Kedungpoh, Ngandong, dan Ngumbul. Ketiga sumber mata air tersebut mengalir menjadi satu dan membentuk butiran-butiran air yang jatuh dari tebing bebatuan karst yang tandus.",air terjun sri gethuk cagar alam yogyakarta air terjun sri gethuk salah objek wisata alam letak camat playen  kabupaten gunungkidul  yogyakarta  air terjun tepi sungai oyo nikmat selusur sungai rakit  jalan suguh pandang tebing tebing kapur dikanan-kiri rimbun pohon  musim kemarau  air sungai jernih wana hijau tenang nair terjun sri gethuk milik 3 sumber mata air mata air ngandong  poh  ngumbul  tiga mata air kumpul alir tebing bentuk air terjun sri gethuk  air terjun sri gethuk milik sekira 25 meter 3-5 terjun air terjun gantung musim  air kering jatuh kolam langsung rayap bebatuan kapur rapi tepi sungai  air terjun tahap kembang destinasi wisata andal kabupaten gunungkidul pantai gunung karst nair terjun sri gethuk air terjun slempret  nama slempret asal legenda desa bleberan  cerita edar masyarakat  air tejun pusat jin pimpin jin anggo menduro  air terjun sumber mata air kedungpoh  ngandong  ngumbul  tiga sumber mata air alir bentuk butir air jatuh tebing bebatuan karst tandus
193,Candi Sewu,"Candi Sewu atau Manjusrighra (Hanacaraka:ꦕꦤ꧀ꦝꦶ​ꦱꦺꦮꦸ, Jawa: Candhi Sèwu) adalah candi Buddha yang dibangun pada abad ke-8 Masehi yang berjarak hanya delapan ratus meter di sebelah utara Candi Prambanan. Candi Sewu merupakan kompleks candi Buddha terbesar kedua setelah Candi Borobudur di Jawa Tengah. Candi Sewu berusia lebih tua daripada Candi Borobudur dan Prambanan. Meskipun aslinya memiliki 249 candi, oleh masyarakat setempat candi ini dinamakan ""Sewu"" yang berarti seribu dalam bahasa Jawa. Penamaan ini berdasarkan kisah legenda Loro Jonggrang.\nSecara administratif, kompleks Candi Sewu terletak di Dukuh Bener, Desa Bugisan, Kecamatan Prambanan, Kabupaten Klaten, Provinsi Jawa Tengah.",Budaya,Yogyakarta,50000,4.7,https://lh5.googleusercontent.com/p/AF1QipNL7_ITIjDs1hiVQGHV26XdoqX0lndKfKK-pZeU=w408-h272-k-no,"https://www.google.com/maps/place/Sewu+Temple/@-7.7439185,110.4929337,17z/data=!3m1!4b1!4m6!3m5!1s0x2e7a5b1eb13f5483:0xfe9d261ba0d2faac!8m2!3d-7.7439185!4d110.4929337!16s%2Fm%2F0521c0x?entry=ttu","Candi Sewu Budaya Yogyakarta Candi Sewu atau Manjusrighra (Hanacaraka:ꦕꦤ꧀ꦝꦶ​ꦱꦺꦮꦸ, Jawa: Candhi Sèwu) adalah candi Buddha yang dibangun pada abad ke-8 Masehi yang berjarak hanya delapan ratus meter di sebelah utara Candi Prambanan. Candi Sewu merupakan kompleks candi Buddha terbesar kedua setelah Candi Borobudur di Jawa Tengah. Candi Sewu berusia lebih tua daripada Candi Borobudur dan Prambanan. Meskipun aslinya memiliki 249 candi, oleh masyarakat setempat candi ini dinamakan ""Sewu"" yang berarti seribu dalam bahasa Jawa. Penamaan ini berdasarkan kisah legenda Loro Jonggrang.\nSecara administratif, kompleks Candi Sewu terletak di Dukuh Bener, Desa Bugisan, Kecamatan Prambanan, Kabupaten Klaten, Provinsi Jawa Tengah.",candi sewu budaya yogyakarta candi sewu manjusrighra  hanacaraka    jawa  candhi s wu  candi buddha bangun abad ke-8 masehi jarak delapan ratus meter belah utara candi prambanan  candi sewu kompleks candi buddha besar candi borobudur jawa  candi sewu usia tua candi borobudur prambanan  asli milik 249 candi  masyarakat candi nama  sewu  ribu bahasa jawa  nama dasar kisah legenda loro jonggrang nsecara administratif  kompleks candi sewu letak dukuh bener  desa bugisan  camat prambanan  kabupaten klaten  provinsi jawa
194,Pantai Wediombo,"Pantai Wediombo (O Jawa: Wedhiamba) adalah sebuah pantai yang berada di Desa Jepitu, Girisubo, Gunungkidul di dekat Pantai Siung, berjarak 80 km dari kota Yogyakarta. Pantai tersebut meliputi sebuah teluk yang dikelilingi pegunungan batu karang dan pasir putih. Di tengah laut, batu karang tampak menonjol. Tempat tersebut juga dipakai untuk selancar. Ketinggian ombak dapat mencapai 3-4 meter. Pantai Wediombo menghadap ke barat dan matahari berada di sisi selatan (pada November-Mei). Dari pantai ini, orang-orang dapat melihat matahari terbenam pada waktu sore. Selin untuk berselancar, Wediombo juga memiliki kolam alami sampai perairan tanpa ombak. Ada pula tempat untuk snorkeling. Wediombo masuk salah satu dari 13 tempat yang masuk Cagar Alam Dunia UNESCO Gunung Sewu.",Bahari,Yogyakarta,5000,4.5,https://lh5.googleusercontent.com/p/AF1QipNyIWnrEXa8jAVxxgVy8LCICUSokFxCTzwtWzrK=w408-h272-k-no,"https://www.google.com/maps/place/Wediombo+Beach/@-8.1872679,110.7083467,16z/data=!3m1!4b1!4m6!3m5!1s0x2e7bb8abba255dd5:0x86df110ec25eaa6d!8m2!3d-8.1862462!4d110.709901!16s%2Fg%2F11ggvyzmxh?entry=ttu","Pantai Wediombo Bahari Yogyakarta Pantai Wediombo (O Jawa: Wedhiamba) adalah sebuah pantai yang berada di Desa Jepitu, Girisubo, Gunungkidul di dekat Pantai Siung, berjarak 80 km dari kota Yogyakarta. Pantai tersebut meliputi sebuah teluk yang dikelilingi pegunungan batu karang dan pasir putih. Di tengah laut, batu karang tampak menonjol. Tempat tersebut juga dipakai untuk selancar. Ketinggian ombak dapat mencapai 3-4 meter. Pantai Wediombo menghadap ke barat dan matahari berada di sisi selatan (pada November-Mei). Dari pantai ini, orang-orang dapat melihat matahari terbenam pada waktu sore. Selin untuk berselancar, Wediombo juga memiliki kolam alami sampai perairan tanpa ombak. Ada pula tempat untuk snorkeling. Wediombo masuk salah satu dari 13 tempat yang masuk Cagar Alam Dunia UNESCO Gunung Sewu.",pantai wediombo bahari yogyakarta pantai wediombo  o jawa  wedhiamba  pantai desa jepitu  girisubo  gunungkidul pantai siung  jarak 80 km kota yogyakarta  pantai liput teluk keliling gunung batu karang pasir putih  laut  batu karang tonjol  pakai selancar  tinggi ombak capai 3-4 meter  pantai wediombo hadap barat matahari sisi selatan  november-mei   pantai  orang matahari benam sore  lin selancar  wediombo milik kolam alami air ombak  snorkeling  wediombo masuk salah 13 masuk cagar alam dunia unesco gunung sewu
195,Pantai Jogan,"Pantai Jogan adalah objek wisata pantai yang terletak di Dusun Duwet, Purwodadi, Tepus, Kabupaten Gunungkidul, Daerah Istimewa Yogyakarta. Lokasinya berjarak kurang lebih 74 km dari Pusat kota Yogyakarta. Pantai ini terletak di jajaran pegunungan Gunungkidul, yang memberikan pemandangan alam tebing dan air terjun yang mengarah ke laut lepas.",Bahari,Yogyakarta,5000,4.3,https://lh5.googleusercontent.com/p/AF1QipM5q1nnFzsI31uN5jDZ_1l87Le1wS5I4FvHXCPd=w408-h248-k-no,"https://www.google.com/maps/place/Pantai+Jogan/@-8.1801348,110.6763715,14z/data=!3m1!4b1!4m6!3m5!1s0x2e7bb3626fed5bbf:0x68b2ade85cdcc40d!8m2!3d-8.180135!4d110.6763715!16s%2Fg%2F11cp5g2s_l?entry=ttu","Pantai Jogan Bahari Yogyakarta Pantai Jogan adalah objek wisata pantai yang terletak di Dusun Duwet, Purwodadi, Tepus, Kabupaten Gunungkidul, Daerah Istimewa Yogyakarta. Lokasinya berjarak kurang lebih 74 km dari Pusat kota Yogyakarta. Pantai ini terletak di jajaran pegunungan Gunungkidul, yang memberikan pemandangan alam tebing dan air terjun yang mengarah ke laut lepas.",pantai jogan bahari yogyakarta pantai jogan objek wisata pantai letak dusun duwet  purwodadi  tepus  kabupaten gunungkidul  daerah istimewa yogyakarta  lokasi jarak 74 km pusat kota yogyakarta  pantai letak jajar gunung gunungkidul  pandang alam tebing air terjun arah laut lepas
196,Pantai Ngrenehan,Pantai Ngrenehan merupakan\npantai nelayan. Terletak di desa Kanigoro\nKecamatan Saptosari kurang lebih 30 km di sebelah selatan kota Wonosari. Suatu pantai berupa teluk yang dikelilingi hamparan perbukitan kapur dan memiliki panorama yang sangat memukau dengan deburan ombak menerpa pasir putih. Para wisatawan dapat menyaksikan aktivitas kegiatan nelayan dan menikmati ikan siap saji atau membawa ikan segar sebagai oleh-oleh.,Bahari,Yogyakarta,3000,4.5,https://lh5.googleusercontent.com/p/AF1QipOe_9WaXjVzGEOjM7GsnIYRW1FbPq6zZMAOgN15=w408-h270-k-no,"https://www.google.com/maps/place/Ngrenean+Beach/@-8.1211888,110.5142143,17z/data=!3m1!4b1!4m6!3m5!1s0x2e7ba5568b9ebe5b:0x4ae27d9d8fda79d4!8m2!3d-8.1211475!4d110.5142337!16s%2Fg%2F11b6pnf401?entry=ttu",Pantai Ngrenehan Bahari Yogyakarta Pantai Ngrenehan merupakan\npantai nelayan. Terletak di desa Kanigoro\nKecamatan Saptosari kurang lebih 30 km di sebelah selatan kota Wonosari. Suatu pantai berupa teluk yang dikelilingi hamparan perbukitan kapur dan memiliki panorama yang sangat memukau dengan deburan ombak menerpa pasir putih. Para wisatawan dapat menyaksikan aktivitas kegiatan nelayan dan menikmati ikan siap saji atau membawa ikan segar sebagai oleh-oleh.,pantai ngrenehan bahari yogyakarta pantai ngrenehan rupa npantai nelayan  letak desa kanigoro nkecamatan saptosari 30 km belah selatan kota wonosari  pantai teluk keliling hampar bukit kapur milik panorama pukau debur ombak terpa pasir putih  wisatawan saksi aktivitas giat nelayan nikmat ikan saji bawa ikan segar oleh
197,Pantai Jungwok,"Pantai Jungwok adalah pantai yang terletak di Desa Jepitu, Kecamatan Girisubo, Kabupaten Gunungkidul, Daerah Istimewa Yogyakarta. Pantai Jungwok merupakan salah satu pantai yang memiliki panorama yang indah dengan pasir putih yang khas dari pantai di Gunung Kidul. Pantai Jungwok terletak di sebelah Timur Pantai Wediombo dan di sebelah Barat Pantai Ngusalan. Jarak Pantai Jungwok dari Kota Wonosari sekitar 40 km. Akses jalan menuju Pantai Jungwook masih cukup sulit, itu dikarenakan jalan yang masih belum diaspal. Pantai Jungwok sering menjadi destinasi wisata karena tempatnya yang nyaman untuk berkemah.",Bahari,Yogyakarta,5000,4.7,https://lh5.googleusercontent.com/p/AF1QipNHuE6OPbrtIUI42mLdkkIoq2H3fgY8ptWtTRTi=w408-h306-k-no,"https://www.google.com/maps/place/Jungwok+Beach/@-8.1980306,110.7124163,17z/data=!3m1!4b1!4m6!3m5!1s0x2e7bc0a9d67c5ee7:0x653b2d4177a1d43d!8m2!3d-8.197822!4d110.7123397!16s%2Fg%2F11gy2jqx0m?entry=ttu","Pantai Jungwok Bahari Yogyakarta Pantai Jungwok adalah pantai yang terletak di Desa Jepitu, Kecamatan Girisubo, Kabupaten Gunungkidul, Daerah Istimewa Yogyakarta. Pantai Jungwok merupakan salah satu pantai yang memiliki panorama yang indah dengan pasir putih yang khas dari pantai di Gunung Kidul. Pantai Jungwok terletak di sebelah Timur Pantai Wediombo dan di sebelah Barat Pantai Ngusalan. Jarak Pantai Jungwok dari Kota Wonosari sekitar 40 km. Akses jalan menuju Pantai Jungwook masih cukup sulit, itu dikarenakan jalan yang masih belum diaspal. Pantai Jungwok sering menjadi destinasi wisata karena tempatnya yang nyaman untuk berkemah.",pantai jungwok bahari yogyakarta pantai jungwok pantai letak desa jepitu  camat girisubo  kabupaten gunungkidul  daerah istimewa yogyakarta  pantai jungwok salah pantai milik panorama indah pasir putih khas pantai gunung kidul  pantai jungwok letak belah timur pantai wediombo belah barat pantai ngusalan  jarak pantai jungwok kota wonosari 40 km  akses jalan pantai jungwook sulit  jalan aspal  pantai jungwok destinasi wisata tempat nyaman kemah
198,Pantai Greweng,"Di Kabupaten Gunungkidul, tidak sulit memilih pantai yang masih sepi dan indah. Pantai Greweng yang berada di Kecamatan Girisubo adalah satu di antaranya. Tidak hanya cantik, pantai ini juga dikenal sebagai destinasi untuk berkemah. Namun, siapkan energi lebih untuk mencapai lokasinya yang terpencil.",Bahari,Yogyakarta,5000,4.6,https://lh5.googleusercontent.com/p/AF1QipNZ1wAxEprR9fRmAaAtusSSbYSSk3-LI-S-ws_d=w408-h544-k-no,"https://www.google.com/maps/place/Pantai+Greweng/@-8.1978642,110.7186216,14z/data=!3m1!4b1!4m6!3m5!1s0x2e7bc76155555555:0xb2986a859e7ccba1!8m2!3d-8.1978644!4d110.7186216!16s%2Fg%2F11btm3y6j0?entry=ttu","Pantai Greweng Bahari Yogyakarta Di Kabupaten Gunungkidul, tidak sulit memilih pantai yang masih sepi dan indah. Pantai Greweng yang berada di Kecamatan Girisubo adalah satu di antaranya. Tidak hanya cantik, pantai ini juga dikenal sebagai destinasi untuk berkemah. Namun, siapkan energi lebih untuk mencapai lokasinya yang terpencil.",pantai greweng bahari yogyakarta kabupaten gunungkidul  sulit pilih pantai sepi indah  pantai greweng camat girisubo  cantik  pantai kenal destinasi kemah   siap energi capai lokasi pencil
199,Pantai Sedahan,"Pantai Sedahan ini memiliki garis pantai yang cukup panjang dan cukup luas untuk dijadikan sebagai arena bermain. Pada kedua sisi pantai, terdapat tebing karang yang mengapit pantai ini dan menjorok ke tengah laut. Pantai Sedahan mempunyai deburan ombak yang khas laut selatan dan hamparan pasir putih dengan butiran butiran yang halus. Air Biru kehijauan yang bening, segar, dan berkilauan teritampa cahaya matahari akan menghipnotis siapa pun untuk bermain air dan menceburkan diri di pantai tersebut. Tetapi pengunjung harus tetap berhati hati karena pantai selatan selalu berarus dan berombak kuat, maka para pengunjung tidak disarankan untuk berenang terlalu jauh dari daratan. Pantai Sedahan ini juga dikenal oleh banyak orang sebagai lokasi memancing yang menyenangkan. Banyak pengunjung yang rela dan menyempatkan datang jauh jauh hanya untuk memancing ikan di Pantai Sedahan ini.",Bahari,Yogyakarta,5000,4.6,https://lh5.googleusercontent.com/p/AF1QipPLeCD0fx14uf02fuCP2pWzL93PbZY88GOuC907=w408-h306-k-no,"https://www.google.com/maps/place/Sedahan+Beach/@-8.1978941,110.7208535,14z/data=!3m1!4b1!4m6!3m5!1s0x2e7bb8aa2fdf677d:0x22c26d0cc8c2d84a!8m2!3d-8.1978943!4d110.7208535!16s%2Fg%2F11b7w6gmt4?entry=ttu","Pantai Sedahan Bahari Yogyakarta Pantai Sedahan ini memiliki garis pantai yang cukup panjang dan cukup luas untuk dijadikan sebagai arena bermain. Pada kedua sisi pantai, terdapat tebing karang yang mengapit pantai ini dan menjorok ke tengah laut. Pantai Sedahan mempunyai deburan ombak yang khas laut selatan dan hamparan pasir putih dengan butiran butiran yang halus. Air Biru kehijauan yang bening, segar, dan berkilauan teritampa cahaya matahari akan menghipnotis siapa pun untuk bermain air dan menceburkan diri di pantai tersebut. Tetapi pengunjung harus tetap berhati hati karena pantai selatan selalu berarus dan berombak kuat, maka para pengunjung tidak disarankan untuk berenang terlalu jauh dari daratan. Pantai Sedahan ini juga dikenal oleh banyak orang sebagai lokasi memancing yang menyenangkan. Banyak pengunjung yang rela dan menyempatkan datang jauh jauh hanya untuk memancing ikan di Pantai Sedahan ini.",pantai sedahan bahari yogyakarta pantai sedahan milik garis pantai luas jadi arena main  sisi pantai  tebing karang apit pantai jorok laut  pantai sedahan debur ombak khas laut selatan hampar pasir putih butir butir halus  air biru hijau bening  segar  kilau teritampa cahaya matahari hipnotis main air cebur pantai  unjung hati hati pantai selatan arus ombak kuat  unjung saran renang darat  pantai sedahan kenal orang lokasi pancing senang  unjung rela sempat pancing ikan pantai sedahan
200,Pantai Watu Kodok,"Pantai Watu Kodok merupakan salah satu pantai yang ada di Gunung Kidul. Pantai Watu Kodok ini memiliki pasir putih dan air laut yang masih berwarna biru yang sangat indah. Di pantai ini terdapat beberapa batu karang yang terjal, batu tersebut menjadi daya tarik para wisatawan dan keunikan bagi pantai itu sendiri. Dan suasana pantai yang masih alami juga menjadikan pantai ini menjadi daya tariknya, tetapi pantai ini masih tergolong pantai baru jadi masih belum banyak wisatawan. Pantai Watu Kodok ini sangat cocok bagi Anda yang ingin menghabiskan waktu liburan bersama keluarga.",Bahari,Yogyakarta,5000,4.7,https://lh5.googleusercontent.com/p/AF1QipMhfgFx84yffYo0Fg5YZKv69iBR6n8Zn71U5PIt=w408-h272-k-no,"https://www.google.com/maps/place/Pantai+Watu+Kodok/@-8.1369832,110.5741515,17z/data=!3m1!4b1!4m6!3m5!1s0x2e7bbbcfd6c5a261:0xe7b408d28d5cd6c7!8m2!3d-8.1369832!4d110.5741515!16s%2Fg%2F11h_5w031_?entry=ttu","Pantai Watu Kodok Bahari Yogyakarta Pantai Watu Kodok merupakan salah satu pantai yang ada di Gunung Kidul. Pantai Watu Kodok ini memiliki pasir putih dan air laut yang masih berwarna biru yang sangat indah. Di pantai ini terdapat beberapa batu karang yang terjal, batu tersebut menjadi daya tarik para wisatawan dan keunikan bagi pantai itu sendiri. Dan suasana pantai yang masih alami juga menjadikan pantai ini menjadi daya tariknya, tetapi pantai ini masih tergolong pantai baru jadi masih belum banyak wisatawan. Pantai Watu Kodok ini sangat cocok bagi Anda yang ingin menghabiskan waktu liburan bersama keluarga.",pantai watu kodok bahari yogyakarta pantai watu kodok salah pantai gunung kidul  pantai watu kodok milik pasir putih air laut warna biru indah  pantai batu karang terjal  batu daya tarik wisatawan uni pantai  suasana pantai alami jadi pantai daya tarik  pantai golong pantai wisatawan  pantai watu kodok cocok habis libur keluarga
201,Pantai Kesirat,"Pada umumnya pantai identik dengan pasirnya bukan, namun pantai kesirat memiliki keunikan tersendiri yang akan anda temukan disini. Pantai kesirat tidak memiliki pasir namun anda akan menemukan tebing tebing yang memeiliki struktur yang cantik kemudian anda kana menikmati pantai di atasnya, tempat ini juga sangat cocok untuk menikmati sunset. Keindahan pantai ini membuat semua orang tidak bisa melupakannya seperti janji mantan hehee.. pantai kesirat memiliki spot spot foto yang instagramable banget cocok sekali untuk kamu yang suka berfoto. Keunikan lain yang menjadi ciri khas dari wisata Pantai Kesirat adalah hadirnya sebuah pohon yang tampak berdiri kokoh yang menjadi ikon dari tempat wisata ini. Banyak wisatawan yang memanfaatkan pohon ini sebagai latar belakang foto mereka.",Bahari,Yogyakarta,5000,4.7,https://lh5.googleusercontent.com/p/AF1QipNOE29sMDA9ZKuJOcs1AfEUB7iBPirFgZ-z6ChM=w432-h240-k-no,"https://www.google.com/maps/place/Pantai+Kesirat/@-8.0961533,110.4350483,14z/data=!3m1!4b1!4m6!3m5!1s0x2e7baf39ad03012f:0x7fc75f89bcd7f418!8m2!3d-8.0961535!4d110.4350483!16s%2Fg%2F11b_2lnznd?entry=ttu","Pantai Kesirat Bahari Yogyakarta Pada umumnya pantai identik dengan pasirnya bukan, namun pantai kesirat memiliki keunikan tersendiri yang akan anda temukan disini. Pantai kesirat tidak memiliki pasir namun anda akan menemukan tebing tebing yang memeiliki struktur yang cantik kemudian anda kana menikmati pantai di atasnya, tempat ini juga sangat cocok untuk menikmati sunset. Keindahan pantai ini membuat semua orang tidak bisa melupakannya seperti janji mantan hehee.. pantai kesirat memiliki spot spot foto yang instagramable banget cocok sekali untuk kamu yang suka berfoto. Keunikan lain yang menjadi ciri khas dari wisata Pantai Kesirat adalah hadirnya sebuah pohon yang tampak berdiri kokoh yang menjadi ikon dari tempat wisata ini. Banyak wisatawan yang memanfaatkan pohon ini sebagai latar belakang foto mereka.",pantai sirat bahari yogyakarta pantai identik pasir  pantai sirat milik uni sendiri temu  pantai sirat milik pasir temu tebing tebing memeiliki struktur cantik kana nikmat pantai atas  cocok nikmat sunset  indah pantai orang lupa janji mantan hehee  pantai sirat milik spot spot foto instagramable banget cocok suka foto  uni ciri khas wisata pantai sirat hadir pohon diri kokoh ikon wisata  wisatawan manfaat pohon latar foto
202,Pantai Ngandong,"Pantai Ngandong terletak di Desa Sidoarjo, Kecamatan Tepus, Kabupaten Gunung Kidul, Yogyakarta. Pantai ini sebenarnya tidak jauh dari Pantai Indrayanti yang lebih terkenal dahulu, tepatnya terletak di sebelah barat laut dari pantai Indrayanti. Pantai Ngandong termasuk pantai yang kecil namun mempunyai ciri khas tersendiri yang menjadi daya tarik bagi wisatawan. Meskipun demikian belum banyak wisatawan yang mengetahui destinasi wisata pantai ini. Pantai ini ramai penunjung ketika musim liburan, namun sepi ketika hari-hari biasa.",Bahari,Yogyakarta,10000,4.6,https://lh5.googleusercontent.com/p/AF1QipPQ7DBsVMIu2942Xkx0on7AMCbe6LKWAuvkZtyV=w408-h306-k-no,"https://www.google.com/maps/place/Pantai+Ngandong/@-8.146423,110.6061408,17z/data=!3m1!4b1!4m6!3m5!1s0x2e7bba251a7f6081:0x101b8bda010ec62f!8m2!3d-8.146423!4d110.6061408!16s%2Fg%2F11b8098ft2?entry=ttu","Pantai Ngandong Bahari Yogyakarta Pantai Ngandong terletak di Desa Sidoarjo, Kecamatan Tepus, Kabupaten Gunung Kidul, Yogyakarta. Pantai ini sebenarnya tidak jauh dari Pantai Indrayanti yang lebih terkenal dahulu, tepatnya terletak di sebelah barat laut dari pantai Indrayanti. Pantai Ngandong termasuk pantai yang kecil namun mempunyai ciri khas tersendiri yang menjadi daya tarik bagi wisatawan. Meskipun demikian belum banyak wisatawan yang mengetahui destinasi wisata pantai ini. Pantai ini ramai penunjung ketika musim liburan, namun sepi ketika hari-hari biasa.",pantai ngandong bahari yogyakarta pantai ngandong letak desa sidoarjo  camat tepus  kabupaten gunung kidul  yogyakarta  pantai pantai indrayanti kenal  tepat letak belah barat laut pantai indrayanti  pantai ngandong pantai ciri khas sendiri daya tarik wisatawan  wisatawan destinasi wisata pantai  pantai ramai tunjung musim libur  sepi hari
203,Galaxy Waterpark Jogja,"Galaxy Waterpark adalah taman rekreasi air yang berdiri di atas lahan seluas 2,5 hektar ini sangat cukup untuk menampung pengunjung di waktu liburan. Dengan lokasi yang sangat luas banyak wahana dan fasilitas yang bisa kamu nikmati. Di tempat ini juga tersedia beberapa kolam, dari kolam anak sampai kolam dewasa. Selain itu fasilitas yang disediakan pengelolapun juga terbilang lengkap untuk mendukung kenyamananmu saat berlibur.",Taman Hiburan,Yogyakarta,40000,4.4,https://lh5.googleusercontent.com/p/AF1QipPV5Wf_pEfiprGQE6SIQ4BdcT1-dvlKLGR3kesF=w408-h544-k-no,"https://www.google.com/maps/place/Galaxy+Waterpark/@-7.8159633,110.4136917,17z/data=!3m1!4b1!4m6!3m5!1s0x2e7a57381999ae6f:0x6f677fc8515f1aaa!8m2!3d-7.8159633!4d110.4136917!16s%2Fg%2F11b6yrhw_w?entry=ttu","Galaxy Waterpark Jogja Taman Hiburan Yogyakarta Galaxy Waterpark adalah taman rekreasi air yang berdiri di atas lahan seluas 2,5 hektar ini sangat cukup untuk menampung pengunjung di waktu liburan. Dengan lokasi yang sangat luas banyak wahana dan fasilitas yang bisa kamu nikmati. Di tempat ini juga tersedia beberapa kolam, dari kolam anak sampai kolam dewasa. Selain itu fasilitas yang disediakan pengelolapun juga terbilang lengkap untuk mendukung kenyamananmu saat berlibur.",galaxy waterpark jogja taman hibur yogyakarta galaxy waterpark taman rekreasi air diri lahan luas 2 5 hektar tampung unjung libur  lokasi luas wahana fasilitas nikmat  sedia kolam  kolam anak kolam dewasa  fasilitas sedia kelola bilang lengkap dukung nyaman libur
204,Desa Wisata Pulesari,"Desa Wisata Pulesari semakin menambah deretan profil desa wisata di Jogja yang lahir dari kesadaran masyarakat, atas potensi lokal yang dimiliki. Baik itu dari sisi ragam budaya, pesona alam sekitar, kazanah kuliner, maupun nilai sejarah, dan budaya yang ada. Semuanya dikemas dalam sebuah keseruan wisata. Lokasi Desa Wisata Pulesari berada di Kabupaten Sleman, Daerah Istimewa Yogyakarta (DIY), yang notabene sebagai kabupaten yang dianugerahi banyak sekali tempat wisata. Kehadiran Desa Wisata Pulesari seakan menjadi penambal dari puzle wisata yang belum lengkap. Dan inilah review Desa Wisata Pulosari sebagai referensi awal untuk menentukan lokasi liburan nanti.",Taman Hiburan,Yogyakarta,0,4.5,https://lh5.googleusercontent.com/p/AF1QipOv2om8-3xxAvweGWF-6Aq_KDr5mT8yeIPl8QE=w427-h240-k-no,"https://www.google.com/maps/place/Desa+Wisata+Pulesari/@-7.6258806,110.371698,17z/data=!3m1!4b1!4m6!3m5!1s0x2e7a607be3e2fd29:0x1bf37c8ecf4f712d!8m2!3d-7.6258806!4d110.371698!16s%2Fg%2F11b6zwg5ct?entry=ttu","Desa Wisata Pulesari Taman Hiburan Yogyakarta Desa Wisata Pulesari semakin menambah deretan profil desa wisata di Jogja yang lahir dari kesadaran masyarakat, atas potensi lokal yang dimiliki. Baik itu dari sisi ragam budaya, pesona alam sekitar, kazanah kuliner, maupun nilai sejarah, dan budaya yang ada. Semuanya dikemas dalam sebuah keseruan wisata. Lokasi Desa Wisata Pulesari berada di Kabupaten Sleman, Daerah Istimewa Yogyakarta (DIY), yang notabene sebagai kabupaten yang dianugerahi banyak sekali tempat wisata. Kehadiran Desa Wisata Pulesari seakan menjadi penambal dari puzle wisata yang belum lengkap. Dan inilah review Desa Wisata Pulosari sebagai referensi awal untuk menentukan lokasi liburan nanti.",desa wisata pulesari taman hibur yogyakarta desa wisata pulesari tambah deret profil desa wisata jogja lahir sadar masyarakat  potensi lokal milik  sisi ragam budaya  pesona alam  kazanah kuliner  nilai sejarah  budaya  kemas seru wisata  lokasi desa wisata pulesari kabupaten sleman  daerah istimewa yogyakarta  diy   notabene kabupaten anugerah wisata  hadir desa wisata pulesari akan tambal puzle wisata lengkap  review desa wisata pulosari referensi tentu lokasi libur
205,Desa Wisata Tembi,"Desa Wisata Tembi, merupakan satu dari sekian desa wisata yang sukses menata kawasannya, sehingga menjadi sebuah kawasan yang layak untuk dikunjungi. Potensi alam, sejarah, serta potensi budaya yang dimiliki Desa Wisata Tembi memang sangat pas untuk dijadikan sebuah desa wisata. Apalagi jarak Desa Wisata Tembi tidak jauh dari pusat kota Jogja. Ternyata, pesona keindahan Desa Wisata Tembi tidak hanya terbatas pada dua hal tersebut saja. Dan inilah info lengkap Desa Wisata Tembi, sebagai referensi awal menentukan lokasi wisata saat liburan nanti. Lokasi Desa Wisata Tembi terletak satu arah menuju Parangtritis. Alamat Desa Wisata Tembi berada di Desa Tembi, Kecamatan Sewon, Kabupaten Bantul, Daerah Istimewa Yogyakarta.",Taman Hiburan,Yogyakarta,50000,4.4,https://lh5.googleusercontent.com/p/AF1QipMwICm4kWTW5jcq41xJDUwkBalMCvI3Wdveik41=w408-h271-k-no,"https://www.google.com/maps/place/Tembi+Rumah+Budaya/@-7.8700932,110.3562056,17z/data=!3m1!4b1!4m9!3m8!1s0x2e7a560cf1551d0b:0x1db36094db031949!5m2!4m1!1i2!8m2!3d-7.8700932!4d110.3562056!16s%2Fg%2F112yg50vp?entry=ttu","Desa Wisata Tembi Taman Hiburan Yogyakarta Desa Wisata Tembi, merupakan satu dari sekian desa wisata yang sukses menata kawasannya, sehingga menjadi sebuah kawasan yang layak untuk dikunjungi. Potensi alam, sejarah, serta potensi budaya yang dimiliki Desa Wisata Tembi memang sangat pas untuk dijadikan sebuah desa wisata. Apalagi jarak Desa Wisata Tembi tidak jauh dari pusat kota Jogja. Ternyata, pesona keindahan Desa Wisata Tembi tidak hanya terbatas pada dua hal tersebut saja. Dan inilah info lengkap Desa Wisata Tembi, sebagai referensi awal menentukan lokasi wisata saat liburan nanti. Lokasi Desa Wisata Tembi terletak satu arah menuju Parangtritis. Alamat Desa Wisata Tembi berada di Desa Tembi, Kecamatan Sewon, Kabupaten Bantul, Daerah Istimewa Yogyakarta.",desa wisata tembi taman hibur yogyakarta desa wisata tembi  sekian desa wisata sukses tata kawasan  kawasan layak kunjung  potensi alam  sejarah  potensi budaya milik desa wisata tembi pas jadi desa wisata  jarak desa wisata tembi pusat kota jogja   pesona indah desa wisata tembi batas  info lengkap desa wisata tembi  referensi tentu lokasi wisata libur  lokasi desa wisata tembi letak arah parangtritis  alamat desa wisata tembi desa tembi  camat won  kabupaten bantul  daerah istimewa yogyakarta
206,Wisata Kaliurang,"Jogja selalu menarik untuk dikulik, terlebih tempat wisatanya. Berbagai wisata tersedia di Jogja, mulai dari wisata buatan hingga wisata alam. Seperti halnya Taman Wisata Kaliurang, yang memadukan unsur alam dengan taman rekreasi. Taman rekreasi ini berada di kawasan lereng Gunung Merapi. Bukan hal aneh jika objek wisata ini sangat sejuk. Menghabiskan waktu untuk berlibur di sini merupakan pilihan yang tepat.",Cagar Alam,Yogyakarta,8000,4.6,https://lh5.googleusercontent.com/p/AF1QipNfTXPxe4MlBjalBQlNeamuQ8Yunb-5kgUIYWs8=w408-h308-k-no,"https://www.google.com/maps/place/Wisata+Kaliurang/@-7.6121495,110.4205559,17z/data=!3m1!4b1!4m6!3m5!1s0x2e7a615e6be7cc81:0x4727a60cf424aaf7!8m2!3d-7.6121495!4d110.4205559!16s%2Fg%2F11g0sqpgbl?entry=ttu","Wisata Kaliurang Cagar Alam Yogyakarta Jogja selalu menarik untuk dikulik, terlebih tempat wisatanya. Berbagai wisata tersedia di Jogja, mulai dari wisata buatan hingga wisata alam. Seperti halnya Taman Wisata Kaliurang, yang memadukan unsur alam dengan taman rekreasi. Taman rekreasi ini berada di kawasan lereng Gunung Merapi. Bukan hal aneh jika objek wisata ini sangat sejuk. Menghabiskan waktu untuk berlibur di sini merupakan pilihan yang tepat.",wisata kaliurang cagar alam yogyakarta jogja tarik lik  wisata  wisata sedia jogja  wisata buat wisata alam  hal taman wisata kaliurang  madu unsur alam taman rekreasi  taman rekreasi kawasan lereng gunung rapi  aneh objek wisata sejuk  habis libur pilih
207,Heha Sky View,"HeHa Sky View adalah salah satu tempat wisata terbaru di Yogyakarta dan paling hits saat ini. Mau foto estetik ala selebgram atau berfoto di atas rooftop berlantai kaca? Bisa! .Terletak di Yogyakarta yang romantis, Heha Sky View adalah tempat wisata yang punya tiga ciri khas. Berdasarkan akun Instagram milik mereka, tiga hal yang menjadi ciri utama Heha Sky View adalah selfie, resto, dan food stalls. Ada banyak penjual makanan kekinian berkonsep kontainer untuk kamu yang suka memanjakan lidah. Dan kalau ingin menambah stok swafoto ada banyak spot Instagrammable yang patut dicoba.",Taman Hiburan,Yogyakarta,15000,4.4,https://lh5.googleusercontent.com/p/AF1QipO3vn7ntFDMkQ2d9F9CPfipcN89REjNErR-Ienv=w408-h272-k-no,"https://www.google.com/maps/place/HeHa+Sky+View/@-7.8496144,110.4761353,17z/data=!4m10!1m2!2m1!1sHeHa+Sky+View!3m6!1s0x2e7a512d80f3246d:0xf671a280cf1b6f55!8m2!3d-7.8496144!4d110.478324!15sCg1IZUhhIFNreSBWaWV3IgOIAQFaDyINaGVoYSBza3kgdmlld5IBDmFtdXNlbWVudF9wYXJr4AEA!16s%2Fg%2F11hyt6k0zw?entry=ttu","Heha Sky View Taman Hiburan Yogyakarta HeHa Sky View adalah salah satu tempat wisata terbaru di Yogyakarta dan paling hits saat ini. Mau foto estetik ala selebgram atau berfoto di atas rooftop berlantai kaca? Bisa! .Terletak di Yogyakarta yang romantis, Heha Sky View adalah tempat wisata yang punya tiga ciri khas. Berdasarkan akun Instagram milik mereka, tiga hal yang menjadi ciri utama Heha Sky View adalah selfie, resto, dan food stalls. Ada banyak penjual makanan kekinian berkonsep kontainer untuk kamu yang suka memanjakan lidah. Dan kalau ingin menambah stok swafoto ada banyak spot Instagrammable yang patut dicoba.",heha sky view taman hibur yogyakarta heha sky view salah wisata baru yogyakarta hits  foto estetik ala selebgram foto rooftop lantai kaca   letak yogyakarta romantis  heha sky view wisata ciri khas  dasar akun instagram milik  ciri utama heha sky view selfie  resto  food stalls  jual makan kini konsep kontainer suka manja lidah  tambah stok swafoto spot instagrammable patut coba
208,Taman Sungai Mudal,"Taman Sungai Mudal, sebuah objek wisata alam terbuka yang terletak di Kabupaten Kulon Progo, yang menawarkan pesona sebuah kolam pemandian yang bersumber dari mata air alami. Mata airnya bersumber dari sebuah goa, sehingga kehadiran Taman Sungai Mudal menjadi mengesampingkan kesan angker dari sebuah goa. Apalagi ditambah dengan dukungan fasilitas yang membuat para wisatawan merasa nyaman saat berada di sana. Taman Sungai Mudal menjadi salah-satu wisata Kulon Progo yang selalu menjadi destinasi utama saat liburan tiba. Salah-satu alasan utamanya dikarenakan Taman Sungai Mudal mampu menjadi destinasi wisata keluarga yang menyenangkan.",Cagar Alam,Yogyakarta,10000,4.7,https://lh5.googleusercontent.com/p/AF1QipNUXntu2U2mPnRgzpbJVfAnIpeiy6mNnB982oI1=w408-h306-k-no,"https://www.google.com/maps/place/Taman+Sungai+Mudal/@-7.7628136,110.1161626,17z/data=!3m1!4b1!4m6!3m5!1s0x2e7aee4a6fe974b7:0xc8f1e183fc8e2531!8m2!3d-7.7628136!4d110.1161626!16s%2Fg%2F11b7wn6mry?entry=ttu","Taman Sungai Mudal Cagar Alam Yogyakarta Taman Sungai Mudal, sebuah objek wisata alam terbuka yang terletak di Kabupaten Kulon Progo, yang menawarkan pesona sebuah kolam pemandian yang bersumber dari mata air alami. Mata airnya bersumber dari sebuah goa, sehingga kehadiran Taman Sungai Mudal menjadi mengesampingkan kesan angker dari sebuah goa. Apalagi ditambah dengan dukungan fasilitas yang membuat para wisatawan merasa nyaman saat berada di sana. Taman Sungai Mudal menjadi salah-satu wisata Kulon Progo yang selalu menjadi destinasi utama saat liburan tiba. Salah-satu alasan utamanya dikarenakan Taman Sungai Mudal mampu menjadi destinasi wisata keluarga yang menyenangkan.",taman sungai mudal cagar alam yogyakarta taman sungai mudal  objek wisata alam buka letak kabupaten kulon progo  tawar pesona kolam mandi sumber mata air alami  mata air sumber goa  hadir taman sungai mudal samping kesan angker goa  tambah dukung fasilitas wisatawan nyaman  taman sungai mudal salah-satu wisata kulon progo destinasi utama libur  salah-satu alas utama taman sungai mudal destinasi wisata keluarga senang
209,Pantai Sanglen,"Pantai Sanglen. Lokasinya berada di Desa Kemadang, Gunung Kidul. Pantai indah yang satu ini memang terdengar asing di telinga, namun ternyata pantai ini menyimpan keindahan yang sangat menenangkan. Keadaan ombaknya diam-diam menghanyutkan membuat kita harus berhati-hati jika ingin bermain air ketika sedang pasang, namun ketika surut kamu dapat bemain ombak di sekitar pantainya. Tak jauh dari area pantai terdapat sebuah bukit dengan hiasan pepohonan yang masih rindang serta berwarna hijau alam, kamu dapat naik ke atas bukit melalui tangga yang sudah disediakan.",Bahari,Yogyakarta,10000,4.5,https://lh5.googleusercontent.com/p/AF1QipOQTpDX-BbwG9dkPhOcJl_7fJY_hV7N2hqblJf-=w408-h287-k-no,"https://www.google.com/maps/place/Pantai+Sanglen/@-8.1367454,110.5716362,14z/data=!3m1!4b1!4m6!3m5!1s0x2e7bba5fd21612d3:0x7c1989e6d71ac983!8m2!3d-8.1367456!4d110.5716362!16s%2Fg%2F11ckvvwqgp?entry=ttu","Pantai Sanglen Bahari Yogyakarta Pantai Sanglen. Lokasinya berada di Desa Kemadang, Gunung Kidul. Pantai indah yang satu ini memang terdengar asing di telinga, namun ternyata pantai ini menyimpan keindahan yang sangat menenangkan. Keadaan ombaknya diam-diam menghanyutkan membuat kita harus berhati-hati jika ingin bermain air ketika sedang pasang, namun ketika surut kamu dapat bemain ombak di sekitar pantainya. Tak jauh dari area pantai terdapat sebuah bukit dengan hiasan pepohonan yang masih rindang serta berwarna hijau alam, kamu dapat naik ke atas bukit melalui tangga yang sudah disediakan.",pantai sanglen bahari yogyakarta pantai sanglen  lokasi desa madang  gunung kidul  pantai indah dengar asing telinga  pantai simpan indah tenang  ombak diam hanyut hati main air pasang  surut bain ombak pantai  area pantai bukit hias pohon rindang warna hijau alam  bukit tangga sedia
210,Pantai Congot,"Selain Pantai Glagah dan Pantai Trisik, ternyata masih ada satu lagi pantai yang berada di Kulon Progo. Yakni Pantai Congot, pantai yang satu ini terkenal sebagai surganya memancing ikan. Maka tak heran jika Pantai Congot banyak dikunjungi oleh mereka para mancing mania, selain itu masyarakat sekitar Pantai Congot menggantungkan hidupnya sebagai nelayan. Pantai Congot memang tak sepopuler pantai lain yang ada di Kulon Progo, mulai banyak dikunjungi wisatawan ketika dibukanya Hutan Mangrove Pasir Mendit. Karena memang lokasinya yang tak terlalu jauh dari Pantai Congot, yakni berada di sebelah barat pantai. Pantai Congot merupakan muara dari Sungai Bogowonto. Ini pulalah yang menyebabkan Pantai Congot menjadi spot favorite para pemancing, karena terdapat banyak jenis ikan yang ada mulai dari ikan air tawar, ikan air payau hingga ikan air asin.",Bahari,Yogyakarta,3000,4.3,https://lh5.googleusercontent.com/p/AF1QipMfduDYrMMhhycSoV9fehZ5UxP7qki_L9AMEPWR=w408-h254-k-no,"https://www.google.com/maps/place/Congot+Beach/@-7.9043844,110.0445791,14z/data=!3m1!4b1!4m6!3m5!1s0x2e7ae3e5c895eeb9:0x250021b08adb4ef6!8m2!3d-7.9075425!4d110.0535658!16s%2Fg%2F11b_2lrzf0?entry=ttu","Pantai Congot Bahari Yogyakarta Selain Pantai Glagah dan Pantai Trisik, ternyata masih ada satu lagi pantai yang berada di Kulon Progo. Yakni Pantai Congot, pantai yang satu ini terkenal sebagai surganya memancing ikan. Maka tak heran jika Pantai Congot banyak dikunjungi oleh mereka para mancing mania, selain itu masyarakat sekitar Pantai Congot menggantungkan hidupnya sebagai nelayan. Pantai Congot memang tak sepopuler pantai lain yang ada di Kulon Progo, mulai banyak dikunjungi wisatawan ketika dibukanya Hutan Mangrove Pasir Mendit. Karena memang lokasinya yang tak terlalu jauh dari Pantai Congot, yakni berada di sebelah barat pantai. Pantai Congot merupakan muara dari Sungai Bogowonto. Ini pulalah yang menyebabkan Pantai Congot menjadi spot favorite para pemancing, karena terdapat banyak jenis ikan yang ada mulai dari ikan air tawar, ikan air payau hingga ikan air asin.",pantai congot bahari yogyakarta pantai glagah pantai trisik  pantai kulon progo  pantai congot  pantai kenal surga pancing ikan  heran pantai congot kunjung mancing mania  masyarakat pantai congot gantung hidup nelayan  pantai congot populer pantai kulon progo  kunjung wisatawan buka hutan mangrove pasir mendit  lokasi pantai congot  belah barat pantai  pantai congot muara sungai bogowonto  pula sebab pantai congot spot favorite pancing  jenis ikan ikan air tawar  ikan air payau ikan air asin
211,GunungTangkuban perahu,"Gunung Tangkuban Parahu adalah salah satu gunung yang terletak di Provinsi Jawa Barat, Indonesia. Sekitar 20 km ke arah utara Kota Bandung, dengan rimbun pohon pinus dan hamparan kebun teh di sekitarnya, Gunung Tangkuban Parahu mempunyai ketinggian setinggi 2.084 meter. Bentuk gunung ini adalah Stratovulcano dengan pusat erupsi yang berpindah dari timur ke barat. Jenis batuan yang dikeluarkan melalui letusan kebanyakan adalah lava dan sulfur, mineral yang dikeluarkan adalah sulfur belerang, mineral yang dikeluarkan saat gunung tidak aktif adalah uap belerang. Daerah Gunung Tangkuban Parahu dikelola oleh Perum Perhutanan. Suhu rata-rata hariannya adalah 17oC pada siang hari dan 2 °C pada malam hari.
",Cagar Alam,Bandung,30000,4.5,https://lh5.googleusercontent.com/p/AF1QipMkhZsZYx4pLtgF8lNB9ZhEk1wc7yX2PCfOaj0F=w408-h274-k-no,"https://www.google.com/maps/place/Tangkuban+Perahu/@-6.7596375,107.6097807,14z/data=!3m1!4b1!4m6!3m5!1s0x2e68e1ddc59713db:0xa01c96b73428fedc!8m2!3d-6.7596377!4d107.6097807!16zL20vMDNtdl95?entry=ttu","GunungTangkuban perahu Cagar Alam Bandung Gunung Tangkuban Parahu adalah salah satu gunung yang terletak di Provinsi Jawa Barat, Indonesia. Sekitar 20 km ke arah utara Kota Bandung, dengan rimbun pohon pinus dan hamparan kebun teh di sekitarnya, Gunung Tangkuban Parahu mempunyai ketinggian setinggi 2.084 meter. Bentuk gunung ini adalah Stratovulcano dengan pusat erupsi yang berpindah dari timur ke barat. Jenis batuan yang dikeluarkan melalui letusan kebanyakan adalah lava dan sulfur, mineral yang dikeluarkan adalah sulfur belerang, mineral yang dikeluarkan saat gunung tidak aktif adalah uap belerang. Daerah Gunung Tangkuban Parahu dikelola oleh Perum Perhutanan. Suhu rata-rata hariannya adalah 17oC pada siang hari dan 2 °C pada malam hari.
",gunungtangkuban perahu cagar alam bandung gunung tangkuban parahu salah gunung letak provinsi jawa barat  indonesia  20 km arah utara kota bandung  rimbun pohon pinus hampar kebun teh  gunung tangkuban parahu tinggi 2 084 meter  bentuk gunung stratovulcano pusat erupsi pindah timur barat  jenis batu keluar letus banyak lava sulfur  mineral keluar sulfur belerang  mineral keluar gunung aktif uap belerang  daerah gunung tangkuban parahu kelola perum hutan  suhu rata hari 17oc siang 2 c malam
212,Jalan Braga,"Jalan Braga adalah nama sebuah jalan utama di kota Bandung, Indonesia. Nama jalan ini cukup dikenal sejak masa pemerintahan Hindia Belanda. Sampai saat ini nama jalan tersebut tetap dipertahankan sebagai salah satu maskot dan objek wisata kota Bandung yang dahulu dikenal sebagai Parijs van Java.",Budaya,Bandung,0,4.8,https://lh5.googleusercontent.com/p/AF1QipMTr3m9e1jUMVGuXH4iGgS7OCX3rZ0hCi-mZZRo=w408-h570-k-no,"https://www.google.com/maps/place/Jalan+Braga/@-6.917634,107.6094345,17z/data=!3m1!4b1!4m6!3m5!1s0x2e68e779f313c461:0x2a7d5e6e2a6b29e3!8m2!3d-6.917634!4d107.6094345!16s%2Fg%2F11p5kzx4lh?entry=ttu","Jalan Braga Budaya Bandung Jalan Braga adalah nama sebuah jalan utama di kota Bandung, Indonesia. Nama jalan ini cukup dikenal sejak masa pemerintahan Hindia Belanda. Sampai saat ini nama jalan tersebut tetap dipertahankan sebagai salah satu maskot dan objek wisata kota Bandung yang dahulu dikenal sebagai Parijs van Java.",jalan braga budaya bandung jalan braga nama jalan utama kota bandung  indonesia  nama jalan kenal perintah hindia belanda  nama jalan tahan salah maskot objek wisata kota bandung kenal parijs van java
213,Gedung Sate,"Gedung Sate, dengan ciri khasnya berupa ornamen tusuk sate pada menara sentralnya, telah lama menjadi penanda atau markah tanah Kota Bandung yang tidak saja dikenal masyarakat di Jawa Barat, tetapi juga seluruh Indonesia bahkan model bangunan itu dijadikan pertanda bagi beberapa bangunan dan tanda-tanda kota di Jawa Barat. Misalnya bentuk gedung bagian depan Stasiun Kereta Api Tasikmalaya. Mulai dibangun tahun 1920, gedung berwarna putih ini masih berdiri kokoh namun anggun dan kini berfungsi sebagai gedung pusat pemerintahan Jawa Barat.\nGedung Sate yang pada masa Hindia Belanda itu disebut Gouvernements Bedrijven (GB), peletakan batu pertama dilakukan oleh Johanna Catherina Coops, puteri sulung Wali Kota Bandung, Bertus Coops dan Petronella Roelofsen, mewakili Gubernur Jenderal di Batavia, J.P. Graaf van Limburg Stirum pada tanggal 27 Juli 1920, merupakan hasil perencanaan sebuah tim yang terdiri dari Ir.J.Gerber, arsitek muda kenamaan lulusan Fakultas Teknik Delft Nederland, Ir. Eh. De Roo dan Ir. G. Hendriks serta pihak Gemeente van Bandoeng, diketuai Kol. Pur. VL. Slors dengan melibatkan 2000 pekerja, 150 orang di antaranya pemahat, atau ahli bongpay pengukir batu nisan dan pengukir kayu berkebangsaan Cina yang berasal dari Konghu atau Kanton, dibantu tukang batu, kuli aduk dan peladen yang berasal dari penduduk Kampung Sekeloa, Kampung Coblong Dago, Kampung Gandok dan Kampung Cibarengkok, yang sebelumnya mereka menggarap Gedong Sirap (Kampus ITB) dan Gedong Papak (Balai Kota Bandung).\n\nSelama kurun waktu 4 tahun pada bulan September 1924 berhasil diselesaikan pembangunan induk bangunan utama Gouverments Bedrijven, termasuk kantor pusat PTT (Pos, Telepon dan Telegraf) dan Perpustakaan.\nArsitektur Gedung Sate merupakan hasil karya arsitek Ir. J.Gerber dan kelompoknya yang tidak terlepas dari masukan maestro arsitek Belanda Dr.Hendrik Petrus Berlage, yang bernuansakan wajah arsitektur tradisional Nusantara.\nBanyak kalangan arsitek dan ahli bangunan menyatakan Gedung Sate adalah bangunan monumental yang anggun mempesona dengan gaya arsitektur unik mengarah kepada bentuk gaya arsitektur Indo-Eropa, (Indo Europeeschen architectuur stijl), sehingga tidak mustahil bila keanggunan Candi Borobudur ikut mewarnai Gedung Sate.\nBeberapa pendapat tentang megahnya Gedung Sate di antaranya Cor Pashier dan Jan Wittenberg dua arsitek Belanda, yang mengatakan ""langgam arsitektur Gedung Sate adalah gaya hasil eksperimen sang arsitek yang mengarah pada bentuk gaya arsitektur Indo-Eropa"".\nD. Ruhl dalam bukunya Bandoeng en haar Hoogvlakte 1952, ""Gedung Sate adalah bangunan terindah di Indonesia"".\nIr. H.P.Berlage, sewaktu kunjungan ke Gedung Sate April 1923, menyatakan, ""Gedung Sate adalah suatu karya arsitektur besar, yang berhasil memadukan langgam timur dan barat secara harmonis"". Seperti halnya gaya arsitektur Italia pada masa renaiscance terutama pada bangunan sayap barat. Sedangkan menara bertingkat di tengah bangunan mirip atap meru atau pagoda. Masih banyak lagi pendapat arsitek Indonesia yang menyatakan kemegahan Gedung Sate misalnya Slamet Wirasonjaya, dan Ir. Harnyoto Kunto.\nKuat dan utuhnya Gedung Sate hingga kini, tidak terlepas dari bahan dan teknis konstruksi yang dipakai. Dinding Gedung Sate terbuat dari kepingan batu ukuran besar (1 × 1 × 2 m) yang diambil dari kawasan perbukitan batu di Bandung timur sekitar Arcamanik dan Gunung Manglayang. Konstruksi bangunan Gedung Sate menggunakan cara konvensional yang profesional dengan memperhatikan standar teknik.\nGedung Sate berdiri di atas lahan seluas 27.990,859 m², luas bangunan 10.877,734 m² terdiri dari Basement 3.039,264 m², Lantai I 4.062,553 m², teras lantai I 212,976 m², Lantai II 3.023,796 m², teras lantai II 212.976 m², menara 121 m² dan teras menara 205,169 m².\nGerber sendiri memadukan beberapa aliran arsitektur ke dalam rancangannya. Untuk jendela, Gerber mengambil tema Moor Spanyol, sedangkan untuk bangunannya dalah Rennaisance Italia. Khusus untuk menara, Gerber memasukkan aliran Asia, yaitu gaya atap pura Bali atau pagoda di Thailand. Di puncaknya terdapat ""tusuk sate"" dengan 6 buah ornamen sate (versi lain menyebutkan jambu air atau melati), yang melambangkan 6 juta gulden - jumlah biaya yang digunakan untuk membangun Gedung Sate. Ornamen yang terbuat dari batu, terletak di atas pintu utama Gedung Sate, sering dikaitkan dengan candi Borobudur karena bentuknya yang serupa.\nFasade (tampak depan) Gedung Sate ternyata sangat diperhitungkan. Dengan mengikuti sumbu poros utara-selatan (yang juga diterapkan di Gedung Pakuan, yang menghadap Gunung Malabar di selatan), Gedung Sate justru sengaja dibangun menghadap Gunung Tangkuban Perahu di sebelah utara.\nDalam perjalanannya semula diperuntukkan bagi Departemen Lalulintas dan Pekerjaan Umum, bahkan menjadi pusat pemerintahan Hindia Belanda setelah Batavia dianggap sudah tidak memenuhi syarat sebagai pusat pemerintahan karena perkembangannya, sehingga digunakan oleh Jawatan Pekerjaan Umum. Tanggal 3 Desember 1945 terjadi peristiwa yang memakan korban tujuh orang pemuda yang mempertahankan Gedung Sate dari serangan pasukan Gurkha. Untuk mengenang ke tujuh pemuda itu, dibuatkan tugu dari batu yang diletakkan di belakang halaman Gedung Sate. Atas perintah Menteri Pekerjaan Umum pada tanggal 3 Desember 1970 Tugu tersebut dipindahkan ke halaman depan Gedung Sate.\nGedung Sate sejak tahun 1980 dikenal dengan sebutan Kantor Gubernur karena sebagai pusat kegiatan Pemerintah Provinsi Jawa Barat, yang sebelumnya Pemerintahaan Provinsi Jawa Barat menempati Gedung Kerta Mukti di Jalan Braga Bandung.\nRuang kerja Gubernur terdapat di lantai II bersama dengan ruang kerja Wakil Gubernur, Sekretaris Daerah, Para Assisten dan Biro. Saat ini Gubernur di bantu oleh tiga Wakil Gubernur yang menangani Bidang Pemerintahan, Bidang Ekonomi dan Pembangunan, serta Bidang Kesejahteraan Rakyat, seorang Sekretaris Daerah dan Empat Asisten yaitu Asisten Ketataprajaan, Asisten Administrasi Pembangunan, Asisten Kesejahteraan Sosial dan Asisten Administrasi.\nNamun tidak seluruh Asisten menempati Gedung Sate. Asisten Kesejahteraan Sosial dan Asisten Administrasi bersama staf menempati Gedung Baru.\nDi bagian timur dan barat terdapat dua ruang besar yang akan mengingatkan pada ruang dansa (ball room) yang sering terdapat pada bangunan masyarakat Eropa. Ruangan ini lebih sering dikenal dengan sebutan aula barat dan aula timur, sering digunakan kegiatan resmi. Di sekeliling kedua aula ini terdapat ruangan-ruangan yang di tempati beberapa Biro dengan Stafnya.\nPaling atas terdapat lantai yang disebut Menara Gedung Sate, lantai ini tidak dapat dilihat dari bawah, untuk menuju ke lantai teratas menggunakan Lift atau dengan menaiki tangga kayu.\nKesempurnaan megahnya Gedung Sate dilengkapi dengan Gedung Baru yang mengambil sedikit gaya arsitektur Gedung Sate namun dengan gaya konstektual hasil karya arsitek Ir.Sudibyo yang dibangun tahun 1977 diperuntukkan bagi para Pimpinan dan Anggota Dewan Perwakilan Rakyat Daerah Provinsi Jawa Barat dalam melaksanakan tugas dan fungsinya sebagai Lembaga Legislatif Daerah.\nGedung Sate telah menjadi salah satu tujuan objek wisata di kota Bandung. Khusus wisatawan manca negara banyak dari mereka yang sengaja berkunjung karena memiliki keterkaitan emosi maupun history pada Gedung ini. Keterkaitan emosi dan history ini mungkin akan terasa lebih lengkap bila menaiki anak tangga satu per satu yang tersedia menuju menara Gedung Sate. Ada 6 tangga yang harus dilalui dengan masing-masing 10 anak tangga yang harus dinaiki.\nKeindahan Gedung Sate dilengkapi dengan taman disekelilingnya yang terpelihara dengan baik, tidak heran bila taman ini diminati oleh masyarakat kota Bandung dan para wisatawan baik domestik maupun manca negara. Keindahan taman ini sering dijadikan lokasi kegiatan yang bernuansakan kekeluargaan, lokasi shooting video klip musik baik artis lokal maupun artis nasional, lokasi foto keluarga atau foto diri bahkan foto pasangan pengantin.\nKhusus pada hari minggu lingkungan halaman Gedung Sate dijadikan pilihan tempat sebagian besar masyarakat untuk bersantai, sekadar duduk-duduk menikmati udara segar kota Bandung atau berolahraga ringan.\nMembandingkan Gedung Sate dengan bangunan-bangunan pusat pemerintahan (capitol building) di banyak ibu kota negara sepertinya tidak berlebihan. Persamaannya semua dibangun di tengah kompleks hijau dengan menara sentral yang megah. Terlebih dari segi letak gedung sate serta lanskapnya yang relatif mirip dengan Gedung Putih di Washington, DC, Amerika Serikat. Dapat dikatakan Gedung Sate adalah ""Gedung Putih""nya kota Bandung.",Budaya,Bandung,5000,4.7,https://lh5.googleusercontent.com/p/AF1QipNIIoHAulvp9X4zb09N22lwnb717AIweZi2z_c=w408-h272-k-no,"https://www.google.com/maps/place/Gedung+Sate/@-6.9024715,107.6187018,17z/data=!3m1!4b1!4m6!3m5!1s0x2e68e64c5e8866e5:0x37be7ac9d575f7ed!8m2!3d-6.9024715!4d107.6187018!16zL20vMGRqOXg3?entry=ttu","Gedung Sate Budaya Bandung Gedung Sate, dengan ciri khasnya berupa ornamen tusuk sate pada menara sentralnya, telah lama menjadi penanda atau markah tanah Kota Bandung yang tidak saja dikenal masyarakat di Jawa Barat, tetapi juga seluruh Indonesia bahkan model bangunan itu dijadikan pertanda bagi beberapa bangunan dan tanda-tanda kota di Jawa Barat. Misalnya bentuk gedung bagian depan Stasiun Kereta Api Tasikmalaya. Mulai dibangun tahun 1920, gedung berwarna putih ini masih berdiri kokoh namun anggun dan kini berfungsi sebagai gedung pusat pemerintahan Jawa Barat.\nGedung Sate yang pada masa Hindia Belanda itu disebut Gouvernements Bedrijven (GB), peletakan batu pertama dilakukan oleh Johanna Catherina Coops, puteri sulung Wali Kota Bandung, Bertus Coops dan Petronella Roelofsen, mewakili Gubernur Jenderal di Batavia, J.P. Graaf van Limburg Stirum pada tanggal 27 Juli 1920, merupakan hasil perencanaan sebuah tim yang terdiri dari Ir.J.Gerber, arsitek muda kenamaan lulusan Fakultas Teknik Delft Nederland, Ir. Eh. De Roo dan Ir. G. Hendriks serta pihak Gemeente van Bandoeng, diketuai Kol. Pur. VL. Slors dengan melibatkan 2000 pekerja, 150 orang di antaranya pemahat, atau ahli bongpay pengukir batu nisan dan pengukir kayu berkebangsaan Cina yang berasal dari Konghu atau Kanton, dibantu tukang batu, kuli aduk dan peladen yang berasal dari penduduk Kampung Sekeloa, Kampung Coblong Dago, Kampung Gandok dan Kampung Cibarengkok, yang sebelumnya mereka menggarap Gedong Sirap (Kampus ITB) dan Gedong Papak (Balai Kota Bandung).\n\nSelama kurun waktu 4 tahun pada bulan September 1924 berhasil diselesaikan pembangunan induk bangunan utama Gouverments Bedrijven, termasuk kantor pusat PTT (Pos, Telepon dan Telegraf) dan Perpustakaan.\nArsitektur Gedung Sate merupakan hasil karya arsitek Ir. J.Gerber dan kelompoknya yang tidak terlepas dari masukan maestro arsitek Belanda Dr.Hendrik Petrus Berlage, yang bernuansakan wajah arsitektur tradisional Nusantara.\nBanyak kalangan arsitek dan ahli bangunan menyatakan Gedung Sate adalah bangunan monumental yang anggun mempesona dengan gaya arsitektur unik mengarah kepada bentuk gaya arsitektur Indo-Eropa, (Indo Europeeschen architectuur stijl), sehingga tidak mustahil bila keanggunan Candi Borobudur ikut mewarnai Gedung Sate.\nBeberapa pendapat tentang megahnya Gedung Sate di antaranya Cor Pashier dan Jan Wittenberg dua arsitek Belanda, yang mengatakan ""langgam arsitektur Gedung Sate adalah gaya hasil eksperimen sang arsitek yang mengarah pada bentuk gaya arsitektur Indo-Eropa"".\nD. Ruhl dalam bukunya Bandoeng en haar Hoogvlakte 1952, ""Gedung Sate adalah bangunan terindah di Indonesia"".\nIr. H.P.Berlage, sewaktu kunjungan ke Gedung Sate April 1923, menyatakan, ""Gedung Sate adalah suatu karya arsitektur besar, yang berhasil memadukan langgam timur dan barat secara harmonis"". Seperti halnya gaya arsitektur Italia pada masa renaiscance terutama pada bangunan sayap barat. Sedangkan menara bertingkat di tengah bangunan mirip atap meru atau pagoda. Masih banyak lagi pendapat arsitek Indonesia yang menyatakan kemegahan Gedung Sate misalnya Slamet Wirasonjaya, dan Ir. Harnyoto Kunto.\nKuat dan utuhnya Gedung Sate hingga kini, tidak terlepas dari bahan dan teknis konstruksi yang dipakai. Dinding Gedung Sate terbuat dari kepingan batu ukuran besar (1 × 1 × 2 m) yang diambil dari kawasan perbukitan batu di Bandung timur sekitar Arcamanik dan Gunung Manglayang. Konstruksi bangunan Gedung Sate menggunakan cara konvensional yang profesional dengan memperhatikan standar teknik.\nGedung Sate berdiri di atas lahan seluas 27.990,859 m², luas bangunan 10.877,734 m² terdiri dari Basement 3.039,264 m², Lantai I 4.062,553 m², teras lantai I 212,976 m², Lantai II 3.023,796 m², teras lantai II 212.976 m², menara 121 m² dan teras menara 205,169 m².\nGerber sendiri memadukan beberapa aliran arsitektur ke dalam rancangannya. Untuk jendela, Gerber mengambil tema Moor Spanyol, sedangkan untuk bangunannya dalah Rennaisance Italia. Khusus untuk menara, Gerber memasukkan aliran Asia, yaitu gaya atap pura Bali atau pagoda di Thailand. Di puncaknya terdapat ""tusuk sate"" dengan 6 buah ornamen sate (versi lain menyebutkan jambu air atau melati), yang melambangkan 6 juta gulden - jumlah biaya yang digunakan untuk membangun Gedung Sate. Ornamen yang terbuat dari batu, terletak di atas pintu utama Gedung Sate, sering dikaitkan dengan candi Borobudur karena bentuknya yang serupa.\nFasade (tampak depan) Gedung Sate ternyata sangat diperhitungkan. Dengan mengikuti sumbu poros utara-selatan (yang juga diterapkan di Gedung Pakuan, yang menghadap Gunung Malabar di selatan), Gedung Sate justru sengaja dibangun menghadap Gunung Tangkuban Perahu di sebelah utara.\nDalam perjalanannya semula diperuntukkan bagi Departemen Lalulintas dan Pekerjaan Umum, bahkan menjadi pusat pemerintahan Hindia Belanda setelah Batavia dianggap sudah tidak memenuhi syarat sebagai pusat pemerintahan karena perkembangannya, sehingga digunakan oleh Jawatan Pekerjaan Umum. Tanggal 3 Desember 1945 terjadi peristiwa yang memakan korban tujuh orang pemuda yang mempertahankan Gedung Sate dari serangan pasukan Gurkha. Untuk mengenang ke tujuh pemuda itu, dibuatkan tugu dari batu yang diletakkan di belakang halaman Gedung Sate. Atas perintah Menteri Pekerjaan Umum pada tanggal 3 Desember 1970 Tugu tersebut dipindahkan ke halaman depan Gedung Sate.\nGedung Sate sejak tahun 1980 dikenal dengan sebutan Kantor Gubernur karena sebagai pusat kegiatan Pemerintah Provinsi Jawa Barat, yang sebelumnya Pemerintahaan Provinsi Jawa Barat menempati Gedung Kerta Mukti di Jalan Braga Bandung.\nRuang kerja Gubernur terdapat di lantai II bersama dengan ruang kerja Wakil Gubernur, Sekretaris Daerah, Para Assisten dan Biro. Saat ini Gubernur di bantu oleh tiga Wakil Gubernur yang menangani Bidang Pemerintahan, Bidang Ekonomi dan Pembangunan, serta Bidang Kesejahteraan Rakyat, seorang Sekretaris Daerah dan Empat Asisten yaitu Asisten Ketataprajaan, Asisten Administrasi Pembangunan, Asisten Kesejahteraan Sosial dan Asisten Administrasi.\nNamun tidak seluruh Asisten menempati Gedung Sate. Asisten Kesejahteraan Sosial dan Asisten Administrasi bersama staf menempati Gedung Baru.\nDi bagian timur dan barat terdapat dua ruang besar yang akan mengingatkan pada ruang dansa (ball room) yang sering terdapat pada bangunan masyarakat Eropa. Ruangan ini lebih sering dikenal dengan sebutan aula barat dan aula timur, sering digunakan kegiatan resmi. Di sekeliling kedua aula ini terdapat ruangan-ruangan yang di tempati beberapa Biro dengan Stafnya.\nPaling atas terdapat lantai yang disebut Menara Gedung Sate, lantai ini tidak dapat dilihat dari bawah, untuk menuju ke lantai teratas menggunakan Lift atau dengan menaiki tangga kayu.\nKesempurnaan megahnya Gedung Sate dilengkapi dengan Gedung Baru yang mengambil sedikit gaya arsitektur Gedung Sate namun dengan gaya konstektual hasil karya arsitek Ir.Sudibyo yang dibangun tahun 1977 diperuntukkan bagi para Pimpinan dan Anggota Dewan Perwakilan Rakyat Daerah Provinsi Jawa Barat dalam melaksanakan tugas dan fungsinya sebagai Lembaga Legislatif Daerah.\nGedung Sate telah menjadi salah satu tujuan objek wisata di kota Bandung. Khusus wisatawan manca negara banyak dari mereka yang sengaja berkunjung karena memiliki keterkaitan emosi maupun history pada Gedung ini. Keterkaitan emosi dan history ini mungkin akan terasa lebih lengkap bila menaiki anak tangga satu per satu yang tersedia menuju menara Gedung Sate. Ada 6 tangga yang harus dilalui dengan masing-masing 10 anak tangga yang harus dinaiki.\nKeindahan Gedung Sate dilengkapi dengan taman disekelilingnya yang terpelihara dengan baik, tidak heran bila taman ini diminati oleh masyarakat kota Bandung dan para wisatawan baik domestik maupun manca negara. Keindahan taman ini sering dijadikan lokasi kegiatan yang bernuansakan kekeluargaan, lokasi shooting video klip musik baik artis lokal maupun artis nasional, lokasi foto keluarga atau foto diri bahkan foto pasangan pengantin.\nKhusus pada hari minggu lingkungan halaman Gedung Sate dijadikan pilihan tempat sebagian besar masyarakat untuk bersantai, sekadar duduk-duduk menikmati udara segar kota Bandung atau berolahraga ringan.\nMembandingkan Gedung Sate dengan bangunan-bangunan pusat pemerintahan (capitol building) di banyak ibu kota negara sepertinya tidak berlebihan. Persamaannya semua dibangun di tengah kompleks hijau dengan menara sentral yang megah. Terlebih dari segi letak gedung sate serta lanskapnya yang relatif mirip dengan Gedung Putih di Washington, DC, Amerika Serikat. Dapat dikatakan Gedung Sate adalah ""Gedung Putih""nya kota Bandung.",gedung sate budaya bandung gedung sate  ciri khas ornamen tusuk sate menara sentral  tanda markah tanah kota bandung kenal masyarakat jawa barat  indonesia model bangun jadi tanda bangun tanda kota jawa barat  bentuk gedung stasiun kereta api tasikmalaya  bangun 1920  gedung warna putih diri kokoh anggun fungsi gedung pusat perintah jawa barat ngedung sate hindia belanda gouvernements bedrijven  gb   leta batu johanna catherina coops  puter sulung wali kota bandung  tus coops petronella roelofsen  wakil gubernur jenderal batavia  j p graaf van limburg stirum tanggal 27 juli 1920  hasil rencana tim ir j gerber  arsitek muda nama lulus fakultas teknik delft nederland  ir  eh  de roo ir  g hendriks gemeente van bandoeng  tuai kol  pur  vl  slors libat 2000 kerja  150 orang pahat  ahli bongpay ukir batu nisan ukir kayu bangsa cina asal konghu kanton  bantu tukang batu  kuli aduk laden asal duduk kampung sekeloa  kampung coblong dago  kampung gandok kampung cibarengkok  garap gedong sirap  kampus itb  gedong papak  balai kota bandung  n nselama kurun 4 september 1924 hasil selesai bangun induk bangun utama gouverments bedrijven  kantor pusat ptt  pos  telepon telegraf  pustaka narsitektur gedung sate hasil karya arsitek ir  j gerber kelompok lepas masuk maestro arsitek belanda dr hendrik petrus berlage  nuansa wajah arsitektur tradisional nusantara nbanyak kalang arsitek ahli bangun gedung sate bangun monumental anggun pesona gaya arsitektur unik arah bentuk gaya arsitektur indo-eropa   indo europeeschen architectuur stijl   mustahil anggun candi borobudur warna gedung sate nbeberapa dapat megah gedung sate cor pashier jan wittenberg arsitek belanda   langgam arsitektur gedung sate gaya hasil eksperimen sang arsitek arah bentuk gaya arsitektur indo-eropa  nd  ruhl buku bandoeng en haar hoogvlakte 1952   gedung sate bangun indah indonesia  nir  h p berlage  kunjung gedung sate april 1923    gedung sate karya arsitektur  hasil madu langgam timur barat harmonis   hal gaya arsitektur italia renaiscance bangun sayap barat  menara tingkat bangun atap meru pagoda  dapat arsitek indonesia megah gedung sate slamet wirasonjaya  ir  harnyoto kunto nkuat utuh gedung sate  lepas bahan teknis konstruksi pakai  dinding gedung sate buat keping batu ukur  1  1  2 m  ambil kawasan bukit batu bandung timur arcamanik gunung manglayang  konstruksi bangun gedung sate konvensional profesional perhati standar teknik ngedung sate diri lahan luas 27 990 859 m  luas bangun 10 877 734 m basement 3 039 264 m  lantai i 4 062 553 m  teras lantai i 212 976 m  lantai ii 3 023 796 m  teras lantai ii 212 976 m  menara 121 m teras menara 205 169 m ngerber madu alir arsitektur rancang  jendela  gerber ambil tema moor spanyol  bangun dalah rennaisance italia  khusus menara  gerber masuk alir asia  gaya atap pura bal pagoda thailand  puncak  tusuk sate  6 buah ornamen sate  versi jambu air melati   melambang 6 juta gulden - biaya bangun gedung sate  ornamen buat batu  letak pintu utama gedung sate  kait candi borobudur bentuk rupa nfasade   gedung sate hitung  ikut sumbu poros utara-selatan  terap gedung paku  hadap gunung malabar selatan   gedung sate sengaja bangun hadap gunung tangkuban perahu belah utara ndalam jalan untuk departemen lalulintas kerja  pusat perintah hindia belanda batavia anggap penuh syarat pusat perintah kembang  jawat kerja  tanggal 3 desember 1945 peristiwa makan korban tujuh orang pemuda tahan gedung sate serang pasu gurkha  kenang tujuh pemuda  buat tugu batu letak halaman gedung sate  perintah menteri kerja tanggal 3 desember 1970 tugu pindah halaman gedung sate ngedung sate 1980 kenal sebut kantor gubernur pusat giat perintah provinsi jawa barat  pemerintahaan provinsi jawa barat tempat gedung kerta mukti jalan braga bandung nruang kerja gubernur lantai ii ruang kerja wakil gubernur  sekretaris daerah  assisten biro  gubernur bantu wakil gubernur tangan bidang perintah  bidang ekonomi bangun  bidang sejahtera rakyat  sekretaris daerah asisten asisten ketataprajaan  asisten administrasi bangun  asisten sejahtera sosial asisten administrasi nnamun asisten tempat gedung sate  asisten sejahtera sosial asisten administrasi staf tempat gedung baru ndi timur barat ruang ruang dansa  ball room  bangun masyarakat eropa  ruang kenal sebut aula barat aula timur  giat resmi  keliling aula ruang tempat biro staf npaling lantai menara gedung sate  lantai  lantai atas lift tangga kayu nkesempurnaan megah gedung sate lengkap gedung ambil gaya arsitektur gedung sate gaya konstektual hasil karya arsitek ir sudibyo bangun 1977 untuk pimpin anggota dewan wakil rakyat daerah provinsi jawa barat laksana tugas fungsi lembaga legislatif daerah ngedung sate salah tuju objek wisata kota bandung  khusus wisatawan manca negara sengaja kunjung milik kait emosi history gedung  kait emosi history lengkap anak tangga sedia menara gedung sate  6 tangga 10 anak tangga naik nkeindahan gedung sate lengkap taman keliling pelihara  heran taman mati masyarakat kota bandung wisatawan domestik manca negara  indah taman jadi lokasi giat nuansa keluarga  lokasi shooting video klip musik artis lokal artis nasional  lokasi foto keluarga foto foto pasang pengantin nkhusus minggu lingkung halaman gedung sate jadi pilih masyarakat santa  duduk nikmat udara segar kota bandung olahraga ringan nmembandingkan gedung sate bangun pusat perintah  capitol building  kota negara  sama bangun kompleks hijau menara sentral megah  segi letak gedung sate lanskap relatif gedung putih washington  dc  amerika serikat  gedung sate  gedung putih  nya kota bandung
214,Trans Studio Bandung,"Trans Studio Bandung adalah kawasan wisata terpadu di Kota Bandung, Indonesia. Trans Studio dibangun pada areal seluas 4,2 hektare dengan investasi mencapai Rp 2 triliun sehingga menjadikan sebagai kawasan hiburan terluas dan terlengkap di Bandung. Wahana yang terdapat menawarkan petualangan dan sensasi baru yang tidak kalah menantang seperti pendahulunya yaitu Trans Studio Resort Makassar yang dibuka pada tahun 2009. Trans Studio Bandung dibuka untuk umum pada tanggal 18 Juni 2011. Trans Studio Bandung adalah taman bermain yang paling komplet di kota Bandung",Taman Hiburan,Bandung,280000,4.6,https://lh5.googleusercontent.com/p/AF1QipOyYOFK4I4TsAM7_ZrnMIcHgW51puYIkUK85dLY=w408-h272-k-no,"https://www.google.com/maps/place/Trans+Studio+Bandung/@-6.9255538,107.6362431,17z/data=!3m2!4b1!5s0x2e68e7d84f05fcfb:0x4787eacc94dc84d5!4m6!3m5!1s0x2e68e7d87c2b519b:0x4d60c5efa75acded!8m2!3d-6.9255538!4d107.6362431!16s%2Fg%2F11dfqys1xd?entry=ttu","Trans Studio Bandung Taman Hiburan Bandung Trans Studio Bandung adalah kawasan wisata terpadu di Kota Bandung, Indonesia. Trans Studio dibangun pada areal seluas 4,2 hektare dengan investasi mencapai Rp 2 triliun sehingga menjadikan sebagai kawasan hiburan terluas dan terlengkap di Bandung. Wahana yang terdapat menawarkan petualangan dan sensasi baru yang tidak kalah menantang seperti pendahulunya yaitu Trans Studio Resort Makassar yang dibuka pada tahun 2009. Trans Studio Bandung dibuka untuk umum pada tanggal 18 Juni 2011. Trans Studio Bandung adalah taman bermain yang paling komplet di kota Bandung",trans studio bandung taman hibur bandung trans studio bandung kawasan wisata padu kota bandung  indonesia  trans studio bangun areal luas 4 2 hektare investasi capai rp 2 triliun jadi kawasan hibur luas lengkap bandung  wahana tawar tualang sensasi kalah tantang dahulu trans studio resort makassar buka 2009 trans studio bandung buka tanggal 18 juni 2011 trans studio bandung taman main komplet kota bandung
215,Taman Hutan Raya Ir. H. Djuanda,"Taman Hutan Raya Ir. H. Djuanda (Tahura Djuanda) merupakan kawasan konservasi yang terpadu antara alam sekunder dengan hutan tanaman dengan jenis Pinus (Pinus merkusil) yang terletak di Sub-Daerah Aliran Sungai Cikapundung dan DAS Citarum yang membentang mulai dari Curug Dago, Dago Pakar sampai Curug Maribaya yang merupakan bagian dari kelompok hutan Gunung Pulosari.\nTahura Djuanda terletak di sebelah utara Kota Bandung berjarak kurang lebih 7 km dari pusat kota, secara geografis berada pada 1070 30’ BT dan 60 52’ LS, secara administrasi berada di wilayah Desa Ciburial, Kecamatan Cimenyan, Kabupaten Bandung dan sebagian masuk Desa Mekarwangi, Desa Cibodas, Desa Langensari, dan Desa Wangunharja, Kecamatan Lembang, Kabupaten Bandung Barat serta Kelurahan Dago, Kecamatan Coblong, Kota Bandung.\nBerdasarkan hasil rekonstruksi tata batas Tahura Djuanda tahun 2003, luasnya adalah 526,98 ha.",Cagar Alam,Bandung,15000,4.6,https://lh5.googleusercontent.com/p/AF1QipOMLd6NEM8_CRpgif6ACGtdJXhGiIdAtcCaseNc=w408-h497-k-no,"https://www.google.com/maps/place/Taman+Hutan+Raya+Ir.+H.+Djuanda/@-6.858932,107.63074,17z/data=!3m1!4b1!4m6!3m5!1s0x2e68e0b82dc93d87:0xf664c059175258b1!8m2!3d-6.858932!4d107.63074!16s%2Fg%2F121tbx7k?entry=ttu","Taman Hutan Raya Ir. H. Djuanda Cagar Alam Bandung Taman Hutan Raya Ir. H. Djuanda (Tahura Djuanda) merupakan kawasan konservasi yang terpadu antara alam sekunder dengan hutan tanaman dengan jenis Pinus (Pinus merkusil) yang terletak di Sub-Daerah Aliran Sungai Cikapundung dan DAS Citarum yang membentang mulai dari Curug Dago, Dago Pakar sampai Curug Maribaya yang merupakan bagian dari kelompok hutan Gunung Pulosari.\nTahura Djuanda terletak di sebelah utara Kota Bandung berjarak kurang lebih 7 km dari pusat kota, secara geografis berada pada 1070 30’ BT dan 60 52’ LS, secara administrasi berada di wilayah Desa Ciburial, Kecamatan Cimenyan, Kabupaten Bandung dan sebagian masuk Desa Mekarwangi, Desa Cibodas, Desa Langensari, dan Desa Wangunharja, Kecamatan Lembang, Kabupaten Bandung Barat serta Kelurahan Dago, Kecamatan Coblong, Kota Bandung.\nBerdasarkan hasil rekonstruksi tata batas Tahura Djuanda tahun 2003, luasnya adalah 526,98 ha.",taman hutan raya ir  h djuanda cagar alam bandung taman hutan raya ir  h djuanda  tahura djuanda  kawasan konservasi padu alam sekunder hutan tanam jenis pinus  pinus merkusil  letak sub-daerah alir sungai cikapundung das citarum bentang curug dago  dago pakar curug maribaya kelompok hutan gunung pulosari ntahura djuanda letak belah utara kota bandung jarak 7 km pusat kota  geografis 1070 30  bt 60 52  ls  administrasi wilayah desa ciburial  camat cimenyan  kabupaten bandung masuk desa mekarwangi  desa cibodas  desa langensari  desa wangunharja  camat lembang  kabupaten bandung barat lurah dago  camat coblong  kota bandung nberdasarkan hasil rekonstruksi tata batas tahura djuanda 2003  luas 526 98 ha
216,Farm House Susu Lembang,"Sebagai salah satu tempat wisata lembang baru, Farm house Lembang mulai beroperasi sekitar tahun 2015. Tempat wisata di Bandung biasanya terbantu naik oleh medsos, terutama facebook dan instagram. Tampaknya tempat ini memaksimalkan banget hal ini. Dengan desain atmosfer eropa, banyak spot unik yang pastinya bakal menarik untuk swafoto/selfie, dan di posting di media sosial. memang, Farmhouse Lembang sejauh ini menawarkan ‘wisata foto’ sebagai daya tarik utamanya. Mirip-mirip dengan Dago Dream Park, hanya berbeda konsep tempatnya saja.",Taman Hiburan,Bandung,30000,4.4,https://lh5.googleusercontent.com/p/AF1QipMTyD8t_mavAxo91sHfvbBMQdsEP72P1AiF-YAy=w408-h306-k-no,"https://www.google.com/maps/place/Farmhouse+Susu+Lembang/@-6.832969,107.6056183,17z/data=!3m1!4b1!4m6!3m5!1s0x2e68e13bbef5ad89:0x356bebed022b2371!8m2!3d-6.832969!4d107.6056183!16s%2Fg%2F1pzw8hhtm?entry=ttu","Farm House Susu Lembang Taman Hiburan Bandung Sebagai salah satu tempat wisata lembang baru, Farm house Lembang mulai beroperasi sekitar tahun 2015. Tempat wisata di Bandung biasanya terbantu naik oleh medsos, terutama facebook dan instagram. Tampaknya tempat ini memaksimalkan banget hal ini. Dengan desain atmosfer eropa, banyak spot unik yang pastinya bakal menarik untuk swafoto/selfie, dan di posting di media sosial. memang, Farmhouse Lembang sejauh ini menawarkan ‘wisata foto’ sebagai daya tarik utamanya. Mirip-mirip dengan Dago Dream Park, hanya berbeda konsep tempatnya saja.",farm house susu lembang taman hibur bandung salah wisata lembang  farm house lembang operasi 2015 wisata bandung bantu medsos  facebook instagram  maksimal banget  desain atmosfer eropa  spot unik pasti tarik swafoto selfie  posting media sosial   farmhouse lembang tawar  wisata foto  daya tarik utama  mirip dago dream park  beda konsep tempat
217,Kebun Binatang Bandung,"Kebun Binatang Bandung merupakan salah satu objek wisata alam flora dan fauna di Kota Bandung, Jawa Barat, Indonesia. Kebun Binatang Bandung terletak berdampingan dengan kampus Institut Teknologi Bandung dan Sungai Cikapundung.",Cagar Alam,Bandung,20000,4.2,https://lh5.googleusercontent.com/p/AF1QipM5orWFO_4aSRW0LhELHDWFQXj6xnJFfmbq5hCV=w408-h408-k-no,"https://www.google.com/maps/place/Bandung+Zoo+(Kebun+Binatang+Bandung)/@-6.890137,107.6068339,17z/data=!3m1!4b1!4m6!3m5!1s0x2e68e6584da0750d:0x773058ca7734127f!8m2!3d-6.890137!4d107.6068339!16s%2Fm%2F0g5t0kx?entry=ttu","Kebun Binatang Bandung Cagar Alam Bandung Kebun Binatang Bandung merupakan salah satu objek wisata alam flora dan fauna di Kota Bandung, Jawa Barat, Indonesia. Kebun Binatang Bandung terletak berdampingan dengan kampus Institut Teknologi Bandung dan Sungai Cikapundung.",kebun binatang bandung cagar alam bandung kebun binatang bandung salah objek wisata alam flora fauna kota bandung  jawa barat  indonesia  kebun binatang bandung letak damping kampus institut teknologi bandung sungai cikapundung
218,Kawah Putih,"Kawah Putih adalah sebuah tempat wisata di Jawa Barat yang terletak di Desa Alam Endah, Kecamatan Rancabali, Kabupaten Bandung Jawa Barat yang terletak di kaki Gunung Patuha. Kawah putih merupakan sebuah danau yang terbentuk dari letusan Gunung Patuha. Tanah yang bercampur belerang di sekitar kawah ini berwarna putih, lalu warna air yang berada di kawah ini berwarna putih kehijauan, yang unik dari kawah ini adalah airnya kadang berubah warna. Danau Kawah Putih sendiri berada pada ketinggian 2194 m tapi luas total Danau Kawah Putih 25 ha yang dipakai wisata 5 ha dan lokasi kawah sendiri 3 ha.",Cagar Alam,Bandung,81000,4.5,https://lh5.googleusercontent.com/p/AF1QipNFxyUaCKXIOFerN3M_3dJPSIHs6p13kxU0EweG=w408-h306-k-no,"https://www.google.com/maps/place/White+Crater/@-7.1661541,107.4021396,17z/data=!3m1!4b1!4m6!3m5!1s0x2e688c1383dc510f:0xfab41bb8e4a3a83e!8m2!3d-7.1662039!4d107.4021256!16s%2Fm%2F0gy0vxz?entry=ttu","Kawah Putih Cagar Alam Bandung Kawah Putih adalah sebuah tempat wisata di Jawa Barat yang terletak di Desa Alam Endah, Kecamatan Rancabali, Kabupaten Bandung Jawa Barat yang terletak di kaki Gunung Patuha. Kawah putih merupakan sebuah danau yang terbentuk dari letusan Gunung Patuha. Tanah yang bercampur belerang di sekitar kawah ini berwarna putih, lalu warna air yang berada di kawah ini berwarna putih kehijauan, yang unik dari kawah ini adalah airnya kadang berubah warna. Danau Kawah Putih sendiri berada pada ketinggian 2194 m tapi luas total Danau Kawah Putih 25 ha yang dipakai wisata 5 ha dan lokasi kawah sendiri 3 ha.",kawah putih cagar alam bandung kawah putih wisata jawa barat letak desa alam endah  camat rancabali  kabupaten bandung jawa barat letak kaki gunung patuha  kawah putih danau bentuk letus gunung patuha  tanah campur belerang kawah warna putih  warna air kawah warna putih hijau  unik kawah air kadang ubah warna  danau kawah putih tinggi 2194 m luas total danau kawah putih 25 ha pakai wisata 5 ha lokasi kawah 3 ha
219,Tebing Karaton,"Tebing Keraton atau Tebing Karaton merupakan sebuah tebing yang berada di dalam kawasan Taman Hutan Raya Ir. H. Djuanda. Tebing ini terletak di Kampung Ciharegem Puncak, Desa Ciburial, Bandung, Jawa Barat, Indonesia. Dari Tebing Keraton dapat menikmati pemandangan spektakuler. Bukan lampu kota, melainkan hutan!",Cagar Alam,Bandung,15000,4.5,https://lh5.googleusercontent.com/p/AF1QipPLy94jTXZF6FWSuQLvz76FHCEhri9qT77S-v0Z=w408-h306-k-no,"https://www.google.com/maps/place/Tebing+Karaton/@-6.8340683,107.6636151,17z/data=!3m1!4b1!4m6!3m5!1s0x2e68e72171df7dc1:0x2f905d027e880a47!8m2!3d-6.8340683!4d107.6636151!16s%2Fg%2F11b5v6k4cf?entry=ttu","Tebing Karaton Cagar Alam Bandung Tebing Keraton atau Tebing Karaton merupakan sebuah tebing yang berada di dalam kawasan Taman Hutan Raya Ir. H. Djuanda. Tebing ini terletak di Kampung Ciharegem Puncak, Desa Ciburial, Bandung, Jawa Barat, Indonesia. Dari Tebing Keraton dapat menikmati pemandangan spektakuler. Bukan lampu kota, melainkan hutan!",tebing karaton cagar alam bandung tebing keraton tebing karaton tebing kawasan taman hutan raya ir  h djuanda  tebing letak kampung ciharegem puncak  desa ciburial  bandung  jawa barat  indonesia  tebing keraton nikmat pandang spektakuler  lampu kota  hutan
220,Dusun Bambu,"Dusun Bambu merupakan taman rekreasi berbasis ecotourism di Jawa Barat dengan konsep ‘Private Sanctuary Lifestyle’ (Konsep Wisata Sehat). Melalui konsep ini, Dusun Bambu siap menghadirkan sarana rekreasi yang aman dan nyaman dengan senantiasa menerapkan standar protokol kesehatan yang ketat. Memadukan keindahan alam dan budaya tradisional, fasilitas di Dusun Bambu didesain untuk pengalaman wisata alam yang paling berkesan, mulai dari berjalan-jalan santai, bersepeda, menikmati kuliner lezat di tengah pesona alam, hingga mengunjungi replika pedesaan tradisional. Terdapat pula kapasitas kunjungan harian ke Dusun Bambu untuk memastikan bahwa anjuran social distancing tetap dijalankan. Dengan begitu, Dusun Bambu siap menjamin keselamatan kunjungan wisata Anda menyajikan pengalaman kunjungan yang tak tergantikan dan penjelajahan rasa yang memuaskan hati.
",Taman Hiburan,Bandung,25000,4.5,https://lh5.googleusercontent.com/p/AF1QipN_oVWxcuFlh8KGka1gTninFynqJJ6YEMDGQ4-M=w426-h240-k-no,"https://www.google.com/maps/place/Dusun+Bambu/@-6.7905049,107.5778343,17z/data=!3m1!4b1!4m9!3m8!1s0x2e68e18bdbcb51d9:0x86ddef582346b19e!5m2!4m1!1i2!8m2!3d-6.7905049!4d107.5778343!16s%2Fg%2F12hssxwmh?entry=ttu","Dusun Bambu Taman Hiburan Bandung Dusun Bambu merupakan taman rekreasi berbasis ecotourism di Jawa Barat dengan konsep ‘Private Sanctuary Lifestyle’ (Konsep Wisata Sehat). Melalui konsep ini, Dusun Bambu siap menghadirkan sarana rekreasi yang aman dan nyaman dengan senantiasa menerapkan standar protokol kesehatan yang ketat. Memadukan keindahan alam dan budaya tradisional, fasilitas di Dusun Bambu didesain untuk pengalaman wisata alam yang paling berkesan, mulai dari berjalan-jalan santai, bersepeda, menikmati kuliner lezat di tengah pesona alam, hingga mengunjungi replika pedesaan tradisional. Terdapat pula kapasitas kunjungan harian ke Dusun Bambu untuk memastikan bahwa anjuran social distancing tetap dijalankan. Dengan begitu, Dusun Bambu siap menjamin keselamatan kunjungan wisata Anda menyajikan pengalaman kunjungan yang tak tergantikan dan penjelajahan rasa yang memuaskan hati.
",dusun bambu taman hibur bandung dusun bambu taman rekreasi bas ecotourism jawa barat konsep  private sanctuary lifestyle   konsep wisata sehat   konsep  dusun bambu hadir sarana rekreasi aman nyaman senantiasa terap standar protokol sehat ketat  madu indah alam budaya tradisional  fasilitas dusun bambu desain alam wisata alam kesan  jalan santai  sepeda  nikmat kuliner lezat pesona alam  unjung replika desa tradisional  kapasitas kunjung hari dusun bambu anjur social distancing jalan   dusun bambu jamin selamat kunjung wisata saji alam kunjung ganti jelajah muas hati
221,Museum Geologi Bandung,"Museum Geologi didirikan pada tanggal 16 Mei 1929 Museum ini telah direnovasi dengan dana bantuan dari JICA (Japan International Cooperation Agency). Setelah mengalami renovasi, Museum Geologi dibuka kembali dan diresmikan oleh Wakil Presiden RI, Megawati Soekarnoputri pada tanggal 23 Agustus 2000. Sebagai salah satu monumen bersejarah, museum berada di bawah perlindungan pemerintah dan merupakan peninggalan nasional. Dalam Museum ini, tersimpan dan dikelola materi-materi geologi yang berlimpah, seperti fosil, batuan, mineral. Kesemuanya itu dikumpulkan selama kerja lapangan di Indonesia sejak 1850.",Budaya,Bandung,2000,4.7,https://lh5.googleusercontent.com/p/AF1QipOc7nnuiPI3yYncxQ2zBkYJLfADnPIrCyFU4Stq=w408-h280-k-no,"https://www.google.com/maps/place/Museum+Geologi/@-6.9007162,107.6214553,17z/data=!3m1!4b1!4m6!3m5!1s0x2e68e64ccaafebbd:0x9e53739bff7334f6!8m2!3d-6.9007162!4d107.6214553!16s%2Fg%2F121qmxzr?entry=ttu","Museum Geologi Bandung Budaya Bandung Museum Geologi didirikan pada tanggal 16 Mei 1929 Museum ini telah direnovasi dengan dana bantuan dari JICA (Japan International Cooperation Agency). Setelah mengalami renovasi, Museum Geologi dibuka kembali dan diresmikan oleh Wakil Presiden RI, Megawati Soekarnoputri pada tanggal 23 Agustus 2000. Sebagai salah satu monumen bersejarah, museum berada di bawah perlindungan pemerintah dan merupakan peninggalan nasional. Dalam Museum ini, tersimpan dan dikelola materi-materi geologi yang berlimpah, seperti fosil, batuan, mineral. Kesemuanya itu dikumpulkan selama kerja lapangan di Indonesia sejak 1850.",museum geologi bandung budaya bandung museum geologi diri tanggal 16 mei 1929 museum renovasi dana bantu jica  japan international cooperation agency   alami renovasi  museum geologi buka resmi wakil presiden ri  megawati soekarnoputri tanggal 23 agustus 2000 salah monumen sejarah  museum lindung perintah tinggal nasional  museum  simpan kelola materi geologi limpah  fosil  batu  mineral  semua kumpul kerja lapang indonesia 1850
222,Museum Konferensi Asia Afrika,"Museum Konferensi Asia Afrika merupakan salah satu museum yang berada di kota Bandung yang terletak di Jalan Asia Afrika No. 65. Museum ini merupakan memorabilia Konferensi Asia Afrika. Museum ini memiliki hubungan yang sangat erat dengan Gedung Merdeka. Secara keseluruhan Gedung Merdeka memiliki dua bangunan utama, yang pertama disebut Gedung Merdeka sebagai tempat sidang utama, sedangkan yang berada di samping Gedung Merdeka adalah Museum Konferensi Asia Afrika sebagai tempat memorabilia Konferensi Asia Afrika. Latar belakang dibangunnya museum ini adalah adanya keinginan dari para pemimpin bangsa-bangsa di Asia dan Afrika untuk mengetahui tentang Gedung Merdeka dan sekitarnya tempat Konferensi Asia Afrika berlangsung. Hal ini membuat Menteri Luar Negeri Republik Indonesia, Prof. Dr. Mochtar Kusumaatmadja, S.H., LL.M memiliki ide untuk membangun sebuah museum. Ide tersebut disampaikannya pada forum rapat Panitia Peringatan 25 tahun Konferensi Asia Afrika (1980) yang dihadiri oleh Direktur Jenderal Kebudayaan Prof. Dr. Haryati Soebadio sebagai wakil dari Departemen Pendidikan dan Kebudayaan. Kemudian museum ini diresmikan pada tanggal 24 April 1980 bertepatan dengan peringatan 25 tahun Konferensi Asia Afrika.",Budaya,Bandung,0,4.7,https://lh5.googleusercontent.com/p/AF1QipOmGhzr84dx2pITbG23EhigkeLGKnWVu13lEw1G=w426-h240-k-no,"https://www.google.com/maps/place/Asian+African+Conference+Museum/@-6.921237,107.6095853,17z/data=!3m1!4b1!4m6!3m5!1s0x2e68e62f1591964f:0xed1630ec8b20a472!8m2!3d-6.921237!4d107.6095853!16s%2Fm%2F0fpk55x?entry=ttu","Museum Konferensi Asia Afrika Budaya Bandung Museum Konferensi Asia Afrika merupakan salah satu museum yang berada di kota Bandung yang terletak di Jalan Asia Afrika No. 65. Museum ini merupakan memorabilia Konferensi Asia Afrika. Museum ini memiliki hubungan yang sangat erat dengan Gedung Merdeka. Secara keseluruhan Gedung Merdeka memiliki dua bangunan utama, yang pertama disebut Gedung Merdeka sebagai tempat sidang utama, sedangkan yang berada di samping Gedung Merdeka adalah Museum Konferensi Asia Afrika sebagai tempat memorabilia Konferensi Asia Afrika. Latar belakang dibangunnya museum ini adalah adanya keinginan dari para pemimpin bangsa-bangsa di Asia dan Afrika untuk mengetahui tentang Gedung Merdeka dan sekitarnya tempat Konferensi Asia Afrika berlangsung. Hal ini membuat Menteri Luar Negeri Republik Indonesia, Prof. Dr. Mochtar Kusumaatmadja, S.H., LL.M memiliki ide untuk membangun sebuah museum. Ide tersebut disampaikannya pada forum rapat Panitia Peringatan 25 tahun Konferensi Asia Afrika (1980) yang dihadiri oleh Direktur Jenderal Kebudayaan Prof. Dr. Haryati Soebadio sebagai wakil dari Departemen Pendidikan dan Kebudayaan. Kemudian museum ini diresmikan pada tanggal 24 April 1980 bertepatan dengan peringatan 25 tahun Konferensi Asia Afrika.",museum konferensi asia afrika budaya bandung museum konferensi asia afrika salah museum kota bandung letak jalan asia afrika no  65 museum memorabilia konferensi asia afrika  museum milik hubung erat gedung merdeka  gedung merdeka milik bangun utama  gedung merdeka sidang utama  samping gedung merdeka museum konferensi asia afrika memorabilia konferensi asia afrika  latar bangun museum pimpin bangsa asia afrika gedung merdeka konferensi asia afrika  menteri negeri republik indonesia  prof dr mochtar kusumaatmadja  s h  ll m milik ide bangun museum  ide sampai forum rapat panitia ingat 25 konferensi asia afrika  1980  hadir direktur jenderal budaya prof dr haryati soebadio wakil departemen didik budaya  museum resmi tanggal 24 april 1980 tepat ingat 25 konferensi asia afrika
223,Masjid Raya Bandung,"Masjid Raya Bandung Provinsi Jawa Barat, yang dulu dikenal dengan nama Masjid Agung Bandung adalah masjid yang berada di Kota Bandung, Jawa Barat, Indonesia. Status masjid ini adalah sebagai masjid provinsi bagi Jawa Barat. Masjid ini pertama dibangun tahun 1810, dan sejak didirikannya, Masjid Agung telah mengalami delapan kali perombakan pada abad ke-19, kemudian lima kali pada abad 20 sampai akhirnya direnovasi lagi pada tahun 2001 sampai peresmian Masjid Raya Bandung 4 Juni 2003 yang diresmikan oleh Gubernur Jabar saat itu, H.R. Nuriana. Masjid baru ini, yang bercorak Arab, menggantikan Masjid Agung yang lama, yang bercorak khas Sunda.\nMasjid Raya Bandung, seperti yang kita lihat sekarang, terdapat dua menara kembar di sisi kiri dan kanan masjid setinggi 81 meter yang selalu dibuka untuk umum setiap hari Sabtu dan Minggu. Atap masjid diganti dari atap joglo menjadi satu kubah besar pada atap tengah dan yang lebih kecil pada atap kiri-kanan masjid serta dinding masjid terbuat dari batu alam kualitas tinggi. Kini luas tanah keseluruhan masjid adalah 23.448 m² dengan luas bangunan 8.575 m² dan dapat menampung sekitar 13.000 jamaah.",Tempat Ibadah,Bandung,0,4.7,https://lh5.googleusercontent.com/p/AF1QipPkmD5kZ_2YGI7KyXH015QoZ4guIoc5XbJ5kbt0=w408-h272-k-no,"https://www.google.com/maps/place/Grand+Mosque+of+Bandung/@-6.9216897,107.6061399,17z/data=!3m1!4b1!4m6!3m5!1s0x2e68e625bd2312d5:0xfc2c9204afbcbb9f!8m2!3d-6.9216897!4d107.6061399!16s%2Fg%2F11b6f6mr9_?entry=ttu","Masjid Raya Bandung Tempat Ibadah Bandung Masjid Raya Bandung Provinsi Jawa Barat, yang dulu dikenal dengan nama Masjid Agung Bandung adalah masjid yang berada di Kota Bandung, Jawa Barat, Indonesia. Status masjid ini adalah sebagai masjid provinsi bagi Jawa Barat. Masjid ini pertama dibangun tahun 1810, dan sejak didirikannya, Masjid Agung telah mengalami delapan kali perombakan pada abad ke-19, kemudian lima kali pada abad 20 sampai akhirnya direnovasi lagi pada tahun 2001 sampai peresmian Masjid Raya Bandung 4 Juni 2003 yang diresmikan oleh Gubernur Jabar saat itu, H.R. Nuriana. Masjid baru ini, yang bercorak Arab, menggantikan Masjid Agung yang lama, yang bercorak khas Sunda.\nMasjid Raya Bandung, seperti yang kita lihat sekarang, terdapat dua menara kembar di sisi kiri dan kanan masjid setinggi 81 meter yang selalu dibuka untuk umum setiap hari Sabtu dan Minggu. Atap masjid diganti dari atap joglo menjadi satu kubah besar pada atap tengah dan yang lebih kecil pada atap kiri-kanan masjid serta dinding masjid terbuat dari batu alam kualitas tinggi. Kini luas tanah keseluruhan masjid adalah 23.448 m² dengan luas bangunan 8.575 m² dan dapat menampung sekitar 13.000 jamaah.",masjid raya bandung ibadah bandung masjid raya bandung provinsi jawa barat  kenal nama masjid agung bandung masjid kota bandung  jawa barat  indonesia  status masjid masjid provinsi jawa barat  masjid bangun 1810  diri  masjid agung alami delapan kali ombak abad ke-19  kali abad 20 renovasi 2001 resmi masjid raya bandung 4 juni 2003 resmi gubernur jabar  h r  nuriana  masjid  corak arab  ganti masjid agung  corak khas sunda nmasjid raya bandung  lihat  menara kembar sisi kiri kanan masjid 81 meter buka sabtu minggu  atap masjid ganti atap joglo kubah atap atap kiri-kanan masjid dinding masjid buat batu alam kualitas  luas tanah masjid 23 448 m luas bangun 8 575 m tampung 13 000 jamaah
224,Dago Dreampark,Dago Dreampark merupakan wisata kekinian di Kota Bandung dengan luas 13 hektar yang mengusung konsep Jawa - Sunda & Bali dengan dilengkapi berbagai fasilitas & wahana yang menarik.,Taman Hiburan,Bandung,40000,4.2,https://lh5.googleusercontent.com/p/AF1QipOSTQ0ir0E-rsVu9HU2metv0PooYkf0ssTsGb3q=w408-h272-k-no,"https://www.google.com/maps/place/Dago+Dreampark/@-6.8486423,107.625939,17z/data=!3m1!4b1!4m6!3m5!1s0x2e68e72b74834179:0x3e7cac47b7036e5f!8m2!3d-6.8486423!4d107.625939!16s%2Fg%2F11b_23qvxh?entry=ttu",Dago Dreampark Taman Hiburan Bandung Dago Dreampark merupakan wisata kekinian di Kota Bandung dengan luas 13 hektar yang mengusung konsep Jawa - Sunda & Bali dengan dilengkapi berbagai fasilitas & wahana yang menarik.,dago dreampark taman hibur bandung dago dreampark wisata kini kota bandung luas 13 hektar usung konsep jawa - sunda  bal lengkap fasilitas  wahana tarik
225,Orchid Forest Cikole,"Orchid Forest Cikole Lembang sudah berdiri sejak Agustus tahun 2017. Tempat ini merupakan taman anggrek terluas di Indonesia. Berada di tengah kawasan hutan lindung dan terbentang seluas 12 hektar. Setidaknya terdapat 157 jenis bunga anggrek beraneka macam dikembangkan di sini. Orchid Forest Cikole Bandung memfokuskan diri untuk memperkenalkan dan membudidayakan berbagai tanaman anggrek. Menggunakan metode lokal maupun internasional. Spesies Anggreknya tidak hanya berasal dari Indonesia yang memang merupakan negara kedua terbanyak memiliki varian anggrek. Tanaman anggrek di Orchid Forest juga berasal dari negara lain, seperti Venezuela, Argentina, Filipina, Peru, dan Amerika serikat.",Taman Hiburan,Bandung,50000,4.6,https://lh5.googleusercontent.com/p/AF1QipMUGw2bMWBgOChl9-VlJADGuGHTAFBGkjgbbKAK=w426-h240-k-no,"https://www.google.com/maps/place/Orchid+Forest+Cikole/@-6.780493,107.637475,17z/data=!3m1!4b1!4m6!3m5!1s0x2e68e038e1a71607:0x79f858778d1e2e62!8m2!3d-6.780493!4d107.637475!16s%2Fg%2F1pzwq8br7?entry=ttu","Orchid Forest Cikole Taman Hiburan Bandung Orchid Forest Cikole Lembang sudah berdiri sejak Agustus tahun 2017. Tempat ini merupakan taman anggrek terluas di Indonesia. Berada di tengah kawasan hutan lindung dan terbentang seluas 12 hektar. Setidaknya terdapat 157 jenis bunga anggrek beraneka macam dikembangkan di sini. Orchid Forest Cikole Bandung memfokuskan diri untuk memperkenalkan dan membudidayakan berbagai tanaman anggrek. Menggunakan metode lokal maupun internasional. Spesies Anggreknya tidak hanya berasal dari Indonesia yang memang merupakan negara kedua terbanyak memiliki varian anggrek. Tanaman anggrek di Orchid Forest juga berasal dari negara lain, seperti Venezuela, Argentina, Filipina, Peru, dan Amerika serikat.",orchid forest cikole taman hibur bandung orchid forest cikole lembang diri agustus 2017 taman anggrek luas indonesia  kawasan hutan lindung bentang luas 12 hektar  157 jenis bunga anggrek aneka kembang  orchid forest cikole bandung fokus kenal membudidayakan tanam anggrek  metode lokal internasional  spesies anggrek asal indonesia negara milik varian anggrek  tanam anggrek orchid forest asal negara  venezuela  argentina  filipina  peru  amerika serikat
226,Kawasan Punclut,"Punclut yang merupakan singkatan dari Puncak Ciumbuleuit adalah salah satu kawasan yang terletak di sebelah utara Kota Bandung. Kawasan ini terletak 7 kilometer dari pusat kota Bandung. Pada akhir pekan, kawasan Punclut dipenuhi oleh wisatawan yang datang untuk berwisata dan menikmati pemandangan Kota Bandung. Banyak warga maupun wisatawan yang menggunakan kawasan ini untuk melakukan jalan atau olahraga pagi setiap hari Minggu.",Taman Hiburan,Bandung,20000,4.5,https://lh5.googleusercontent.com/p/AF1QipOpteBjCfGWKU-B_GT-kLbUtMGtV7uAfT4aNxbr=w408-h306-k-no,"https://www.google.com/maps/place/Kawasan+Punclut/@-6.8429997,107.6221136,17z/data=!3m1!4b1!4m6!3m5!1s0x2e68e0d771cfbc5b:0xeaea009c260c63bf!8m2!3d-6.8429997!4d107.6221136!16s%2Fm%2F010lxfmg?entry=ttu","Kawasan Punclut Taman Hiburan Bandung Punclut yang merupakan singkatan dari Puncak Ciumbuleuit adalah salah satu kawasan yang terletak di sebelah utara Kota Bandung. Kawasan ini terletak 7 kilometer dari pusat kota Bandung. Pada akhir pekan, kawasan Punclut dipenuhi oleh wisatawan yang datang untuk berwisata dan menikmati pemandangan Kota Bandung. Banyak warga maupun wisatawan yang menggunakan kawasan ini untuk melakukan jalan atau olahraga pagi setiap hari Minggu.",kawasan punclut taman hibur bandung punclut singkat puncak ciumbuleuit salah kawasan letak belah utara kota bandung  kawasan letak 7 kilometer pusat kota bandung  pekan  kawasan punclut penuh wisatawan wisata nikmat pandang kota bandung  warga wisatawan kawasan jalan olahraga pagi minggu
227,Alun-Alun Kota Bandung,Alun-alun Bandung adalah pusat kota Bandung yang dicirikan oleh sebidang tanah yang luas. Di sekelilingnya ada bangunan-bangunan fungsional. Tempatnya ada di dekat Grote Postweg.,Taman Hiburan,Bandung,0,4.6,https://lh5.googleusercontent.com/p/AF1QipOicfTLyNPy7yY-PrA1bkndgKMP_0rDpJUcOgKQ=w408-h272-k-no,"https://www.google.com/maps/place/Alun-Alun+Bandung/@-6.9218295,107.6070623,17z/data=!3m1!4b1!4m6!3m5!1s0x2e68e89dbe0ec231:0x177412aac90cd065!8m2!3d-6.9218295!4d107.6070623!16s%2Fg%2F1219y3hj?entry=ttu",Alun-Alun Kota Bandung Taman Hiburan Bandung Alun-alun Bandung adalah pusat kota Bandung yang dicirikan oleh sebidang tanah yang luas. Di sekelilingnya ada bangunan-bangunan fungsional. Tempatnya ada di dekat Grote Postweg.,alun kota bandung taman hibur bandung alun bandung pusat kota bandung ciri bidang tanah luas  keliling bangun fungsional  tempat grote postweg
228,Museum Sri Baduga,"Museum Sri Baduga merupakan sebuah museum yang terletak di kota Bandung, Jawa Barat, Indonesia.\nMuseum ini dikelola oleh pemerintah provinsi Jawa Barat, yang mulai didirikan pada tahun 1974 dengan memanfaatkan bangunan lama bekas Kawedanan Tegallega, yang kemudian diresmikan pada tanggal 5 Juni 1980 oleh Menteri Pendidikan dan Kebudayaan waktu itu, Daoed Joesoef.\nPenamaan museum ini diambil dari gelar salah seorang raja Pajajaran, Sri Baduga Maharaja sebagaimana tertulis pada Prasasti Batutulis. Dan kemudian ditetapkan melalui Kepmendikbud nomor 02223/0/1990 tanggal 4 April 1990.
",Budaya,Bandung,3000,4.5,https://lh5.googleusercontent.com/p/AF1QipO59NtDa8j5eqiCFpI0kqwSX-ZPo2WjjmKqAi5p=w426-h240-k-no,"https://www.google.com/maps/place/Sri+Baduga+Museum/@-6.9376435,107.6034883,17z/data=!3m1!4b1!4m6!3m5!1s0x2e68e899f41b0e7d:0xc6af38b146fd23ac!8m2!3d-6.9376435!4d107.6034883!16s%2Fg%2F1215_g1l?entry=ttu","Museum Sri Baduga Budaya Bandung Museum Sri Baduga merupakan sebuah museum yang terletak di kota Bandung, Jawa Barat, Indonesia.\nMuseum ini dikelola oleh pemerintah provinsi Jawa Barat, yang mulai didirikan pada tahun 1974 dengan memanfaatkan bangunan lama bekas Kawedanan Tegallega, yang kemudian diresmikan pada tanggal 5 Juni 1980 oleh Menteri Pendidikan dan Kebudayaan waktu itu, Daoed Joesoef.\nPenamaan museum ini diambil dari gelar salah seorang raja Pajajaran, Sri Baduga Maharaja sebagaimana tertulis pada Prasasti Batutulis. Dan kemudian ditetapkan melalui Kepmendikbud nomor 02223/0/1990 tanggal 4 April 1990.
",museum sri baduga budaya bandung museum sri baduga museum letak kota bandung  jawa barat  indonesia nmuseum kelola perintah provinsi jawa barat  diri 1974 manfaat bangun bekas kawedanan tegallega  resmi tanggal 5 juni 1980 menteri didik budaya  daoed joesoef npenamaan museum ambil gelar salah raja pajajaran  sri baduga maharaja tulis prasasti batutulis  tetap kepmendikbud nomor 02223 0 1990 tanggal 4 april 1990
229,Rabbit Town,"Rabbit Town Bandung merupakan salah satu wisata unik di Bandung yang didirikan pada 11 Januari 2018. Tempat wisata yang menjadikan hewan kelinci sebagai ikon utama. Pada seluruh dekorasi dibuat dengan tampilan selucu mungkin dan juga menampilkan berbagai jenis kelinci lucu. Pengunjung yang tertarik dengan hewan ini bisa membawa pulang kelinci dengan membelinya terlebih dahulu. Tempat wisata ini dimiliki oleh CEO Chairman Kaum Group yaitu Pak Henry Husada. Pak Henry sendiri dengan sengaja menjadikan salah satu rumahnya yang memiliki luas dua hektar dengan 30 kamar, dibangun sebuah objek wisata unik. Selain adanya spesies kelinci, tempat ini juga menyuguhkan spot foto bagus. Tak hanya itu, di dalam wisata ini juga terdapat beberapa wahana untuk anak-anak sehingga bagi pengunjung yang membawa serta anaknya akan merasa betah berlama-lama.",Taman Hiburan,Bandung,45000,3.7,https://lh5.googleusercontent.com/p/AF1QipO86WBChGyPAiErI-s4ywAYHjBtP5Y3kV6_B26R=w408-h544-k-no,"https://www.google.com/maps/place/Armor+Genuine+Rabbit+Town/@-6.8668843,107.6100117,17z/data=!3m1!4b1!4m6!3m5!1s0x2e68e7ffdb454651:0xd49649b7b58fff7c!8m2!3d-6.8668843!4d107.6100117!16s%2Fg%2F11r9qbb5hj?entry=ttu","Rabbit Town Taman Hiburan Bandung Rabbit Town Bandung merupakan salah satu wisata unik di Bandung yang didirikan pada 11 Januari 2018. Tempat wisata yang menjadikan hewan kelinci sebagai ikon utama. Pada seluruh dekorasi dibuat dengan tampilan selucu mungkin dan juga menampilkan berbagai jenis kelinci lucu. Pengunjung yang tertarik dengan hewan ini bisa membawa pulang kelinci dengan membelinya terlebih dahulu. Tempat wisata ini dimiliki oleh CEO Chairman Kaum Group yaitu Pak Henry Husada. Pak Henry sendiri dengan sengaja menjadikan salah satu rumahnya yang memiliki luas dua hektar dengan 30 kamar, dibangun sebuah objek wisata unik. Selain adanya spesies kelinci, tempat ini juga menyuguhkan spot foto bagus. Tak hanya itu, di dalam wisata ini juga terdapat beberapa wahana untuk anak-anak sehingga bagi pengunjung yang membawa serta anaknya akan merasa betah berlama-lama.",rabbit town taman hibur bandung rabbit town bandung salah wisata unik bandung diri 11 januari 2018 wisata jadi hewan kelinci ikon utama  dekorasi tampil lucu tampil jenis kelinci lucu  unjung tarik hewan bawa pulang kelinci bel  wisata milik ceo chairman kaum group henry husada  henry sengaja jadi salah rumah milik luas hektar 30 kamar  bangun objek wisata unik  spesies kelinci  suguh spot foto bagus   wisata wahana anak unjung bawa anak betah lama
230,Stone Garden Citatah,"Stone  Garden, adalah sebutan nama untuk hamparan tanah yang diisi oleh  formasi batuan tak beraturan yang indah dan membentuk taman alam.Bandung  memiliki banyak wisata alam yang sangat luar biasa. Ternyata Bandung  memiliki wisata alam gua, yaitu Gua Pawon dan wisata Stone Garden. Gua  Pawon merupakan gua yang terbentuk pada zaman purba.Gua ini digunakan  oleh manusia purba sebagai tempat berlindung. Dan uniknya di atas Gua  Pawon terdapat hamparan bebatuan yang sangat indah dengan pemandangan  luar biasa dikenal dengan nama Stone Garden -Taman Batu. Tidak kalah  indah dengan wisata alam Tangkuban Perahu, Kawah Putih Ciwidey, dan Situ  Patengan merupakan kawasan wisata alam yang sering dikunjungi oleh  banyak wisatawan lokal maupun mancanegara. 
",Taman Hiburan,Bandung,30000,4.4,https://lh5.googleusercontent.com/p/AF1QipOe8BXsENYiRQvzaR1BsWoRHdL-_fgSI69f6MBY=w426-h240-k-no,"https://www.google.com/maps/place/Stone+Garden+Citatah/@-6.8244669,107.438256,17z/data=!3m1!4b1!4m6!3m5!1s0x2e68fc59a3dab8ed:0x720ec8a7685d9ca3!8m2!3d-6.8244669!4d107.438256!16s%2Fg%2F11cl_54f46?entry=ttu","Stone Garden Citatah Taman Hiburan Bandung Stone  Garden, adalah sebutan nama untuk hamparan tanah yang diisi oleh  formasi batuan tak beraturan yang indah dan membentuk taman alam.Bandung  memiliki banyak wisata alam yang sangat luar biasa. Ternyata Bandung  memiliki wisata alam gua, yaitu Gua Pawon dan wisata Stone Garden. Gua  Pawon merupakan gua yang terbentuk pada zaman purba.Gua ini digunakan  oleh manusia purba sebagai tempat berlindung. Dan uniknya di atas Gua  Pawon terdapat hamparan bebatuan yang sangat indah dengan pemandangan  luar biasa dikenal dengan nama Stone Garden -Taman Batu. Tidak kalah  indah dengan wisata alam Tangkuban Perahu, Kawah Putih Ciwidey, dan Situ  Patengan merupakan kawasan wisata alam yang sering dikunjungi oleh  banyak wisatawan lokal maupun mancanegara. 
",stone garden cita taman hibur bandung stone garden  sebut nama hampar tanah isi formasi batu atur indah bentuk taman alam bandung milik wisata alam  bandung milik wisata alam gua  gua pawon wisata stone garden  gua pawon gua bentuk zaman purba gua manusia purba lindung  unik gua pawon hampar bebatuan indah pandang kenal nama stone garden -taman batu  kalah indah wisata alam tangkuban perahu  kawah putih ciwidey  situ patengan kawasan wisata alam kunjung wisatawan lokal mancanegara
231,The Great Asia Africa,"Kota Bandung tampaknya tidak pernah kehabisan ide kreatif dalam mengembangkan destinasi wisata. Berbagai tujuan berlibur tersedia di sini, mulai dari wisata kuliner, sejarah, hingga edukasi. Kemasannya pun dengan cara yang unik dan menarik, seperti yang ada di The Great Asia Africa. Kawasan wisata teranyar di Lembang ini menawarkan pengalaman menjelajahi beberapa negara di dua benua, selaras dengan namanya.",Taman Hiburan,Bandung,50000,4.5,https://lh5.googleusercontent.com/p/AF1QipPmF7_J1GI3ObxmTxr-DajACQO_TlUSlM0sUPuR=w408-h544-k-no,"https://www.google.com/maps/place/The+Great+Asia+Africa/@-6.8329768,107.6044676,17z/data=!3m1!4b1!4m6!3m5!1s0x2e68e15afd2a93ad:0xad35b2a8d387f68e!8m2!3d-6.8329768!4d107.6044676!16s%2Fg%2F11j40w1gcp?entry=ttu","The Great Asia Africa Taman Hiburan Bandung Kota Bandung tampaknya tidak pernah kehabisan ide kreatif dalam mengembangkan destinasi wisata. Berbagai tujuan berlibur tersedia di sini, mulai dari wisata kuliner, sejarah, hingga edukasi. Kemasannya pun dengan cara yang unik dan menarik, seperti yang ada di The Great Asia Africa. Kawasan wisata teranyar di Lembang ini menawarkan pengalaman menjelajahi beberapa negara di dua benua, selaras dengan namanya.",the great asia africa taman hibur bandung kota bandung habis ide kreatif kembang destinasi wisata  tuju libur sedia  wisata kuliner  sejarah  edukasi  kemas unik tarik  the great asia africa  kawasan wisata anyar lembang tawar alam jajah negara benua  selaras nama
232,Bukit Moko,"Bandung sebagai destinasi wisata tak pernah ada habisnya. Didukung dengan lanskap yang cantik, kawasan Bandung mampu menarik perhatian wisatawan. Baik dari segi alam, budaya, kuliner, dan seni kreatif secara bersamaan. Dari sekian banyak tempat wisata yang tersedia, Bukit Moko Bandung menjadi salah satu yang cukup populer namanya dalam beberapa tahun belakangan. Berada di ketinggian sekitar 1500 mdpl, Bukit Moko memiliki cuaca yang sejuk. Bagi pengunjung yang tidak biasa di cuaca ini, ada baiknya membawa jaket tebal apalagi jika datang saat musim penghujan.",Cagar Alam,Bandung,25000,4.5,https://lh5.googleusercontent.com/p/AF1QipP8on4SWsufBtHrH3tLHgj4ug5bPJFOp0IVP20D=w533-h240-k-no,"https://www.google.com/maps/place/Bukit+Moko/@-6.8421463,107.67683,17z/data=!3m1!4b1!4m6!3m5!1s0x2e68ddfdf6797443:0x86df2e31f3f65628!8m2!3d-6.8421463!4d107.67683!16s%2Fg%2F11b7tn7ry3?entry=ttu","Bukit Moko Cagar Alam Bandung Bandung sebagai destinasi wisata tak pernah ada habisnya. Didukung dengan lanskap yang cantik, kawasan Bandung mampu menarik perhatian wisatawan. Baik dari segi alam, budaya, kuliner, dan seni kreatif secara bersamaan. Dari sekian banyak tempat wisata yang tersedia, Bukit Moko Bandung menjadi salah satu yang cukup populer namanya dalam beberapa tahun belakangan. Berada di ketinggian sekitar 1500 mdpl, Bukit Moko memiliki cuaca yang sejuk. Bagi pengunjung yang tidak biasa di cuaca ini, ada baiknya membawa jaket tebal apalagi jika datang saat musim penghujan.",bukit moko cagar alam bandung bandung destinasi wisata habis  dukung lanskap cantik  kawasan bandung tarik perhati wisatawan  segi alam  budaya  kuliner  seni kreatif sama  sekian wisata sedia  bukit moko bandung salah populer nama  tinggi 1500 mdpl  bukit moko milik cuaca sejuk  unjung cuaca  baik bawa jaket tebal musim hujan
233,Gunung Papandayan,"Gunung Papandayan adalah gunung api strato yang terletak di Kabupaten Garut, Jawa Barat tepatnya di Kecamatan Cisurupan. Gunung dengan ketinggian 2665 meter di atas permukaan laut itu terletak sekitar 70 km sebelah tenggara Kota Bandung.\nPada Gunung Papandayan, terdapat beberapa kawah yang terkenal. Di antaranya Kawah Mas, Kawah Baru, Kawah Nangklak, dan Kawah Manuk. Kawah-kawah tersebut mengeluarkan uap dari sisi dalamnya.\nTopografi di dalam kawasan curam, berbukit dan bergunung serta terdapat tebing yang terjal. Menurut kalisifikasi Schmidt dan Ferguson termasuk type iklim B, dengan curah hujan rata-rata 3.000 mm/thn, kelembaban udara 70 – 80 % dan temperatur 10 °C.",Cagar Alam,Bandung,30000,4.6,https://lh5.googleusercontent.com/p/AF1QipM29AJJMbO2TJ-4Sh2w_7hGQbg2NdMtrUd8x8x-=w408-h272-k-no,"https://www.google.com/maps/place/Mt+Papandayan/@-7.3193251,107.7310494,14z/data=!3m1!4b1!4m6!3m5!1s0x2e68a3d92fef0d13:0x32fef13d99e37776!8m2!3d-7.3193253!4d107.7310494!16s%2Fm%2F02779ps?entry=ttu","Gunung Papandayan Cagar Alam Bandung Gunung Papandayan adalah gunung api strato yang terletak di Kabupaten Garut, Jawa Barat tepatnya di Kecamatan Cisurupan. Gunung dengan ketinggian 2665 meter di atas permukaan laut itu terletak sekitar 70 km sebelah tenggara Kota Bandung.\nPada Gunung Papandayan, terdapat beberapa kawah yang terkenal. Di antaranya Kawah Mas, Kawah Baru, Kawah Nangklak, dan Kawah Manuk. Kawah-kawah tersebut mengeluarkan uap dari sisi dalamnya.\nTopografi di dalam kawasan curam, berbukit dan bergunung serta terdapat tebing yang terjal. Menurut kalisifikasi Schmidt dan Ferguson termasuk type iklim B, dengan curah hujan rata-rata 3.000 mm/thn, kelembaban udara 70 – 80 % dan temperatur 10 °C.",gunung papandayan cagar alam bandung gunung papandayan gunung api strato letak kabupaten garut  jawa barat tepat camat cisurupan  gunung tinggi 2665 meter muka laut letak 70 km belah tenggara kota bandung npada gunung papandayan  kawah kenal  kawah mas  kawah  kawah nangklak  kawah manuk  kawah keluar uap sisi dalam ntopografi kawasan curam  bukit gunung tebing terjal  kalisifikasi schmidt ferguson type iklim b  curah hujan rata 3 000 mm thn  kelembaban udara 70  80  temperatur 10 c
234,Amazing Art World,"Amazing Art World Bandung, sebuah objek wisata yang terletak di Bandung, yang menegaskan bahwa destinasi wisata itu bukan hanya sekedar tentang pantai, air terjun, atau wisata alam lainnya saja. Hasil karya lukisanpun ternyata mampu menjadi sebuah destinasi wisata yang sangat menyenangkan. Apalagi lukisan 3D, selain keren, tetapi mampu membuat manipulasi bagi mata para pengunjung. Luasnya Amazing Art World Bandung menjadikannya sebagai salah-satu museum lukisan 3D terbesar, bukan hanya di tingkat nasional, tetapi di dunia.",Budaya,Bandung,75000,4.5,https://lh5.googleusercontent.com/p/AF1QipP_IH6zf7J-IlmQbILVL77pXELE4IhOnOqZ_mCh=w408-h292-k-no,"https://www.google.com/maps/place/Amazing+Artgames/@-6.8516591,107.5955534,17z/data=!3m1!4b1!4m6!3m5!1s0x2e68e6b7bbae1b27:0x50f1993e2ce7327!8m2!3d-6.8516591!4d107.5955534!16s%2Fg%2F11c52gs7hg?entry=ttu","Amazing Art World Budaya Bandung Amazing Art World Bandung, sebuah objek wisata yang terletak di Bandung, yang menegaskan bahwa destinasi wisata itu bukan hanya sekedar tentang pantai, air terjun, atau wisata alam lainnya saja. Hasil karya lukisanpun ternyata mampu menjadi sebuah destinasi wisata yang sangat menyenangkan. Apalagi lukisan 3D, selain keren, tetapi mampu membuat manipulasi bagi mata para pengunjung. Luasnya Amazing Art World Bandung menjadikannya sebagai salah-satu museum lukisan 3D terbesar, bukan hanya di tingkat nasional, tetapi di dunia.",amazing art world budaya bandung amazing art world bandung  objek wisata letak bandung  destinasi wisata dar pantai  air terjun  wisata alam  hasil karya lukis destinasi wisata senang  lukis 3d  keren  manipulasi mata unjung  luas amazing art world bandung jadi salah-satu museum lukis 3d besar  tingkat nasional  dunia
235,Gua Belanda,"Gua Belanda Bandung merupakan sebuah gua yang berada dalam kawasan yang sekarang ditetapkan sebagai Taman Hutan Raya Ir. H. Djuanda adalah bentangan pegunungan dari Barat sampai ke Timur yang merupakan “tangki air raksasa alamiah” untuk cadangan di musim kemarau. Di daerah Aliran Sungai Cikapundung yang ada di Taman Hutan Raya Ir. H. Djuanda pada masa pendudukan Belanda dibangun Pembangkit Listrik Tenaga Air (PLTA) Bengkok yang merupakan PLTA pertama di Indonesia pada tahun 1918, dimana terowongan tersebut melewati Perbukitan batu pasir tufaan.",Cagar Alam,Bandung,15000,4.5,https://lh5.googleusercontent.com/p/AF1QipNP9W9RpYbAc2LliipMFZUzLcx-wJm0QVisldHD=w408-h306-k-no,"https://www.google.com/maps/place/Gua+Belanda/@-6.8544594,107.6377907,17z/data=!3m1!4b1!4m6!3m5!1s0x2e68e730e42888e5:0x5f13719c88214ae3!8m2!3d-6.8544594!4d107.6377907!16s%2Fg%2F11c58njh9d?entry=ttu","Gua Belanda Cagar Alam Bandung Gua Belanda Bandung merupakan sebuah gua yang berada dalam kawasan yang sekarang ditetapkan sebagai Taman Hutan Raya Ir. H. Djuanda adalah bentangan pegunungan dari Barat sampai ke Timur yang merupakan “tangki air raksasa alamiah” untuk cadangan di musim kemarau. Di daerah Aliran Sungai Cikapundung yang ada di Taman Hutan Raya Ir. H. Djuanda pada masa pendudukan Belanda dibangun Pembangkit Listrik Tenaga Air (PLTA) Bengkok yang merupakan PLTA pertama di Indonesia pada tahun 1918, dimana terowongan tersebut melewati Perbukitan batu pasir tufaan.",gua belanda cagar alam bandung gua belanda bandung gua kawasan tetap taman hutan raya ir  h djuanda bentang gunung barat timur  tangki air raksasa alamiah  cadang musim kemarau  daerah alir sungai cikapundung taman hutan raya ir  h djuanda duduk belanda bangun bangkit listrik tenaga air  plta  bengkok plta indonesia 1918  mana terowongan lewat bukit batu pasir tufa
236,Taman Balai Kota Bandung,"Taman Balai Kota Bandung merupakan sebuah taman kota yang terletak di Kota Bandung. Taman ini berada di sebelah selatan Balai Kota Bandung. Saat ini, Taman Balai Kota Bandung terdiri dari dua taman yang menyatu, antara lain Taman Dewi Sartika dan Taman Badak. Kedua taman tersebut diresmikan oleh Walikota Bandung saat itu, Ridwan Kamil, pada tanggal 19 Desember 2017.
",Taman Hiburan,Bandung,0,4.6,https://lh5.googleusercontent.com/p/AF1QipObZC_PDSCHaLaoBl97nEyJZKSEId1MUdPZRdIg=w408-h408-k-no,"https://www.google.com/maps/place/Taman+Balai+Kota+Bandung/@-6.9128301,107.6097488,17z/data=!3m1!4b1!4m6!3m5!1s0x2e68e630aea2b7ed:0xc8491de085a0b144!8m2!3d-6.9128301!4d107.6097488!16s%2Fg%2F11h3dq35nd?entry=ttu","Taman Balai Kota Bandung Taman Hiburan Bandung Taman Balai Kota Bandung merupakan sebuah taman kota yang terletak di Kota Bandung. Taman ini berada di sebelah selatan Balai Kota Bandung. Saat ini, Taman Balai Kota Bandung terdiri dari dua taman yang menyatu, antara lain Taman Dewi Sartika dan Taman Badak. Kedua taman tersebut diresmikan oleh Walikota Bandung saat itu, Ridwan Kamil, pada tanggal 19 Desember 2017.
",taman balai kota bandung taman hibur bandung taman balai kota bandung taman kota letak kota bandung  taman belah selatan balai kota bandung   taman balai kota bandung taman satu  taman dewi sartika taman badak  taman resmi walikota bandung  ridwan kamil  tanggal 19 desember 2017
237,Panghegar Waterboom Bandung,"Panghegar Waterboom Bandung merupakan salah satu destinasi wisata yang wajib dikunjungi bagi wisatawan yang hendak mengajak buah hatinya bermain air. Terletak di Buah Batu, lokasi ini kerap kali diincar saat akhir pekan. Tak hanya menyuguhkan kolam renang, tempat ini juga menyediakan berbagai wahana menarik yang sayang jika dilewatkan. Terdiri dari seluncuran air yang dibagi untuk 2 kategori yaitu seluncuran orang dewasa dan seluncuran anak-anak. Destinasi rekreasi keluarga menawarkan beragam kegiatan seru, baik untuk anak-anak maupun dewasa. Terdapat beberapa jenis kolam yang bisa dicoba: kolam ombak, kolam mini, kolam arus, dan lain sebagainya. Ada pun yang paling baru di Panghegar Waterboom Bandung yaitu kolam air panas yang disajikan bagi wisatawan yang hendak berendam.",Taman Hiburan,Bandung,75000,4.4,https://lh5.googleusercontent.com/p/AF1QipPJ3F3nmDIYpNTukwWm1bFd2Ax62Kby-iaVpjR_=w426-h240-k-no,"https://www.google.com/maps/place/Panghegar+Waterboom/@-6.9614032,107.6227321,17z/data=!3m1!4b1!4m6!3m5!1s0x2e68e89dd17b0993:0xdcb9c2ca3f67653a!8m2!3d-6.9614032!4d107.6227321!16s%2Fg%2F11b7hfntgy?entry=ttu","Panghegar Waterboom Bandung Taman Hiburan Bandung Panghegar Waterboom Bandung merupakan salah satu destinasi wisata yang wajib dikunjungi bagi wisatawan yang hendak mengajak buah hatinya bermain air. Terletak di Buah Batu, lokasi ini kerap kali diincar saat akhir pekan. Tak hanya menyuguhkan kolam renang, tempat ini juga menyediakan berbagai wahana menarik yang sayang jika dilewatkan. Terdiri dari seluncuran air yang dibagi untuk 2 kategori yaitu seluncuran orang dewasa dan seluncuran anak-anak. Destinasi rekreasi keluarga menawarkan beragam kegiatan seru, baik untuk anak-anak maupun dewasa. Terdapat beberapa jenis kolam yang bisa dicoba: kolam ombak, kolam mini, kolam arus, dan lain sebagainya. Ada pun yang paling baru di Panghegar Waterboom Bandung yaitu kolam air panas yang disajikan bagi wisatawan yang hendak berendam.",panghegar waterboom bandung taman hibur bandung panghegar waterboom bandung salah destinasi wisata wajib kunjung wisatawan ajak buah hati main air  letak buah batu  lokasi kerap kali incar pekan  suguh kolam renang  sedia wahana tarik sayang lewat  seluncur air bagi 2 kategori seluncur orang dewasa seluncur anak  destinasi rekreasi keluarga tawar agam giat seru  anak dewasa  jenis kolam coba  kolam ombak  kolam mini  kolam arus   panghegar waterboom bandung kolam air panas saji wisatawan rendam
238,Gunung Manglayang,"Gunung Manglayang adalah sebuah gunung bertipe Stratovolcano yang terletak di antara Kota Bandung dan Kabupaten Sumedang, Jawa Barat, Indonesia dan memiliki ketinggian sekitar 1818 mdpl. Pemandangannya cukup indah, tetapi karena relatif tidak terlalu tinggi, sehingga kurang dikenal oleh pendaki-pendaki gunung pada umumnya.Dalam deretan gunung-gunung Burangrang – Tangkuban Perahu – Bukit Tunggul – Gunung Manglayang, Gunung Manglayang menjadi gunung yang terindah dari rangkaian keempat gunung tersebut. Mungkin itulah sebabnya di kalangan para penggiat alam bebas, gunung ini sempat terlupakan terkecuali para penggiat alam bebas dari Bandung dan sekitarnya. Walaupun begitu, Gunung Manglayang tetap menawarkan pesona alamnya tersendiri.",Cagar Alam,Bandung,7500,4.6,https://lh5.googleusercontent.com/p/AF1QipM3HuPV1v76ElvIA3B1-zoYXKfy3yuMZ37sg9QM=w408-h306-k-no,"https://www.google.com/maps/place/Mount+Manglayang/@-6.876111,107.7436111,14z/data=!3m1!4b1!4m6!3m5!1s0x2e68dc66dab6a66b:0xd8de1b1abd7e6f84!8m2!3d-6.8761111!4d107.7436111!16s%2Fg%2F12qbh5mmg?entry=ttu","Gunung Manglayang Cagar Alam Bandung Gunung Manglayang adalah sebuah gunung bertipe Stratovolcano yang terletak di antara Kota Bandung dan Kabupaten Sumedang, Jawa Barat, Indonesia dan memiliki ketinggian sekitar 1818 mdpl. Pemandangannya cukup indah, tetapi karena relatif tidak terlalu tinggi, sehingga kurang dikenal oleh pendaki-pendaki gunung pada umumnya.Dalam deretan gunung-gunung Burangrang – Tangkuban Perahu – Bukit Tunggul – Gunung Manglayang, Gunung Manglayang menjadi gunung yang terindah dari rangkaian keempat gunung tersebut. Mungkin itulah sebabnya di kalangan para penggiat alam bebas, gunung ini sempat terlupakan terkecuali para penggiat alam bebas dari Bandung dan sekitarnya. Walaupun begitu, Gunung Manglayang tetap menawarkan pesona alamnya tersendiri.",gunung manglayang cagar alam bandung gunung manglayang gunung tipe stratovolcano letak kota bandung kabupaten sumedang  jawa barat  indonesia milik tinggi 1818 mdpl  pandang indah  relatif  kenal daki gunung umum dalam deret gunung burangrang  tangkuban perahu  bukit tunggul  gunung manglayang  gunung manglayang gunung indah rangkai empat gunung  kalang giat alam bebas  gunung lupa kecuali giat alam bebas bandung   gunung manglayang tawar pesona alam sendiri
239,Lembang Park & Zoo,"Di Lembang Park & Zoo ada 370 ekor satwa, lengkap dari berbagai jenis herbivora, karnivora, dan omnivora. Luas total tempat ini mencapai 20 hektar, namun baru 10 hektar yang dikembangkan. Sisanya akan dikembangkan sebagai wisata berkonsep safari. Di area safari tersebut, pengunjung bisa berkeliling menggunakan kendaraan untuk melihat satwa yang bebas dilepas di area tersebut.",Cagar Alam,Bandung,50000,4.7,https://lh5.googleusercontent.com/p/AF1QipMcbPVg8lGIMN7xBQdSvvURZUqjIlN1ZH2NH9M_=w408-h272-k-no,"https://www.google.com/maps/place/Lembang+Park+%26+Zoo/@-6.804196,107.5909134,17z/data=!3m1!4b1!4m6!3m5!1s0x2e68e1aad8ed4373:0x1b73fc926cc7fee6!8m2!3d-6.804196!4d107.5909134!16s%2Fg%2F11h519lmzt?entry=ttu","Lembang Park & Zoo Cagar Alam Bandung Di Lembang Park & Zoo ada 370 ekor satwa, lengkap dari berbagai jenis herbivora, karnivora, dan omnivora. Luas total tempat ini mencapai 20 hektar, namun baru 10 hektar yang dikembangkan. Sisanya akan dikembangkan sebagai wisata berkonsep safari. Di area safari tersebut, pengunjung bisa berkeliling menggunakan kendaraan untuk melihat satwa yang bebas dilepas di area tersebut.",lembang park  zoo cagar alam bandung lembang park  zoo 370 ekor satwa  lengkap jenis herbivora  karnivora  omnivora  luas total capai 20 hektar  10 hektar kembang  sisa kembang wisata konsep safari  area safari  unjung keliling kendara satwa bebas lepas area
240,Taman Lalu Lintas Ade Irma Suryani Nasution,"Taman Lalu-lintas Ade Irma Suryani adalah sebuah taman rekreasi yang ada di jantung kota Bandung, Jawa Barat, Indonesia. Selain sebagai taman dan tempat bermain, di sini juga dijadikan pusat latihan membaca rambu-rambu lalu lintas. Taman Lalu Lintas memiliki pengertian bahwa sebuah taman lalu lintas atau traffic taman anak-anak adalah sebuah taman di mana anak-anak dapat mempelajari aturan jalan . Sebuah taman lalu lintas juga disebut sebuah desa taman transportasi atau lalu lintas taman atau keselamatan tergantung pada lokal .Taman lalu lintas sering dibuat sebagai daya tarik dalam taman yang lebih besar . Dalam kasus lain, mereka sekali pakai taman dan sering dalam skala kecil . Mereka dapat ditemukan di daerah perkotaan maupun pedesaan .",Taman Hiburan,Bandung,7000,4.4,https://lh5.googleusercontent.com/p/AF1QipOr0bH6EAdjVy-1ORs7n3Kb6VgzmW9Gvn_f_xZQ=w408-h407-k-no,"https://www.google.com/maps/place/Ade+Irma+Suryani+Nasution+Traffic+Garden/@-6.911211,107.6133389,17z/data=!3m1!4b1!4m6!3m5!1s0x2e68e636e8c7889b:0xda87790f9febae9f!8m2!3d-6.911211!4d107.6133389!16s%2Fg%2F122blz3v?entry=ttu","Taman Lalu Lintas Ade Irma Suryani Nasution Taman Hiburan Bandung Taman Lalu-lintas Ade Irma Suryani adalah sebuah taman rekreasi yang ada di jantung kota Bandung, Jawa Barat, Indonesia. Selain sebagai taman dan tempat bermain, di sini juga dijadikan pusat latihan membaca rambu-rambu lalu lintas. Taman Lalu Lintas memiliki pengertian bahwa sebuah taman lalu lintas atau traffic taman anak-anak adalah sebuah taman di mana anak-anak dapat mempelajari aturan jalan . Sebuah taman lalu lintas juga disebut sebuah desa taman transportasi atau lalu lintas taman atau keselamatan tergantung pada lokal .Taman lalu lintas sering dibuat sebagai daya tarik dalam taman yang lebih besar . Dalam kasus lain, mereka sekali pakai taman dan sering dalam skala kecil . Mereka dapat ditemukan di daerah perkotaan maupun pedesaan .",taman lintas ade irma suryani nasution taman hibur bandung taman lalu-lintas ade irma suryani taman rekreasi jantung kota bandung  jawa barat  indonesia  taman main  jadi pusat latih baca rambu lintas  taman lintas milik erti taman lintas traffic taman anak taman anak ajar atur jalan  taman lintas desa taman transportasi lintas taman selamat gantung lokal taman lintas daya tarik taman   pakai taman skala  temu daerah kota desa
241,Lawangwangi Creative Space,"Lawangwangi merupakan sebuah galeri seni dengan konsep retro modern. Mememadukan keindahan alam dan cita rasa kuliner. Hmm, bikin penasaran ya Teman Traveler. Lawangwangi Creative Space sebelumnya hanya sekedar menyediakan Lab Math dan Art Space bagi para pecinta dan penikmat seni. Pengunjung bisa menemukan sebuah ruangan khusus untuk memamerkan kreasi dari beragam seniman. Karya yang ditampilkan berbeda-beda tiap bulan. Namun galeri seni yang mulanya diprediksi dapat menarik banyak pengunjung, rupanya justru kurang diminati. Akhirnya dengan memadukan keindahan alam sekitar bangunan, dibangunlah sebuah kafe modern dengan nuansa seni.",Taman Hiburan,Bandung,0,4.5,https://lh5.googleusercontent.com/p/AF1QipPtHhYAe-bQtfgt18Xbqjo857UHY7vyFD0FHq3A=w408-h271-k-no,"https://www.google.com/maps/place/Lawangwangi+Creative+Space/@-6.8478549,107.6276827,17z/data=!3m1!4b1!4m6!3m5!1s0x2e68e72c81aca043:0x6ce8a874910cf837!8m2!3d-6.8478549!4d107.6276827!16s%2Fg%2F1pzss9d2q?entry=ttu","Lawangwangi Creative Space Taman Hiburan Bandung Lawangwangi merupakan sebuah galeri seni dengan konsep retro modern. Mememadukan keindahan alam dan cita rasa kuliner. Hmm, bikin penasaran ya Teman Traveler. Lawangwangi Creative Space sebelumnya hanya sekedar menyediakan Lab Math dan Art Space bagi para pecinta dan penikmat seni. Pengunjung bisa menemukan sebuah ruangan khusus untuk memamerkan kreasi dari beragam seniman. Karya yang ditampilkan berbeda-beda tiap bulan. Namun galeri seni yang mulanya diprediksi dapat menarik banyak pengunjung, rupanya justru kurang diminati. Akhirnya dengan memadukan keindahan alam sekitar bangunan, dibangunlah sebuah kafe modern dengan nuansa seni.",lawangwangi creative space taman hibur bandung lawangwangi galeri seni konsep retro modern  madu indah alam cita kuliner  hmm  bikin penasaran ya teman traveler  lawangwangi creative space dar sedia lab math art space cinta nikmat seni  unjung temu ruang khusus pamer kreasi agam seniman  karya tampil beda  galeri seni prediksi tarik unjung  mati  madu indah alam bangun  bangun kafe modern nuansa seni
242,Curug Dago,Curug Dago Kota Bandung Jawa Barat berada di ketinggian 800 meter di atas permukaan air laut dengan tinggi air terjun mencapai 12 meter. Air terjun ini terbentuk sebagai akibat aliran Sungai Cikapundung yang mengalir sepanjang area Maribaya hingga Kota Bandung. Curug Dago pakar Bandung punya nilai historis yang tinggi dengan jejak sejarah hingga Kerajaan Thailand. Alasannya adalah dengan adanya prasasti Kerajaan Thailand dari abad ke-18 yang bertuliskan nama Raja Chulalongkom III atau Rama V dari Kerajaan Thailand.,Cagar Alam,Bandung,12000,4.1,https://lh5.googleusercontent.com/p/AF1QipM7Ghuh9SGSn-jp_JF4IbGPj4JZZePNr6pXBZhX=w408-h306-k-no,"https://www.google.com/maps/place/Curug+Dago/@-6.8655225,107.6181878,17z/data=!3m1!4b1!4m6!3m5!1s0x2e68e6de2e06f0f1:0xe61f70cd002fbbb3!8m2!3d-6.8655225!4d107.6181878!16s%2Fg%2F122jdw0f?entry=ttu",Curug Dago Cagar Alam Bandung Curug Dago Kota Bandung Jawa Barat berada di ketinggian 800 meter di atas permukaan air laut dengan tinggi air terjun mencapai 12 meter. Air terjun ini terbentuk sebagai akibat aliran Sungai Cikapundung yang mengalir sepanjang area Maribaya hingga Kota Bandung. Curug Dago pakar Bandung punya nilai historis yang tinggi dengan jejak sejarah hingga Kerajaan Thailand. Alasannya adalah dengan adanya prasasti Kerajaan Thailand dari abad ke-18 yang bertuliskan nama Raja Chulalongkom III atau Rama V dari Kerajaan Thailand.,curug dago cagar alam bandung curug dago kota bandung jawa barat tinggi 800 meter muka air laut air terjun capai 12 meter  air terjun bentuk akibat alir sungai cikapundung alir area maribaya kota bandung  curug dago pakar bandung nilai historis jejak sejarah raja thailand  alas prasasti raja thailand abad ke-18 tulis nama raja chulalongkom iii rama v raja thailand
243,Kampung Korea Bandung,"Kampung Korea adalah sebuah kawasan di kota Bandung yang dibangun semirip mungkin dengan karakter kota Seoul di Korea Selatan. Tujuan pengembangan kawasan ini adalah sebagai bagian dari kegiatan sister city antara Bandung dengan Seol. Pembangunan dimulai pada tahun 2017 atas inisiatif Ridwan Kamil selaku wali kota Bandung saat itu.\nKeberadaan kampung korea ditujukan untuk meningkatkan pariwisata kota Bandung.
",Budaya,Bandung,15000,4.1,https://lh5.googleusercontent.com/p/AF1QipPHXYNZBLjP2lYZONr5F-L0iWdpgSD9iQnTwgoZ=w408-h306-k-no,"https://www.google.com/maps/place/KAMPUNG+KOREA+BANDUNG/@-6.9084533,107.6252648,14z/data=!4m10!1m2!2m1!1skampung+korea+bandung!3m6!1s0x2e68e72c4406a471:0x50f6b6915947b90a!8m2!3d-6.9156793!4d107.6406188!15sChVrYW1wdW5nIGtvcmVhIGJhbmR1bmdaFyIVa2FtcHVuZyBrb3JlYSBiYW5kdW5nkgEPY3VsdHVyYWxfY2VudGVymgEkQ2hkRFNVaE5NRzluUzBWSlEwRm5TVVJ4ZEdaTVVUZDNSUkFC4AEA!16s%2Fg%2F11hdpq7c0y?entry=ttu","Kampung Korea Bandung Budaya Bandung Kampung Korea adalah sebuah kawasan di kota Bandung yang dibangun semirip mungkin dengan karakter kota Seoul di Korea Selatan. Tujuan pengembangan kawasan ini adalah sebagai bagian dari kegiatan sister city antara Bandung dengan Seol. Pembangunan dimulai pada tahun 2017 atas inisiatif Ridwan Kamil selaku wali kota Bandung saat itu.\nKeberadaan kampung korea ditujukan untuk meningkatkan pariwisata kota Bandung.
",kampung korea bandung budaya bandung kampung korea kawasan kota bandung bangun mirip karakter kota seoul korea selatan  tuju kembang kawasan giat sister city bandung seol  bangun 2017 inisiatif ridwan kamil wali kota bandung itu nkeberadaan kampung korea tingkat pariwisata kota bandung
244,Kampung Batu Malakasari,"Kampung Batu Malakasari adalah sebuah tempat wisata yang didirikan di bekas penambangan batu. Di lokasi tersebut masih terlihat jelas pahatan-pahatan bekas penambangan Batu. Kini, di bekas penambangan batu itu terisi oleh air yang membentuk menjadi sebuah danau. Tempat wisata ini berkonsep wahana wisata pendidikan, petualangan dan kuliner. Biasanya sering dijadikan destinasi field trip sekolah-sekolah di sekitar Bandung. Berbagai wahana dan fasilitasnya sangat lengkap untuk menunjang program field trip sekolah-sekolah.
",Taman Hiburan,Bandung,10000,4.1,https://lh5.googleusercontent.com/p/AF1QipOf1aqNna1zJMj_S7UaU8j254X-YKuryMl9ivz5=w516-h240-k-no,"https://www.google.com/maps/place/Kampung+Batu+Malakasari+Ecopark/@-7.0093633,107.6069444,17z/data=!3m1!4b1!4m6!3m5!1s0x2e68e9629a85b063:0xd9692b1ae0a46add!8m2!3d-7.0093633!4d107.6069444!16s%2Fg%2F1tgldrcf?entry=ttu","Kampung Batu Malakasari Taman Hiburan Bandung Kampung Batu Malakasari adalah sebuah tempat wisata yang didirikan di bekas penambangan batu. Di lokasi tersebut masih terlihat jelas pahatan-pahatan bekas penambangan Batu. Kini, di bekas penambangan batu itu terisi oleh air yang membentuk menjadi sebuah danau. Tempat wisata ini berkonsep wahana wisata pendidikan, petualangan dan kuliner. Biasanya sering dijadikan destinasi field trip sekolah-sekolah di sekitar Bandung. Berbagai wahana dan fasilitasnya sangat lengkap untuk menunjang program field trip sekolah-sekolah.
",kampung batu malakasari taman hibur bandung kampung batu malakasari wisata diri bekas tambang batu  lokasi pahat bekas tambang batu   bekas tambang batu isi air bentuk danau  wisata konsep wahana wisata didik  tualang kuliner  jadi destinasi field trip sekolah bandung  wahana fasilitas lengkap tunjang program field trip sekolah
245,Jendela Alam,"Tidak hanya menikmati alam sekitar yang masih sejuk dan hijau, anak anda juga bisa mengikuti berbagai kegiatan edukasi yang bermanfaat. Berbagai kegiatan edukasi disediakan dan dirancang sedemikian rupa sehingga menarik buat keluarga. Kegiatan edukasi yang tersedia cocok untuk anak mulai dari usia TK sampai dengan SMA.",Taman Hiburan,Bandung,20000,4.5,https://lh5.googleusercontent.com/p/AF1QipM_S6G8xioFoXEUMbMQkxduttcc4tCpLwhMzHFg=w408-h306-k-no,"https://www.google.com/maps/place/Jendela+Alam/@-6.819371,107.596634,17z/data=!3m1!4b1!4m6!3m5!1s0x2e68e16cb94e611b:0x549ea88e56d1da8b!8m2!3d-6.819371!4d107.596634!16s%2Fg%2F11f2w6s1h6?entry=ttu","Jendela Alam Taman Hiburan Bandung Tidak hanya menikmati alam sekitar yang masih sejuk dan hijau, anak anda juga bisa mengikuti berbagai kegiatan edukasi yang bermanfaat. Berbagai kegiatan edukasi disediakan dan dirancang sedemikian rupa sehingga menarik buat keluarga. Kegiatan edukasi yang tersedia cocok untuk anak mulai dari usia TK sampai dengan SMA.",jendela alam taman hibur bandung nikmat alam sejuk hijau  anak ikut giat edukasi manfaat  giat edukasi sedia rancang rupa tarik keluarga  giat edukasi sedia cocok anak usia tk sma
246,Curug Tilu Leuwi Opat,"Curug Tilu Leuwi Opat merupakan salah satu wisata curug di Lembang. Tempatnya sendiri cukup luas. Disini ada area outbond, camping, dan tentunya wisata air terjun dan sungai. Area depan berupa lembah dengan sungai jernih. Biasanya outbond, camping, dan permainan dilakukan di area ini. Lokasi curug tilu leuwi opat sebenarnya bertetangga langsung dengan Dusun Bambu lho. Pernah ke dusun bambu? jika naik ke skywalk lutung kasarung, atau mengunjungi area camping, anda bisa melihat lembah yang berbatasan langsung dengan dusun bambu. Nah, lembah itu termasuk ke dalam area wisata curug tilu leuwi opat. Di lembah ini mengalir sungai dengan air jernih yang bersumber dari Situ Lembang.",Cagar Alam,Bandung,10000,4.4,https://lh5.googleusercontent.com/p/AF1QipPspjuhMOTteBv3i2ywl34kYBczNwWr_YvBpdfW=w408-h272-k-no,"https://www.google.com/maps/place/Curug+Tilu+Leuwi+Opat/@-6.7907749,107.5820095,17z/data=!3m1!4b1!4m6!3m5!1s0x2e68e18e83c36405:0x72275e219144f8f3!8m2!3d-6.7907749!4d107.5820095!16s%2Fg%2F11bw4wr_1j?entry=ttu","Curug Tilu Leuwi Opat Cagar Alam Bandung Curug Tilu Leuwi Opat merupakan salah satu wisata curug di Lembang. Tempatnya sendiri cukup luas. Disini ada area outbond, camping, dan tentunya wisata air terjun dan sungai. Area depan berupa lembah dengan sungai jernih. Biasanya outbond, camping, dan permainan dilakukan di area ini. Lokasi curug tilu leuwi opat sebenarnya bertetangga langsung dengan Dusun Bambu lho. Pernah ke dusun bambu? jika naik ke skywalk lutung kasarung, atau mengunjungi area camping, anda bisa melihat lembah yang berbatasan langsung dengan dusun bambu. Nah, lembah itu termasuk ke dalam area wisata curug tilu leuwi opat. Di lembah ini mengalir sungai dengan air jernih yang bersumber dari Situ Lembang.",curug tilu leuwi opat cagar alam bandung curug tilu leuwi opat salah wisata curug lembang  tempat luas  area outbond  camping  wisata air terjun sungai  area lembah sungai jernih  outbond  camping  main area  lokasi curug tilu leuwi opat tetangga langsung dusun bambu lho  dusun bambu  skywalk lutung kasarung  unjung area camping  lembah batas langsung dusun bambu   lembah area wisata curug tilu leuwi opat  lembah alir sungai air jernih sumber situ lembang
247,Kiara Artha Park,"Kiara Artha Park merupakan sebuah kawasan terpadu yang memadukan konsep hunian, bisnis, komersial, dan wisata yang ikonik di Kota Bandung dengan luas + 2.9 hektar. Kiara Artha Park sendiri merupakan salah satu dari sekian banyak  ruang publik bertemakan Taman Kota yang ada di Bandung yang terletak di tengah Kota Bandung . Taman ini melengkapi taman-taman tematik lainnya yang sudah ada di Kota Bandung. Taman  kota ini  kini menjadi salah satu tujuan wisata warga Bandung khususnya dan  bagi masyarakat umum. Meskipun Taman ini baru dibuka yaitu pada tanggal 17 Agustus 2019, warga Bandung  dan masyarakat sangat antusias datang dan menikmati berbagai aktivitas dan wahana yang ada.
",Taman Hiburan,Bandung,15000,4.6,https://lh5.googleusercontent.com/p/AF1QipN-Bg-HwSkAdZm3bc6liQLmUfXTWbj-l368SRe7=w408-h272-k-no,"https://www.google.com/maps/place/Kiara+Artha+Park/@-6.9161452,107.6422666,17z/data=!3m1!4b1!4m6!3m5!1s0x2e68e7c32276ee75:0xc8f42e12bf73009b!8m2!3d-6.9161452!4d107.6422666!16s%2Fg%2F11fy_355nw?entry=ttu","Kiara Artha Park Taman Hiburan Bandung Kiara Artha Park merupakan sebuah kawasan terpadu yang memadukan konsep hunian, bisnis, komersial, dan wisata yang ikonik di Kota Bandung dengan luas + 2.9 hektar. Kiara Artha Park sendiri merupakan salah satu dari sekian banyak  ruang publik bertemakan Taman Kota yang ada di Bandung yang terletak di tengah Kota Bandung . Taman ini melengkapi taman-taman tematik lainnya yang sudah ada di Kota Bandung. Taman  kota ini  kini menjadi salah satu tujuan wisata warga Bandung khususnya dan  bagi masyarakat umum. Meskipun Taman ini baru dibuka yaitu pada tanggal 17 Agustus 2019, warga Bandung  dan masyarakat sangat antusias datang dan menikmati berbagai aktivitas dan wahana yang ada.
",kiara artha park taman hibur bandung kiara artha park kawasan padu madu konsep huni  bisnis  komersial  wisata ikonik kota bandung luas  2 9 hektar  kiara artha park salah sekian ruang publik tema taman kota bandung letak kota bandung  taman lengkap taman tematik kota bandung  taman kota salah tuju wisata warga bandung masyarakat  taman buka tanggal 17 agustus 2019  warga bandung masyarakat antusias nikmat aktivitas wahana
248,NuArt Sculpture Park,"NuArt Sculpture Park ini merupakan sebuah gallery miliki seorang seniman ternama di Bandung yang bernama Nyoman Nuarta. Terlahir di Tabanan Bali, Nyoman Nuarta akhirnya menetap di Bandung. Dan ada fakta menarik dari seniman berkelas internasional tersebut, dimana ia dahulu rupanya lulusan dari Fakultas Seni Rupa dari perguruan tinggi ternama di Bandung yakni ITB pada tahun 1979 silam. Kehlian Nyoman Nuarta sebagai seorang maestro pemahat dan juga pematung hebat memang sudah dikenal secara internasional, maka dari itu ia pun membuat NuArt Sculpture Park ini untuk memamerkan semua karya seni yang ia miliki selama ini.",Taman Hiburan,Bandung,50000,4.8,https://lh5.googleusercontent.com/p/AF1QipOjgj4F-6Y024YOP0xlwr8iExmWXOO0niyW4pM5=w408-h306-k-no,"https://www.google.com/maps/place/NuArt+Sculpture+Park/@-6.8777,107.5722883,17z/data=!3m1!4b1!4m6!3m5!1s0x2e68e427f9d701f5:0xf8d08c421b192d08!8m2!3d-6.8777!4d107.5722883!16s%2Fg%2F11c1xdp328?entry=ttu","NuArt Sculpture Park Taman Hiburan Bandung NuArt Sculpture Park ini merupakan sebuah gallery miliki seorang seniman ternama di Bandung yang bernama Nyoman Nuarta. Terlahir di Tabanan Bali, Nyoman Nuarta akhirnya menetap di Bandung. Dan ada fakta menarik dari seniman berkelas internasional tersebut, dimana ia dahulu rupanya lulusan dari Fakultas Seni Rupa dari perguruan tinggi ternama di Bandung yakni ITB pada tahun 1979 silam. Kehlian Nyoman Nuarta sebagai seorang maestro pemahat dan juga pematung hebat memang sudah dikenal secara internasional, maka dari itu ia pun membuat NuArt Sculpture Park ini untuk memamerkan semua karya seni yang ia miliki selama ini.",nuart sculpture park taman hibur bandung nuart sculpture park gallery milik seniman nama bandung nama nyoman nuarta  lahir taban bal  nyoman nuarta tetap bandung  fakta tarik seniman kelas internasional  mana lulus fakultas seni rupa guru nama bandung itb 1979 silam  kehlian nyoman nuarta maestro pahat patung hebat kenal internasional  nuart sculpture park pamer karya seni milik
249,Upside Down World Bandung,"Upside Down World Bandung pertama kali dibuka pada 10 Oktober 2016 dengan konsep yang sangat unik. Semua furnitur yang berada di Upside Down World ini dipasang terbalik seolah pengunjung berada di langit-langit ruangan. Dengan konsep rumah terbaik tempat wisata ini memiliki keunikan tersendiri. Pengunjung yang datang ke sini kebanyakan para kawula muda yang ingin berfoto dengan latar yang tak biasa. Di dalam bangunan ini terdapat sepuluh ruangan dengan tema yang berbeda-beda layaknya di dalam sebuah rumah. Ada ruang tamu, kamar tidur anak, ruang keluarga, ruang santai, dapur, kamar mandi, dan lain sebagainya. Pengunjung bisa mengambil gambar pada semua ruangan dan hasil foto dapat dicetak di layanan cetak foto. Jika pengunjung merasa tak biasa dan bingung harus bergaya foto seperti apa, maka akan ada petugas yang dapat mengarahkan gayanya. Atau dengan melihat hasil foto para pengunjung sebelumnya yang dipasang di ruangan itu.
",Taman Hiburan,Bandung,100000,4,https://lh5.googleusercontent.com/p/AF1QipOEsnfuzPC2cvdK5eV1-ep81BUGTe2hBovb83DF=w408-h305-k-no,"https://www.google.com/maps/place/Upside+Down+World+Bandung/@-6.8963,107.6082453,15z/data=!4m10!1m2!2m1!1supside+down+world+bandung!3m6!1s0x2e68e65212a87041:0xcd6e130647905f56!8m2!3d-6.8963!4d107.617!15sChl1cHNpZGUgZG93biB3b3JsZCBiYW5kdW5nWhsiGXVwc2lkZSBkb3duIHdvcmxkIGJhbmR1bmeSARBhbXVzZW1lbnRfY2VudGVy4AEA!16s%2Fg%2F1tv58388?entry=ttu","Upside Down World Bandung Taman Hiburan Bandung Upside Down World Bandung pertama kali dibuka pada 10 Oktober 2016 dengan konsep yang sangat unik. Semua furnitur yang berada di Upside Down World ini dipasang terbalik seolah pengunjung berada di langit-langit ruangan. Dengan konsep rumah terbaik tempat wisata ini memiliki keunikan tersendiri. Pengunjung yang datang ke sini kebanyakan para kawula muda yang ingin berfoto dengan latar yang tak biasa. Di dalam bangunan ini terdapat sepuluh ruangan dengan tema yang berbeda-beda layaknya di dalam sebuah rumah. Ada ruang tamu, kamar tidur anak, ruang keluarga, ruang santai, dapur, kamar mandi, dan lain sebagainya. Pengunjung bisa mengambil gambar pada semua ruangan dan hasil foto dapat dicetak di layanan cetak foto. Jika pengunjung merasa tak biasa dan bingung harus bergaya foto seperti apa, maka akan ada petugas yang dapat mengarahkan gayanya. Atau dengan melihat hasil foto para pengunjung sebelumnya yang dipasang di ruangan itu.
",upside down world bandung taman hibur bandung upside down world bandung kali buka 10 oktober 2016 konsep unik  furnitur upside down world pasang balik unjung langit ruang  konsep rumah baik wisata milik uni sendiri  unjung banyak kawula muda foto latar  bangun puluh ruang tema beda layak rumah  ruang tamu  kamar tidur anak  ruang keluarga  ruang santai  dapur  kamar mandi   unjung ambil gambar ruang hasil foto cetak layan cetak foto  unjung bingung gaya foto  tugas arah gaya  hasil foto unjung pasang ruang
250,Pesona Nirwana Waterpark & Cottages,"Pesona Nirwana Waterpark merupakan sebuah objek wisata wahana air seluas 4000 meter persegi yang berlokasi di Kampung Legok Jeungjing, Desa Panyirapan, Kecamatan Soreang, Kabupaten Bandung.\nBerjarak sekitar 1 Km dari Kantor Pemda Kabupaten Bandung. Lokasi wisata ini dibuka untuk umum setiap hari dan bisa menjadi alternatif pilihan lokasi wisata Kabupaten Bandung selain kawasan wisata Ciwidey\n\nLokasi Pesona Nirwana Waterpark merupakan bekas kawasan tambang galian C dengan tebing curam di hampir sebagian lokasinya dan merupakan bagian dari rencana resort ramah lingkungan dengan total target pembangunan seluas 4 hektar.\nPemilik dari Pesona Nirwana Waterpark adalah I Nyoman Nuarta, seorang pematung asal Bali yang juga terkenal sebagai tokoh pelestarian lingkungan",Taman Hiburan,Bandung,50000,4.2,https://lh5.googleusercontent.com/p/AF1QipOQv4M5CUXz1B631O6aQbb9qlpWIYPGZJCSOp59=w408-h306-k-no,"https://www.google.com/maps/place/Pesona+Nirwana+Waterpark/@-7.0409154,107.5269156,17z/data=!3m1!4b1!4m6!3m5!1s0x2e68ec51e0b315ff:0xbddc2f0abcfc2271!8m2!3d-7.0409154!4d107.5269156!16s%2Fg%2F11c3ymwsw6?entry=ttu","Pesona Nirwana Waterpark & Cottages Taman Hiburan Bandung Pesona Nirwana Waterpark merupakan sebuah objek wisata wahana air seluas 4000 meter persegi yang berlokasi di Kampung Legok Jeungjing, Desa Panyirapan, Kecamatan Soreang, Kabupaten Bandung.\nBerjarak sekitar 1 Km dari Kantor Pemda Kabupaten Bandung. Lokasi wisata ini dibuka untuk umum setiap hari dan bisa menjadi alternatif pilihan lokasi wisata Kabupaten Bandung selain kawasan wisata Ciwidey\n\nLokasi Pesona Nirwana Waterpark merupakan bekas kawasan tambang galian C dengan tebing curam di hampir sebagian lokasinya dan merupakan bagian dari rencana resort ramah lingkungan dengan total target pembangunan seluas 4 hektar.\nPemilik dari Pesona Nirwana Waterpark adalah I Nyoman Nuarta, seorang pematung asal Bali yang juga terkenal sebagai tokoh pelestarian lingkungan",pesona nirwana waterpark  cottages taman hibur bandung pesona nirwana waterpark objek wisata wahana air luas 4000 meter persegi lokasi kampung legok jeungjing  desa panyirapan  camat soreang  kabupaten bandung nberjarak 1 km kantor pemda kabupaten bandung  lokasi wisata buka alternatif pilih lokasi wisata kabupaten bandung kawasan wisata ciwidey n nlokasi pesona nirwana waterpark bekas kawasan tambang gali c tebing curam lokasi rencana resort ramah lingkung total target bangun luas 4 hektar npemilik pesona nirwana waterpark i nyoman nuarta  patung bal kenal tokoh lestari lingkung
251,Taman Lansia,"Berlibur santai di akhir pekan cocok dilakukan dengan menghabiskan waktu di taman. Salah satu taman yang dapat menjadi tujuan wisata adalah Taman Lansia Bandung. Lansia merupakan singkatan dari Lanjut Usia. Meski begitu, taman ini tidak dikhususkan untuk para lansia, namun untuk semua kalangan. Nama lansia kemungkinan diberikan karena usia taman ini yang sudah sangat tua. Bahkan, usianya sudah ratusan tahun, karena sudah ada sejak tahun 1885.",Taman Hiburan,Bandung,0,4.5,https://lh5.googleusercontent.com/p/AF1QipPkfhEwHVk0HHZqfrb7YWIP3u_0g1h1bRuii1SO=w408-h306-k-no,"https://www.google.com/maps/place/Taman+Lansia/@-6.9021326,107.6209387,17z/data=!3m1!4b1!4m6!3m5!1s0x2e68e7b0387507a1:0xd6cafc7a2548c272!8m2!3d-6.9021326!4d107.6209387!16s%2Fg%2F11ddxbnglb?entry=ttu","Taman Lansia Taman Hiburan Bandung Berlibur santai di akhir pekan cocok dilakukan dengan menghabiskan waktu di taman. Salah satu taman yang dapat menjadi tujuan wisata adalah Taman Lansia Bandung. Lansia merupakan singkatan dari Lanjut Usia. Meski begitu, taman ini tidak dikhususkan untuk para lansia, namun untuk semua kalangan. Nama lansia kemungkinan diberikan karena usia taman ini yang sudah sangat tua. Bahkan, usianya sudah ratusan tahun, karena sudah ada sejak tahun 1885.",taman lansia taman hibur bandung libur santai pekan cocok habis taman  salah taman tuju wisata taman lansia bandung  lansia singkat usia   taman khusus lansia  kalang  nama lansia usia taman tua   usia ratus  1885
252,Kampoeng Tulip,"Kampoeng Tulip ialah salah satu objek wisata di Bandung yang lokasinya dipenuhi dengan bunga-bunga tulip yang sangat indah. Tulip sendiri adalah bunga cantik yang identik dengan Negara Kincir Angin yaitu Belanda. Jika Anda ingin menyaksikan bunga tulip, Anda tidak perlu jauh-jauh ke Belanda. Melainkan, cukup pergi ke kota Bandung saja, Anda sudah bisa menemuinya. Lokasi wisata ini memiliki banyak pengunjung, mulai dari wisatawan dalam kota maupun luar kota.",Taman Hiburan,Bandung,15000,3,https://lh5.googleusercontent.com/p/AF1QipMwEH5zsetKJ91dVr-59uNBhhZPXBe3nDDxgJT8=w408-h544-k-no,"https://www.google.com/maps/place/ES+D'Cikal+29+%2F+Kampoeng+Tulip/@-6.9630943,107.661972,17z/data=!3m1!4b1!4m6!3m5!1s0x2e68e82c10a37aef:0xb1e74ad958692530!8m2!3d-6.9630943!4d107.661972!16s%2Fg%2F11c1x3jxtl?entry=ttu","Kampoeng Tulip Taman Hiburan Bandung Kampoeng Tulip ialah salah satu objek wisata di Bandung yang lokasinya dipenuhi dengan bunga-bunga tulip yang sangat indah. Tulip sendiri adalah bunga cantik yang identik dengan Negara Kincir Angin yaitu Belanda. Jika Anda ingin menyaksikan bunga tulip, Anda tidak perlu jauh-jauh ke Belanda. Melainkan, cukup pergi ke kota Bandung saja, Anda sudah bisa menemuinya. Lokasi wisata ini memiliki banyak pengunjung, mulai dari wisatawan dalam kota maupun luar kota.",kampoeng tulip taman hibur bandung kampoeng tulip salah objek wisata bandung lokasi penuh bunga tulip indah  tulip bunga cantik identik negara kincir angin belanda  saksi bunga tulip  jauh belanda   pergi kota bandung  temu  lokasi wisata milik unjung  wisatawan kota kota
253,Selasar Sunaryo Art Space,"Selasar Sunaryo Art Space (SSAS) adalah sebuah ruang dan organisasi nirlaba yang bertujuan mendukung pengembangan praktik dan pengkajian seni dan kebudayaan visual di Indonesia. Dididirikan pada tahun 1998 oleh Sunaryo, SSAS aktif menyelenggarakan kegiatan-kegiatan yang berorientasi pada edukasi publik. Dengan arahan & dukungan dari Yayasan Selasar Sunaryo, fokus utama SSAS adalah pada penyelenggaraan program-program seni rupa kontemporer, melalui pameran, diskusi, residensi & lokakarya. Sebagai pusat kebudayaan, SSAS menyelenggarakan kegiatan-kegiatan yang berhubungan dengan disiplin-disiplin seni lain seperti desain, kriya, seni pertunjukan, sastra, arsitektur, dan lain sebagainya. Selain memajang koleksi permanen, SSAS juga menyelenggarakan pameran-pameran tunggal atau bersama yang menampilkan karya-karya para seniman muda dan senior, dari Indonesia maupun mancanegara.",Taman Hiburan,Bandung,25000,4.6,https://lh5.googleusercontent.com/p/AF1QipOKuUU2PiIOesNXedB0hQ-5tYBaKzcUEzaQhmE8=w408-h306-k-no,"https://www.google.com/maps/place/Selasar+Sunaryo+Art+Space/@-6.8586807,107.6366131,17z/data=!3m1!4b1!4m6!3m5!1s0x2e68e72224945083:0xe8defc82b1622f5a!8m2!3d-6.8586807!4d107.6366131!16s%2Fg%2F1tm1mkxp?entry=ttu","Selasar Sunaryo Art Space Taman Hiburan Bandung Selasar Sunaryo Art Space (SSAS) adalah sebuah ruang dan organisasi nirlaba yang bertujuan mendukung pengembangan praktik dan pengkajian seni dan kebudayaan visual di Indonesia. Dididirikan pada tahun 1998 oleh Sunaryo, SSAS aktif menyelenggarakan kegiatan-kegiatan yang berorientasi pada edukasi publik. Dengan arahan & dukungan dari Yayasan Selasar Sunaryo, fokus utama SSAS adalah pada penyelenggaraan program-program seni rupa kontemporer, melalui pameran, diskusi, residensi & lokakarya. Sebagai pusat kebudayaan, SSAS menyelenggarakan kegiatan-kegiatan yang berhubungan dengan disiplin-disiplin seni lain seperti desain, kriya, seni pertunjukan, sastra, arsitektur, dan lain sebagainya. Selain memajang koleksi permanen, SSAS juga menyelenggarakan pameran-pameran tunggal atau bersama yang menampilkan karya-karya para seniman muda dan senior, dari Indonesia maupun mancanegara.",selasar sunaryo art space taman hibur bandung selasar sunaryo art space  ssas  ruang organisasi nirlaba tuju dukung kembang praktik kaji seni budaya visual indonesia  diri 1998 sunaryo  ssas aktif selenggara giat orientasi edukasi publik  arah  dukung yayasan selasar sunaryo  fokus utama ssas selenggara program seni rupa kontemporer  pamer  diskusi  residensi  lokakarya  pusat budaya  ssas selenggara giat hubung disiplin seni desain  kriya  seni tunjuk  sastra  arsitektur   pajang koleksi permanen  ssas selenggara pamer tunggal tampil karya seniman muda senior  indonesia mancanegara
254,Teras Cikapundung BBWS,"Teras Cikapundung Bandung sebelumnya merupakan daerah yang kumuh dan tak terurus yang berhasil diubah menjadi tempat wisata. Cikapundung adalah sungai yang membelah Kota Bandung yang dimulai dari daerah Bandung Utara dan bermuara di Sungai Citarum, Bandung Selatan. Sebelumnya, taman ini merupakan tempat berkumpulnya orang-orang kreatif seperti para seniman yang ada di Bandung. Terdapat beberapa sanggar seni dan ramainya warung makan di tempat ini, sampai pada akhirnya terlantar dan dibiarkan kotor. Kini Teras Cikapundung Bandung telah berubah menjadi tempat wisata terbuka untuk umum dengan konsep ekologi dan urban. Berbagai fasilitas menarik tersedia di Teras Cikapundung dan bisa digunakan pada saat rekreasi ke obyek wisata yang satu ini. Dilengkapi dengan kolam ikan dan lampu-lampu, membuat taman ini sangat cantik dikunjungi pada malam hari. Terlebih suasananya yang ramai membuat para pengunjung lupa bahwa dulunya tempat ini pernah dijuluki sebagai “tempat jin buang anak”.",Taman Hiburan,Bandung,0,4.3,https://lh5.googleusercontent.com/p/AF1QipNNKglFSUJFw7g0IG_WK_2hzd7_VcVMpHUmHbme=w408-h306-k-no,"https://www.google.com/maps/place/Teras+Cikapundung+BBWS/@-6.8843386,107.6068689,17z/data=!3m1!4b1!4m6!3m5!1s0x2e68e617d0e6aa51:0xaf367c79c6f6ffe3!8m2!3d-6.8843386!4d107.6068689!16s%2Fg%2F11cjk51bcs?entry=ttu","Teras Cikapundung BBWS Taman Hiburan Bandung Teras Cikapundung Bandung sebelumnya merupakan daerah yang kumuh dan tak terurus yang berhasil diubah menjadi tempat wisata. Cikapundung adalah sungai yang membelah Kota Bandung yang dimulai dari daerah Bandung Utara dan bermuara di Sungai Citarum, Bandung Selatan. Sebelumnya, taman ini merupakan tempat berkumpulnya orang-orang kreatif seperti para seniman yang ada di Bandung. Terdapat beberapa sanggar seni dan ramainya warung makan di tempat ini, sampai pada akhirnya terlantar dan dibiarkan kotor. Kini Teras Cikapundung Bandung telah berubah menjadi tempat wisata terbuka untuk umum dengan konsep ekologi dan urban. Berbagai fasilitas menarik tersedia di Teras Cikapundung dan bisa digunakan pada saat rekreasi ke obyek wisata yang satu ini. Dilengkapi dengan kolam ikan dan lampu-lampu, membuat taman ini sangat cantik dikunjungi pada malam hari. Terlebih suasananya yang ramai membuat para pengunjung lupa bahwa dulunya tempat ini pernah dijuluki sebagai “tempat jin buang anak”.",teras cikapundung bbws taman hibur bandung teras cikapundung bandung daerah kumuh urus hasil ubah wisata  cikapundung sungai belah kota bandung daerah bandung utara muara sungai citarum  bandung selatan   taman kumpul orang kreatif seniman bandung  sanggar seni ramai warung makan  lantar biar kotor  teras cikapundung bandung ubah wisata buka konsep ekologi urban  fasilitas tarik sedia teras cikapundung rekreasi obyek wisata  lengkap kolam ikan lampu  taman cantik kunjung malam  suasana ramai unjung lupa dulunya juluk  jin buang anak
255,Museum Barli,"Museum Barli adalah sebuah museum yang terletak di Kota Bandung. Museum ini didedikasikan untuk mengenang dan memamerkan hasil karya pelukis Barli Sasmitawinata. Museum ini didirikan pada tahun 1990 dan diresmikan pada Oktober 1992 oleh Soesilo Soedarman, Menteri Pariwisata, Pos, dan Telekomunikasi pada waktu itu. Awalnya museum ini tidak dibuka untuk umum. Namun, saat ini museum dapat dikunjungi oleh siapa saja. Museum ini juga menjadi tempat dari berbagai kegiatan seni seperti pameran karya seni rupa, penjualan karya, diskusi dan sarasehan, pelatihan studio keramik dan lukis.",Budaya,Bandung,15000,4.5,https://lh5.googleusercontent.com/p/AF1QipPYKFEsOPezwdRT8Vn9vJ8vamRxdsvG0wdv2oGK=w408-h306-k-no,"https://www.google.com/maps/place/Barli+Museum/@-6.878246,107.5875102,17z/data=!3m1!4b1!4m6!3m5!1s0x2e68e68fe62d7cbb:0x4d93f4df24206370!8m2!3d-6.878246!4d107.5875102!16s%2Fg%2F1td82tp_?entry=ttu","Museum Barli Budaya Bandung Museum Barli adalah sebuah museum yang terletak di Kota Bandung. Museum ini didedikasikan untuk mengenang dan memamerkan hasil karya pelukis Barli Sasmitawinata. Museum ini didirikan pada tahun 1990 dan diresmikan pada Oktober 1992 oleh Soesilo Soedarman, Menteri Pariwisata, Pos, dan Telekomunikasi pada waktu itu. Awalnya museum ini tidak dibuka untuk umum. Namun, saat ini museum dapat dikunjungi oleh siapa saja. Museum ini juga menjadi tempat dari berbagai kegiatan seni seperti pameran karya seni rupa, penjualan karya, diskusi dan sarasehan, pelatihan studio keramik dan lukis.",museum barli budaya bandung museum barli museum letak kota bandung  museum dedikasi kenang pamer hasil karya peluk barli sasmitawinata  museum diri 1990 resmi oktober 1992 soesilo soedarman  menteri pariwisata  pos  telekomunikasi  museum buka   museum kunjung  museum giat seni pamer karya seni rupa  jual karya  diskusi sarasehan  latih studio keramik lukis
256,Wisata Batu Kuda,"Kawasan Batu Kuda berupa perbukitan dengan hutan pinus yang indah. Berada di ketinggian antara 1150 sampai dengan 1300 mdpl, segarnya pegunungan Bandung bisa anda dapatkan disini. Batu Kuda berada di bawah pengawasan Perhutani langsung. Dulu tempat ini terkesan apa adanya. Tapi sekarang sudah jauh lebih tertata. Biasanya, tempat ini jadi tujuan wisata keluarga warga sekitarnya saja. Tapi sekarang, sudah lebih dikenal dan lebih banyak dikunjungi wisatawan juga.",Cagar Alam,Bandung,10000,4.5,https://lh5.googleusercontent.com/p/AF1QipNYeUzuTa082miyh2p8acAZMVNYkd3mEZZPPnpQ=w408-h544-k-no,"https://www.google.com/maps/place/Wisata+Batu+Kuda/@-6.8930812,107.7451856,17z/data=!3m1!4b1!4m6!3m5!1s0x2e68dc923e7817fd:0xaec06689ca98c385!8m2!3d-6.8930812!4d107.7451856!16s%2Fg%2F11bxgbfpt3?entry=ttu","Wisata Batu Kuda Cagar Alam Bandung Kawasan Batu Kuda berupa perbukitan dengan hutan pinus yang indah. Berada di ketinggian antara 1150 sampai dengan 1300 mdpl, segarnya pegunungan Bandung bisa anda dapatkan disini. Batu Kuda berada di bawah pengawasan Perhutani langsung. Dulu tempat ini terkesan apa adanya. Tapi sekarang sudah jauh lebih tertata. Biasanya, tempat ini jadi tujuan wisata keluarga warga sekitarnya saja. Tapi sekarang, sudah lebih dikenal dan lebih banyak dikunjungi wisatawan juga.",wisata batu kuda cagar alam bandung kawasan batu kuda bukit hutan pinus indah  tinggi 1150 1300 mdpl  segar gunung bandung dapat  batu kuda awas hutan langsung  kes  tata   tuju wisata keluarga warga   kenal kunjung wisatawan
257,Monumen Bandung Lautan Api,"Monumen Bandung Lautan Api, merupakan monumen yang menjadi markah tanah Bandung. Monumen ini setinggi 45 meter, memiliki sisi sebanyak 9 bidang.\nMonumen ini dibangun untuk memperingati peristiwa Bandung Lautan Api, dimana terjadi pembumihangusan Bandung Selatan yang dipimpin oleh Muhammad Toha.\nMonumen ini berada di tengah-tengah kota yaitu terletak di kawasan Lapangan Tegallega. Monumen ini menjadi salah satu monumen terkenal di Bandung.\nMonumen ini menjadi pusat perhatian setiap tanggal 23 Maret mengenang peristiwa Bandung Lautan Api.
",Budaya,Bandung,0,4.3,https://lh5.googleusercontent.com/p/AF1QipM5joC9uE_P1OMc8yHkrL6wNARKCd1qgfeFWQAA=w408-h725-k-no,"https://google.com/maps/place/Monumen+Bandung+Lautan+Api/@-6.9338497,107.604925,17z/data=!3m1!4b1!4m6!3m5!1s0x2e68e89be8e206d1:0x3f1a38cabd1ca42e!8m2!3d-6.9338497!4d107.604925!16s%2Fg%2F1218d916?entry=ttu","Monumen Bandung Lautan Api Budaya Bandung Monumen Bandung Lautan Api, merupakan monumen yang menjadi markah tanah Bandung. Monumen ini setinggi 45 meter, memiliki sisi sebanyak 9 bidang.\nMonumen ini dibangun untuk memperingati peristiwa Bandung Lautan Api, dimana terjadi pembumihangusan Bandung Selatan yang dipimpin oleh Muhammad Toha.\nMonumen ini berada di tengah-tengah kota yaitu terletak di kawasan Lapangan Tegallega. Monumen ini menjadi salah satu monumen terkenal di Bandung.\nMonumen ini menjadi pusat perhatian setiap tanggal 23 Maret mengenang peristiwa Bandung Lautan Api.
",monumen bandung laut api budaya bandung monumen bandung laut api  monumen markah tanah bandung  monumen 45 meter  milik sisi 9 bidang nmonumen bangun ingat peristiwa bandung laut api  mana pembumihangusan bandung selatan pimpin muhammad toha nmonumen tengah kota letak kawasan lapang tegallega  monumen salah monumen kenal bandung nmonumen pusat perhati tanggal 23 maret kenang peristiwa bandung laut api
258,Museum Gedung Sate,"Salah satu museum yang menjadi ikon kota ini adalah Museum Gedung Sate. Museum yang berada di gedung yang sama dengan kantor dinas Gubernur Jawa Barat ini dibangun pada masa kolonial oleh arsitek Belanda, Johan Gerber. Diresmikan pada 8 Desember 2017 dan mengusung 'Smart Museum', Museum Gedung Sate ini menjadi museum interaktif pertama di Indonesia. Konsep tersebut memberikan panduan informasi mengenai bangunan bersejarah menggunakan teknologi digital.
",Budaya,Bandung,5000,4.7,https://lh5.googleusercontent.com/p/AF1QipNIIoHAulvp9X4zb09N22lwnb717AIweZi2z_c=w408-h272-k-no,"https://www.google.com/maps/place/Gedung+Sate/@-6.9024715,107.6187018,17z/data=!3m1!4b1!4m6!3m5!1s0x2e68e64c5e8866e5:0x37be7ac9d575f7ed!8m2!3d-6.9024715!4d107.6187018!16zL20vMGRqOXg3?entry=ttu","Museum Gedung Sate Budaya Bandung Salah satu museum yang menjadi ikon kota ini adalah Museum Gedung Sate. Museum yang berada di gedung yang sama dengan kantor dinas Gubernur Jawa Barat ini dibangun pada masa kolonial oleh arsitek Belanda, Johan Gerber. Diresmikan pada 8 Desember 2017 dan mengusung 'Smart Museum', Museum Gedung Sate ini menjadi museum interaktif pertama di Indonesia. Konsep tersebut memberikan panduan informasi mengenai bangunan bersejarah menggunakan teknologi digital.
",museum gedung sate budaya bandung salah museum ikon kota museum gedung sate  museum gedung kantor dinas gubernur jawa barat bangun kolonial arsitek belanda  johan gerber  resmi 8 desember 2017 usung smart museum   museum gedung sate museum interaktif indonesia  konsep pandu informasi bangun sejarah teknologi digital
259,Monumen Perjuangan Rakyat Jawa Barat,"Monumen Perjuangan Rakyat Jawa Barat (Monju) adalah Museum Sejarah Perjuangan Rakyat Jawa Barat, di Tatar Pasundan atau Parahyangan. Monumen diresmikan oleh Gubernur Jawa Barat, Raden Nana Nuriana pada tanggal 23 Agustus 1995.",Budaya,Bandung,0,4.5,https://lh5.googleusercontent.com/p/AF1QipMxGYh69Md6g6xtTs1JNBCPECMLlUyzzvqLE6l6=w408-h265-k-no,"https://www.google.com/maps/place/Monumen+Perjuangan+Rakyat+Jawa+Barat/@-6.8934327,107.6185513,17z/data=!3m1!4b1!4m6!3m5!1s0x2e68e64d0844175d:0xa20639eeeafb5a83!8m2!3d-6.8934327!4d107.6185513!16s%2Fg%2F11bwd_3q4f?entry=ttu","Monumen Perjuangan Rakyat Jawa Barat Budaya Bandung Monumen Perjuangan Rakyat Jawa Barat (Monju) adalah Museum Sejarah Perjuangan Rakyat Jawa Barat, di Tatar Pasundan atau Parahyangan. Monumen diresmikan oleh Gubernur Jawa Barat, Raden Nana Nuriana pada tanggal 23 Agustus 1995.",monumen juang rakyat jawa barat budaya bandung monumen juang rakyat jawa barat  monju  museum sejarah juang rakyat jawa barat  tatar pasundan parahyangan  monumen resmi gubernur jawa barat  raden nana nuriana tanggal 23 agustus 1995
260,Museum Pos Indonesia,"Museum Pos Indonesia telah ada sejak masa Hindia Belanda dengan nama Pos Telegraph dan Telepon (PTT). Pada tahun 1931 telah dibuka Museum PTT yang terletak di bagian sayap kanan bawah Gedung Kantor Pusat PTT, Jalan Cilaki, nomor 55, Bandung, (sekarang nomor 73). Atau tepatnya di sayap timur gedung pusat pemerintahan Provinsi Jawa Barat yang lebih terkenal dengan Gedung Sate. Pada 27 September 1983, Menteri Pariwisata, Pos dan Telekomunikasi meresmikan PTT menjadi Museum Pos Indonesia. Koleksi museum ini terdiri atas prangko-prangko dari Indonesia dan berbagai negara yang sangat bersejarah, dengan jumlah mencapai 131.000.000 keping perangko dan 200 koleksi peralatannya, yakni berupa timbangan paket, alat cetak perangko, surat-surat berharga, armada pengantar surat, dan lain sebagainya. Selain menyimpan peninggalan pos tersebut dalam ruang pamer, Museum ini juga memiliki ruang social center yang dapat diperuntukan bagi aneka kegiatan.
",Budaya,Bandung,0,4.6,https://lh5.googleusercontent.com/p/AF1QipM7pAdJrrFzPN7XjFdQzUlZBao6Z0rBYSq_4wl5=w408-h306-k-no,"https://www.google.com/maps/place/Museum+Pos+Indonesia/@-6.9020615,107.6197439,17z/data=!3m1!4b1!4m6!3m5!1s0x2e68e64b5afecaeb:0x12b93c9309d6b441!8m2!3d-6.9020615!4d107.6197439!16s%2Fg%2F1hc1sbv2b?entry=ttu","Museum Pos Indonesia Budaya Bandung Museum Pos Indonesia telah ada sejak masa Hindia Belanda dengan nama Pos Telegraph dan Telepon (PTT). Pada tahun 1931 telah dibuka Museum PTT yang terletak di bagian sayap kanan bawah Gedung Kantor Pusat PTT, Jalan Cilaki, nomor 55, Bandung, (sekarang nomor 73). Atau tepatnya di sayap timur gedung pusat pemerintahan Provinsi Jawa Barat yang lebih terkenal dengan Gedung Sate. Pada 27 September 1983, Menteri Pariwisata, Pos dan Telekomunikasi meresmikan PTT menjadi Museum Pos Indonesia. Koleksi museum ini terdiri atas prangko-prangko dari Indonesia dan berbagai negara yang sangat bersejarah, dengan jumlah mencapai 131.000.000 keping perangko dan 200 koleksi peralatannya, yakni berupa timbangan paket, alat cetak perangko, surat-surat berharga, armada pengantar surat, dan lain sebagainya. Selain menyimpan peninggalan pos tersebut dalam ruang pamer, Museum ini juga memiliki ruang social center yang dapat diperuntukan bagi aneka kegiatan.
",museum pos indonesia budaya bandung museum pos indonesia hindia belanda nama pos telegraph telepon  ptt   1931 buka museum ptt letak sayap kanan gedung kantor pusat ptt  jalan cilaki  nomor 55  bandung   nomor 73   tepat sayap timur gedung pusat perintah provinsi jawa barat kenal gedung sate  27 september 1983  menteri pariwisata  pos telekomunikasi resmi ptt museum pos indonesia  koleksi museum prangko indonesia negara sejarah  capai 131 000 000 keping perangko 200 koleksi alat  timbang paket  alat cetak perangko  surat harga  armada antar surat   simpan tinggal pos ruang pamer  museum milik ruang social center untuk aneka giat
261,Ciwangun Indah Camp Official,"Ciwangun Indah Camp atau CIC adalah sebuah tempat rekreasi berkonsep petualangan alam dan outbound. Tempat ini terletak di kecamatan Parongpong Kabupaten Bandung Barat, bersebelahan dengan dusun bambu. Dengan latar alam hutan di bawah kaki gunung Burangrang, CIC layak dijadikan destinasi wisata. Dengan tempat yang masih terjaga keindahan alamnya, beberapa aktivitas bisa dilakukan di CIC. Aktivitas yang cocok untuk dilakukan di CIC adalah kegiatan yang berbasis petualangan alam. Berikut beberapa kegiatan yang cocok untuk dilakukan di Ciwangun Indah Camp.",Cagar Alam,Bandung,10000,4.4,https://lh5.googleusercontent.com/p/AF1QipMz_hzUOo8bDNLKANIIUfUM_7ateRa_rjs0aGI8=w408-h544-k-no,"https://www.google.com/maps/place/Ciwangun+Indah+Camp+Official/@-6.786939,107.5837331,17z/data=!3m1!4b1!4m6!3m5!1s0x2e68e18dca67e25f:0xfc46171474c08f3f!8m2!3d-6.786939!4d107.5837331!16s%2Fg%2F11c2lrv_99?entry=ttu","Ciwangun Indah Camp Official Cagar Alam Bandung Ciwangun Indah Camp atau CIC adalah sebuah tempat rekreasi berkonsep petualangan alam dan outbound. Tempat ini terletak di kecamatan Parongpong Kabupaten Bandung Barat, bersebelahan dengan dusun bambu. Dengan latar alam hutan di bawah kaki gunung Burangrang, CIC layak dijadikan destinasi wisata. Dengan tempat yang masih terjaga keindahan alamnya, beberapa aktivitas bisa dilakukan di CIC. Aktivitas yang cocok untuk dilakukan di CIC adalah kegiatan yang berbasis petualangan alam. Berikut beberapa kegiatan yang cocok untuk dilakukan di Ciwangun Indah Camp.",ciwangun indah camp official cagar alam bandung ciwangun indah camp cic rekreasi konsep tualang alam outbound  letak camat parongpong kabupaten bandung barat  bahan dusun bambu  latar alam hutan kaki gunung burangrang  cic layak jadi destinasi wisata  jaga indah alam  aktivitas cic  aktivitas cocok cic giat bas tualang alam  giat cocok ciwangun indah camp
262,Wot Batu,"Wot Batu adalah sebuah konfigurasi energi yang hadir dari perjalanan spiritualitas dan transendental Sunaryo. Dalam ruang terbuka seluas ±2000 m2 dengan rangkaian 135 +1, batu-batu ditanam dan ditata secara konseptual dan harmoni. Sunaryo menarik garis dari pegunungan di sekitar Bandung, dan dari garis itu dibawanya batu-batu vulkanik sebagai medium mahakarya yang tak lekang oleh waktu. Setiap pahatan, tatahan, dan pecahan bukanlah hasil dari usaha untuk mengubah batu, namun untuk menorehkan catatan untuk sebuah peradaban – warisan dari abad ke-21 untuk masa yang akan datang.\nSunaryo menciptakan Wot Batu sebagai ‘jembatan spiritual’: penyeimbang antara jiwa manusia dengan wujud ragawi kehidupan, sebagai penghubung di antara empat elemen alam. Dalam Wot Batu, tanah, api, air dan angin berbicara satu sama lain dalam harmoni. Wot Batu menyampaikan gagasan tentang ruang dan waktu – sebuah penyadaran tentang eksistensi manusia dalam dimensi alam yang tak berbatas.",Cagar Alam,Bandung,50000,4.7,https://lh5.googleusercontent.com/p/AF1QipO13yhF4evm2kkPirWHe78MI7xI3CG0kmP6Pwhg=w426-h240-k-no,"https://www.google.com/maps/place/Wot+Batu/@-6.8596548,107.6361348,17z/data=!3m1!4b1!4m6!3m5!1s0x2e68e73b9e544a7d:0x2fb5af0702c9e5be!8m2!3d-6.8596548!4d107.6361348!16s%2Fg%2F11gxt5jq0t?entry=ttu","Wot Batu Cagar Alam Bandung Wot Batu adalah sebuah konfigurasi energi yang hadir dari perjalanan spiritualitas dan transendental Sunaryo. Dalam ruang terbuka seluas ±2000 m2 dengan rangkaian 135 +1, batu-batu ditanam dan ditata secara konseptual dan harmoni. Sunaryo menarik garis dari pegunungan di sekitar Bandung, dan dari garis itu dibawanya batu-batu vulkanik sebagai medium mahakarya yang tak lekang oleh waktu. Setiap pahatan, tatahan, dan pecahan bukanlah hasil dari usaha untuk mengubah batu, namun untuk menorehkan catatan untuk sebuah peradaban – warisan dari abad ke-21 untuk masa yang akan datang.\nSunaryo menciptakan Wot Batu sebagai ‘jembatan spiritual’: penyeimbang antara jiwa manusia dengan wujud ragawi kehidupan, sebagai penghubung di antara empat elemen alam. Dalam Wot Batu, tanah, api, air dan angin berbicara satu sama lain dalam harmoni. Wot Batu menyampaikan gagasan tentang ruang dan waktu – sebuah penyadaran tentang eksistensi manusia dalam dimensi alam yang tak berbatas.",wot batu cagar alam bandung wot batu konfigurasi energi hadir jalan spiritualitas transendental sunaryo  ruang buka luas 2000 m2 rangkai 135 1  batu tanam tata konseptual harmoni  sunaryo tarik garis gunung bandung  garis bawa batu vulkanik medium mahakarya lekang  pahat  tatah  pecah hasil usaha ubah batu  toreh catat adab  waris abad ke-21 datang nsunaryo cipta wot batu  jembatan spiritual   imbang jiwa manusia wujud ragawi hidup  hubung elemen alam  wot batu  tanah  api  air angin bicara harmoni  wot batu gagas ruang  sadar eksistensi manusia dimensi alam batas
263,Curug Batu Templek,"Curug Batu Templek Bandung adalah sebuah wisata alam air terjun yang terletak di Kota Bandung Timur. Dari sekian banyak wisata alam air terjun di Bandung, Curug Batu Templek tak kalah menarik karena pemandangan di sekitarnya dipenuhi dengan terbing yang berbatu cadas. Sejarah Curug Batu Templek sangat sederhana, hanya karena di tempat ini dahulunya terdapat penambangan batu yang terdapat sebuah aliran air terjun dan diketahui aliran tersebut berasal dari sungai yang ada di atas tebing sehingga dinamakan Curug Batu Templek.",Cagar Alam,Bandung,5000,4.4,https://lh5.googleusercontent.com/p/AF1QipPE1s4tcLCXo4ODVO4S7oIuZ69OdBftun9JMoik=w408-h316-k-no,"https://www.google.com/maps/place/Curug+Batu+Templek+Cisanggarung/@-6.8747659,107.6845319,17z/data=!3m1!4b1!4m6!3m5!1s0x2e68dd9317fcf12d:0xf8dff730ed46a96b!8m2!3d-6.8747659!4d107.6845319!16s%2Fg%2F11f1whb10n?entry=ttu","Curug Batu Templek Cagar Alam Bandung Curug Batu Templek Bandung adalah sebuah wisata alam air terjun yang terletak di Kota Bandung Timur. Dari sekian banyak wisata alam air terjun di Bandung, Curug Batu Templek tak kalah menarik karena pemandangan di sekitarnya dipenuhi dengan terbing yang berbatu cadas. Sejarah Curug Batu Templek sangat sederhana, hanya karena di tempat ini dahulunya terdapat penambangan batu yang terdapat sebuah aliran air terjun dan diketahui aliran tersebut berasal dari sungai yang ada di atas tebing sehingga dinamakan Curug Batu Templek.",curug batu templek cagar alam bandung curug batu templek bandung wisata alam air terjun letak kota bandung timur  sekian wisata alam air terjun bandung  curug batu templek kalah tarik pandang penuh terbing batu cadas  sejarah curug batu templek sederhana  dahulu tambang batu alir air terjun alir asal sungai tebing nama curug batu templek
264,Gereja Katedral Santo Petrus Bandung,"Gereja Katedral Bandung, atau Katedral Santo Petrus, adalah sebuah gereja yang terletak di Jalan Merdeka, Babakanciamis, Sumurbandung, Bandung, Indonesia. Bangunan ini dirancang oleh Charles Prosper Wolff Schoemaker dan bergaya arsitektur neo-Gothic akhir. Dilihat dari atas, bentuknya menyerupai salib yang simetris. Katedral Santo Petrus mempunyai luas tanah sebesar 2.385 m² dan luas bangunan sebesar 785 m². Gerejanya sendiri diberi nama St. Franciscus Regis pada tanggal 16 Juni 1895. Setelah Bandung memperoleh status gemeente (setingkat kotamadya) pada 1906, diputuskan untuk membangun bangunan gereja baru. Pembangunan bangunan yang baru dilaksanakan sepanjang tahun 1921. Katedral ini lalu diberkati pada 19 Februari 1922 oleh Mgr. Edmundus Luypen, S.J.",Tempat Ibadah,Bandung,0,4.8,https://lh5.googleusercontent.com/p/AF1QipMiec-hbTVl5zrAUttrFrycLYZhLiG5ywGyAkPC=w408-h544-k-no,"https://www.google.com/maps/place/Saint+Peter+Cathedral+Bandung/@-6.9148259,107.6105009,17z/data=!3m1!4b1!4m6!3m5!1s0x2e68e6309a9f3bd5:0x59751be8b7eb9772!8m2!3d-6.9148259!4d107.6105009!16s%2Fg%2F121m2rjm?entry=ttu","Gereja Katedral Santo Petrus Bandung Tempat Ibadah Bandung Gereja Katedral Bandung, atau Katedral Santo Petrus, adalah sebuah gereja yang terletak di Jalan Merdeka, Babakanciamis, Sumurbandung, Bandung, Indonesia. Bangunan ini dirancang oleh Charles Prosper Wolff Schoemaker dan bergaya arsitektur neo-Gothic akhir. Dilihat dari atas, bentuknya menyerupai salib yang simetris. Katedral Santo Petrus mempunyai luas tanah sebesar 2.385 m² dan luas bangunan sebesar 785 m². Gerejanya sendiri diberi nama St. Franciscus Regis pada tanggal 16 Juni 1895. Setelah Bandung memperoleh status gemeente (setingkat kotamadya) pada 1906, diputuskan untuk membangun bangunan gereja baru. Pembangunan bangunan yang baru dilaksanakan sepanjang tahun 1921. Katedral ini lalu diberkati pada 19 Februari 1922 oleh Mgr. Edmundus Luypen, S.J.",gereja katedral santo petrus bandung ibadah bandung gereja katedral bandung  katedral santo petrus  gereja letak jalan merdeka  babakanciamis  sumurbandung  bandung  indonesia  bangun rancang charles prosper wolff schoemaker gaya arsitektur neo-gothic   bentuk rupa salib simetris  katedral santo petrus luas tanah 2 385 m luas bangun 785 m  gereja nama st franciscus regis tanggal 16 juni 1895 bandung oleh status gemeente  tingkat kotamadya  1906  putus bangun bangun gereja  bangun bangun laksana 1921 katedral kati 19 februari 1922 mgr  edmundus luypen  s j
265,Museum Mandala Wangsit Siliwangi,"Museum Wangsit Mandala Siliwangi adalah museum militer yang berada di Kota Bandung, Jawa Barat. Siliwangi merupakan nama komando daerah militer TNI-AD di Jawa Barat dan Banten yang namanya diambil dari raja dari Kerajaan Sunda yang beribu kota di Pakuan Pajajaran yang kekuasaanya konon tak terbatas, juga arif dan bijaksana serta wibawa dalam menjalankan roda pemerintahan. Sedangkan arti Mandala Wangsit merupakan sebuah tempat untuk menyimpan amanat, petuah atau nasihat dari pejuang masa lalu kepada generasi penerus melalu benda-benda yang ditinggalkannya. Museum ini diresmikan oleh panglima divisi Siliwangi Kolonel Ibrahim Adjie pada tanggal 23 Mei 1966. Museum ini berlokasi di Jalan Lembong, kecamatan Sumurbandung. Jalan ini diambil dari nama Letkol Lembong, salah satu prajurit Siliwangi yang menjadi korban dalam Peristiwa Kudeta Angkatan Perang Ratu Adil. Sebelumnya jalan itu bernama Oude Hospitaalweg.",Budaya,Bandung,0,4.5,https://lh5.googleusercontent.com/p/AF1QipPjOqnhdzsSg5APYCjo5XUgCu-s_zQivPKTqouq=w408-h306-k-no,"https://www.google.com/maps/place/Mandala+Wangsit+Siliwangi+Museum/@-6.9173255,107.6110696,17z/data=!3m1!4b1!4m6!3m5!1s0x2e68e63023209b95:0x3bdecfc50c8635e9!8m2!3d-6.9173255!4d107.6110696!16s%2Fg%2F122916dj?entry=ttu","Museum Mandala Wangsit Siliwangi Budaya Bandung Museum Wangsit Mandala Siliwangi adalah museum militer yang berada di Kota Bandung, Jawa Barat. Siliwangi merupakan nama komando daerah militer TNI-AD di Jawa Barat dan Banten yang namanya diambil dari raja dari Kerajaan Sunda yang beribu kota di Pakuan Pajajaran yang kekuasaanya konon tak terbatas, juga arif dan bijaksana serta wibawa dalam menjalankan roda pemerintahan. Sedangkan arti Mandala Wangsit merupakan sebuah tempat untuk menyimpan amanat, petuah atau nasihat dari pejuang masa lalu kepada generasi penerus melalu benda-benda yang ditinggalkannya. Museum ini diresmikan oleh panglima divisi Siliwangi Kolonel Ibrahim Adjie pada tanggal 23 Mei 1966. Museum ini berlokasi di Jalan Lembong, kecamatan Sumurbandung. Jalan ini diambil dari nama Letkol Lembong, salah satu prajurit Siliwangi yang menjadi korban dalam Peristiwa Kudeta Angkatan Perang Ratu Adil. Sebelumnya jalan itu bernama Oude Hospitaalweg.",museum mandala wangsit siliwangi budaya bandung museum wangsit mandala siliwangi museum militer kota bandung  jawa barat  siliwangi nama komando daerah militer tni-ad jawa barat banten nama ambil raja raja sunda ibu kota paku pajajaran kekuasaanya konon batas  arif bijaksana wibawa jalan roda perintah  arti mandala wangsit simpan amanat  petuah nasihat juang generasi terus lalu benda tinggal  museum resmi panglima divisi siliwangi kolonel ibrahim adjie tanggal 23 mei 1966 museum lokasi jalan lembong  camat sumurbandung  jalan ambil nama letkol lembong  salah prajurit siliwangi korban peristiwa kudeta angkat perang ratu adil  jalan nama oude hospitaalweg
266,Caringin Tilu,"Bandung tidak pernah kehilangan pesonanya, wisata alamnya selalu membius wisatawan untuk berkunjung. Caringin Tilu salah satunya, wisata dengan pemandangan alam yang indah. Pemandangan Kota Bandung yang terhampar 180 derajat. Tempat favorit wisatawan di kawasan wisata ini adalah Bukit Moko. Dimana di sana tersedia banyak kafe dan tempat makan yang siap menemani libur santai wisatawan. Siang hari, pemandangan alam indah disuguhkan, dan malam hari saatnya digantikan pemandangan lampu kota.",Cagar Alam,Bandung,0,4.5,https://lh5.googleusercontent.com/p/AF1QipNum1YlUJVhAPtCnOcdl5CzIrGvP-nkmxXuNp9D=w408-h306-k-no,"https://www.google.com/maps/place/Caringin+TILU/@-6.8588913,107.6652943,17z/data=!3m1!4b1!4m6!3m5!1s0x2e68e7593f7166d1:0xa8c9913e4dd768cf!8m2!3d-6.8588913!4d107.6652943!16s%2Fg%2F11fx_412cm?entry=ttu","Caringin Tilu Cagar Alam Bandung Bandung tidak pernah kehilangan pesonanya, wisata alamnya selalu membius wisatawan untuk berkunjung. Caringin Tilu salah satunya, wisata dengan pemandangan alam yang indah. Pemandangan Kota Bandung yang terhampar 180 derajat. Tempat favorit wisatawan di kawasan wisata ini adalah Bukit Moko. Dimana di sana tersedia banyak kafe dan tempat makan yang siap menemani libur santai wisatawan. Siang hari, pemandangan alam indah disuguhkan, dan malam hari saatnya digantikan pemandangan lampu kota.",caringin tilu cagar alam bandung bandung hilang pesona  wisata alam bius wisatawan kunjung  caringin tilu salah satu  wisata pandang alam indah  pandang kota bandung hampar 180 derajat  favorit wisatawan kawasan wisata bukit moko  mana sedia kafe makan tani libur santai wisatawan  siang  pandang alam indah suguh  malam ganti pandang lampu kota
267,Panama Park 825,"Panama Park Bandung menjadi salah satu tempat bermain di Bandung, Jawa Barat. Wahana rekreasi yang disebut-sebut terbesar di Bandung ini dibuka sejak Mei 2019 lalu. Ada beberapa permainan yang ditawarkan di arena ini, misalnya playground hingga snow park yang berisi salju. Pengguna pun bisa merasakan sensasi salju sebenarnya.",Taman Hiburan,Bandung,50000,4.5,https://lh5.googleusercontent.com/p/AF1QipP0mjGPzigC1WUzrT39z-bZ9zz9h-tHzaBvmjdw=w426-h240-k-no,"https://www.google.com/maps/place/Panama+Park+825/@-6.9119386,107.5697454,17z/data=!3m1!4b1!4m6!3m5!1s0x2e68e5682cc644a1:0x67f86f4c569d0f6c!8m2!3d-6.9119386!4d107.5697454!16s%2Fg%2F11h7cbm__g?entry=ttu","Panama Park 825 Taman Hiburan Bandung Panama Park Bandung menjadi salah satu tempat bermain di Bandung, Jawa Barat. Wahana rekreasi yang disebut-sebut terbesar di Bandung ini dibuka sejak Mei 2019 lalu. Ada beberapa permainan yang ditawarkan di arena ini, misalnya playground hingga snow park yang berisi salju. Pengguna pun bisa merasakan sensasi salju sebenarnya.",panama park 825 taman hibur bandung panama park bandung salah main bandung  jawa barat  wahana rekreasi sebut besar bandung buka mei 2019  main tawar arena  playground snow park isi salju  guna rasa sensasi salju
268,Sudut Pandang Bandung,"Sudut Pandang Cafe Bandung merupakan sebuah destinasi wisata baru di kawasan Pluncut. Sudut Pandang Cafe Bandung ini sendiri tepatnya berada di kawasan Sarae Hills di Jalan Pagermaneuh, RT 05/RW 07, Pagerwangi, Lembang, Kabupaten Bandung Barat, Jawa Barat. Sebagai informasi, Sarae Hills merupakan kawasan wisata di Punclut yang memadukan wisata alam, wisata kuliner, wisata selfie dan kegiatan outbound. Di kawasan ini, kamu bisa berlibur bersama teman atau keluarga sambil menikmati pemandangan alam serta Bandung city view. Sebelumnya Sarae Hills telah bekerja sama dengan beberapa tempat wisata yakni Tafso Barn, Lereng Anteng, De BlankON, Dago Bakery, Cakrawala Sparkling Nature, dan D’Dieuland. Nah, mulai tanggal 5 September kemarin, Sarae Hills dihiasi dengan sebuah cafe yang tak lain adalah Sudut Pandang Cafe Bandung.",Taman Hiburan,Bandung,50000,4.6,https://lh5.googleusercontent.com/p/AF1QipPsWrXuhVKRhz7H6eUeYYkYcRvllvRF4ExusF-k=w426-h240-k-no,"https://www.google.com/maps/place/Sudut+Pandang+Bandung/@-6.8423638,107.6232403,17z/data=!3m1!4b1!4m6!3m5!1s0x2e68e1faed889683:0x932dff1d8f7ba812!8m2!3d-6.8423638!4d107.6232403!16s%2Fg%2F11kfl9ws19?entry=ttu","Sudut Pandang Bandung Taman Hiburan Bandung Sudut Pandang Cafe Bandung merupakan sebuah destinasi wisata baru di kawasan Pluncut. Sudut Pandang Cafe Bandung ini sendiri tepatnya berada di kawasan Sarae Hills di Jalan Pagermaneuh, RT 05/RW 07, Pagerwangi, Lembang, Kabupaten Bandung Barat, Jawa Barat. Sebagai informasi, Sarae Hills merupakan kawasan wisata di Punclut yang memadukan wisata alam, wisata kuliner, wisata selfie dan kegiatan outbound. Di kawasan ini, kamu bisa berlibur bersama teman atau keluarga sambil menikmati pemandangan alam serta Bandung city view. Sebelumnya Sarae Hills telah bekerja sama dengan beberapa tempat wisata yakni Tafso Barn, Lereng Anteng, De BlankON, Dago Bakery, Cakrawala Sparkling Nature, dan D’Dieuland. Nah, mulai tanggal 5 September kemarin, Sarae Hills dihiasi dengan sebuah cafe yang tak lain adalah Sudut Pandang Cafe Bandung.",sudut pandang bandung taman hibur bandung sudut pandang cafe bandung destinasi wisata kawasan pluncut  sudut pandang cafe bandung tepat kawasan sarae hills jalan pagermaneuh  rt 05 rw 07  pagerwangi  lembang  kabupaten bandung barat  jawa barat  informasi  sarae hills kawasan wisata punclut madu wisata alam  wisata kuliner  wisata selfie giat outbound  kawasan  libur teman keluarga nikmat pandang alam bandung city view  sarae hills wisata tafso barn  lereng anteng  de blankon  dago bakery  cakrawala sparkling nature  d  dieuland   tanggal 5 september kemarin  sarae hills hias cafe sudut pandang cafe bandung
269,Bumi Perkemahan Batu Kuda,"Bumi Perkemahan Batu Kuda ini terletak di Desa Cibiru Wetan, Kecamatan Cileunyi, Kabupaten Bandung, tepatnya berada di kaki gunung Manglayang. Area Batu Kuda sendiri cukup terkenal di kalangan masyarakat sekitar. Selain karena merupakan titik pertama bagi para pendaki yang hendak melanjutkan perjalanan ke puncak gunung Manglayang, konon pada zaman dahulu, seorang prabu dari sebuah kerajaan di Jawa Barat yang bernama Prabu Layang Kusuma sedang menunggangi kuda nya yang bisa terbang di sekitar gunung Manglayang. Dan secara tiba – tiba kuda yang ditunggangi sang Prabu terjerembab ke dalam kubangan. Sekuat apapun usaha kuda tersebut untuk keluar dari kubangan tersebut tidak membuahkan hasil. Hingga lambat laun kuda milik sang Prabu yang terjerembab tersebut berubah menjadi batu. Maka batu tersebut disebut lah dengan istilah Batu Kuda. Selain itu, sang Prabu sendiri memilih untuk bertapa di dekat Batu Kuda, dan kini tempat sang Prabu bertapa dikenal dengan nama Batu Kursi. Area perkemahan Batu Kuda yang terbilang cukup luas, membuat anda tidak perlu khawatir kehabisan titik berkemah. Tak hanya itu, anda bisa melihat pohon – pohon pinus yang menjulang sejauh mata memandang. Selain digunakan untuk tempat berkemah para pendaki, anda pun bisa mengajak keluarga anda saat liburan. Karena area ini terbuka untuk anda sekeluarga yang sekedar ingin berjalan – jalan menikmati hutan pinus, ataupun menghabiskan malam dengan tidur di hotel bertabur bintang.",Cagar Alam,Bandung,7500,4.6,https://lh5.googleusercontent.com/p/AF1QipP3kPXZ9MbR3RRnDSc0i8XW-p78pYFfHOz8y994=w408-h305-k-no,"https://www.google.com/maps/place/Batu+Kuda+Manglayang+Campground/@-6.8929114,107.7451455,17z/data=!3m1!4b1!4m6!3m5!1s0x2e68dc8c27b518bd:0x9757462f3cebb7d6!8m2!3d-6.8929114!4d107.7451455!16s%2Fg%2F11b8zvqh70?entry=ttu","Bumi Perkemahan Batu Kuda Cagar Alam Bandung Bumi Perkemahan Batu Kuda ini terletak di Desa Cibiru Wetan, Kecamatan Cileunyi, Kabupaten Bandung, tepatnya berada di kaki gunung Manglayang. Area Batu Kuda sendiri cukup terkenal di kalangan masyarakat sekitar. Selain karena merupakan titik pertama bagi para pendaki yang hendak melanjutkan perjalanan ke puncak gunung Manglayang, konon pada zaman dahulu, seorang prabu dari sebuah kerajaan di Jawa Barat yang bernama Prabu Layang Kusuma sedang menunggangi kuda nya yang bisa terbang di sekitar gunung Manglayang. Dan secara tiba – tiba kuda yang ditunggangi sang Prabu terjerembab ke dalam kubangan. Sekuat apapun usaha kuda tersebut untuk keluar dari kubangan tersebut tidak membuahkan hasil. Hingga lambat laun kuda milik sang Prabu yang terjerembab tersebut berubah menjadi batu. Maka batu tersebut disebut lah dengan istilah Batu Kuda. Selain itu, sang Prabu sendiri memilih untuk bertapa di dekat Batu Kuda, dan kini tempat sang Prabu bertapa dikenal dengan nama Batu Kursi. Area perkemahan Batu Kuda yang terbilang cukup luas, membuat anda tidak perlu khawatir kehabisan titik berkemah. Tak hanya itu, anda bisa melihat pohon – pohon pinus yang menjulang sejauh mata memandang. Selain digunakan untuk tempat berkemah para pendaki, anda pun bisa mengajak keluarga anda saat liburan. Karena area ini terbuka untuk anda sekeluarga yang sekedar ingin berjalan – jalan menikmati hutan pinus, ataupun menghabiskan malam dengan tidur di hotel bertabur bintang.",bumi kemah batu kuda cagar alam bandung bumi kemah batu kuda letak desa cibiru wetan  camat cileunyi  kabupaten bandung  tepat kaki gunung manglayang  area batu kuda kenal kalang masyarakat  titik daki lanjut jalan puncak gunung manglayang  konon zaman  prabu raja jawa barat nama prabu layang kusuma tunggang kuda nya terbang gunung manglayang   kuda tunggang sang prabu terjerembab kubang  kuat apa usaha kuda kubang buah hasil  lambat laun kuda milik sang prabu terjerembab ubah batu  batu istilah batu kuda   sang prabu pilih tapa batu kuda  sang prabu tapa kenal nama batu kursi  area kemah batu kuda bilang luas  khawatir habis titik kemah   pohon  pohon pinus julang mata pandang  kemah daki  ajak keluarga libur  area buka keluarga dar jalan  jalan nikmat hutan pinus  habis malam tidur hotel tabur bintang
270,Bukit Bintang,"Bukit Bintang (Melayu [bu.ket̚ bi.ntaŋ]; disebut dengan nama Bintang Walk atau Starhill, yang terakhir menjadi terjemahan dari nama Melayu) adalah nama dari distrik perbelanjaan dan hiburan di Kuala Lumpur, Malaysia. Daerah ini meliputi Jalan Bukit Bintang dan daerah disekitarnya. Daerah ini telah lama menjadi pusat ritel paling menonjol di Kuala Lumpur yang merupakan rumah bagi banyak pusat perbelanjaan terkenal, kafe al fresco, bar megah, pasar malam, serta jajanan-jenis restoran. Daerah ini populer di kalangan wisatawan dan penduduk lokal, terutama di kalangan pemuda. Sebuah bagian dari Bintang Walk identik disebut sebagai ""Arab Street"".",Cagar Alam,Bandung,25000,4.6,https://lh5.googleusercontent.com/p/AF1QipO-5ANbsY8Cr5mFoMaf0LxSIbPcEui2E3f9L54y=w408-h306-k-no,"https://www.google.com/maps/place/Bukit+Bintang/@-6.8417795,107.6768585,17z/data=!3m1!4b1!4m6!3m5!1s0x2e68dfe760948fe7:0x85366eae427c5863!8m2!3d-6.8417795!4d107.6768585!16s%2Fg%2F11fl8ldgs9?entry=ttu","Bukit Bintang Cagar Alam Bandung Bukit Bintang (Melayu [bu.ket̚ bi.ntaŋ]; disebut dengan nama Bintang Walk atau Starhill, yang terakhir menjadi terjemahan dari nama Melayu) adalah nama dari distrik perbelanjaan dan hiburan di Kuala Lumpur, Malaysia. Daerah ini meliputi Jalan Bukit Bintang dan daerah disekitarnya. Daerah ini telah lama menjadi pusat ritel paling menonjol di Kuala Lumpur yang merupakan rumah bagi banyak pusat perbelanjaan terkenal, kafe al fresco, bar megah, pasar malam, serta jajanan-jenis restoran. Daerah ini populer di kalangan wisatawan dan penduduk lokal, terutama di kalangan pemuda. Sebuah bagian dari Bintang Walk identik disebut sebagai ""Arab Street"".",bukit bintang cagar alam bandung bukit bintang  melayu  bu ket bi nta   nama bintang walk starhill  terjemah nama melayu  nama distrik belanja hibur kuala lumpur  malaysia  daerah liput jalan bukit bintang daerah sekitar  daerah pusat ritel tonjol kuala lumpur rumah pusat belanja kenal  kafe al fresco  bar megah  pasar malam  jajanan-jenis restoran  daerah populer kalang wisatawan duduk lokal  kalang pemuda  bintang walk identik  arab street
271,Taman Vanda,"Taman Vanda Bandung adalah taman yang terletak di Kota Bandung, Jawa Barat. Taman ini memiliki latar belakang pemandangan air mancur pada malam hari. Pada malam hari dipasang air mancur di 20 titik dengan sorot lampu warna-warni yang memesona.\nUntuk melengkapi masyarakat Bandung yang ingin bersantai, di Taman Vanda disediakan bangku-bangku taman. Pepohonan rimbun yang ditanam di sekitar taman membuatnya menjadi lebih segar dan asri. Bersantai di sini pada siang hari juga sangat asyik dengan angin semilir dan sinar matahari tertutupi rimbunnya pohon-pohon.",Taman Hiburan,Bandung,0,4.4,https://lh5.googleusercontent.com/p/AF1QipP1pS53LguYPl_jI3f5ceHAKHenlmZ4A8aTm0lB=w408-h306-k-no,"https://www.google.com/maps/place/Vanda+Park/@-6.9140478,107.6101684,17z/data=!3m1!4b1!4m6!3m5!1s0x2e68e630989ff9e3:0xf2fcbd033e4d9e8d!8m2!3d-6.9140478!4d107.6101684!16s%2Fg%2F11b8v9mpf8?entry=ttu","Taman Vanda Taman Hiburan Bandung Taman Vanda Bandung adalah taman yang terletak di Kota Bandung, Jawa Barat. Taman ini memiliki latar belakang pemandangan air mancur pada malam hari. Pada malam hari dipasang air mancur di 20 titik dengan sorot lampu warna-warni yang memesona.\nUntuk melengkapi masyarakat Bandung yang ingin bersantai, di Taman Vanda disediakan bangku-bangku taman. Pepohonan rimbun yang ditanam di sekitar taman membuatnya menjadi lebih segar dan asri. Bersantai di sini pada siang hari juga sangat asyik dengan angin semilir dan sinar matahari tertutupi rimbunnya pohon-pohon.",taman vanda taman hibur bandung taman vanda bandung taman letak kota bandung  jawa barat  taman milik latar pandang air mancur malam  malam pasang air mancur 20 titik sorot lampu warna-warni pesona nuntuk lengkap masyarakat bandung santa  taman vanda sedia bangku taman  pohon rimbun tanam taman buat segar asri  santa siang asyik angin milir sinar matahari tutup rimbun pohon
272,Taman Budaya Jawa Barat,"Taman Budaya Jawa Barat (TBJB) didirikan pada tahun 1991 di Kawasan Dago Tea House. TBJB memiliki fasilitas gedung teater tertutup, teater terbuka, ruang pameran, sekertariat, sanggar olah seni, wisma seni, dan cafetaria. Semua fasilitas tersebut diperuntunkan untuk kelancaran beraktifitas dan berkarya para warga Bandung, khususnya para seniman. TBJB menghelat berbagai macam agenda yang menarik seperti pementasan karya seni, lomba seni, eksperimentasi karya seni, seminar, workshop, sarasehan seni dan budaya, penerbitan buku, dsb.",Budaya,Bandung,0,5,https://lh5.googleusercontent.com/p/AF1QipNAk9umV4MQSzL9PzO0ajAdHW0SFx1J5NmV0zTZ=w408-h271-k-no,"https://www.google.com/maps/place/taman+budaya/@-6.8703927,107.6166928,17z/data=!3m1!4b1!4m6!3m5!1s0x2e68e7be0739ffb5:0x24559ce4a2509192!8m2!3d-6.8703927!4d107.6166928!16s%2Fg%2F11pz0ffddb?entry=ttu","Taman Budaya Jawa Barat Budaya Bandung Taman Budaya Jawa Barat (TBJB) didirikan pada tahun 1991 di Kawasan Dago Tea House. TBJB memiliki fasilitas gedung teater tertutup, teater terbuka, ruang pameran, sekertariat, sanggar olah seni, wisma seni, dan cafetaria. Semua fasilitas tersebut diperuntunkan untuk kelancaran beraktifitas dan berkarya para warga Bandung, khususnya para seniman. TBJB menghelat berbagai macam agenda yang menarik seperti pementasan karya seni, lomba seni, eksperimentasi karya seni, seminar, workshop, sarasehan seni dan budaya, penerbitan buku, dsb.",taman budaya jawa barat budaya bandung taman budaya jawa barat  tbjb  diri 1991 kawasan dago tea house  tbjb milik fasilitas gedung teater tutup  teater buka  ruang pamer  sekertariat  sanggar olah seni  wisma seni  cafetaria  fasilitas untun lancar beraktifitas karya warga bandung  seniman  tbjb helat agenda tarik mentas karya seni  lomba seni  eksperimentasi karya seni  seminar  workshop  sarasehan seni budaya  terbit buku  dsb
273,Curug Bugbrug,"Curug Bugbrug Sesuai dengan namanya kata Bugbrug dalam bahasa sunda adalah berarti bertumpuk atau tumpah tindih. Jadi apabila Anda ditanya kenapa air terjun di bandung ini dinamai Curug Bugbrug Maka jawabannya ialah karena air yang jatuh dari atas ke bawah itu seperti terlihat bertumpuk-tumpuk. Dan jatuhnya tersebut terdengar suara di dasar curug seperti ” brug…brug…brug ” begitu saking kerasnya. Curug yang berada di ketinggian 1.050 meter di atas permukaan air laut, memiliki ketinggian dari 50 meter tingginya dan lebar curug sekitar 2 meter. Tempat ini menjadi pusat buruan wisatawan yang berlibur ke bandung.",Cagar Alam,Bandung,7500,4.7,https://lh5.googleusercontent.com/p/AF1QipOLs-RYttdaBf1ckb8kJOOAQTV6_R90o3t6NG7C=w408-h544-k-no,"https://www.google.com/maps/place/Curug+Bugbrug/@-6.7921116,107.5800837,17z/data=!3m1!4b1!4m6!3m5!1s0x2e68e15217e648ed:0xfdda528594c8a6a0!8m2!3d-6.7921116!4d107.5800837!16s%2Fg%2F11rklcz63g?entry=ttu","Curug Bugbrug Cagar Alam Bandung Curug Bugbrug Sesuai dengan namanya kata Bugbrug dalam bahasa sunda adalah berarti bertumpuk atau tumpah tindih. Jadi apabila Anda ditanya kenapa air terjun di bandung ini dinamai Curug Bugbrug Maka jawabannya ialah karena air yang jatuh dari atas ke bawah itu seperti terlihat bertumpuk-tumpuk. Dan jatuhnya tersebut terdengar suara di dasar curug seperti ” brug…brug…brug ” begitu saking kerasnya. Curug yang berada di ketinggian 1.050 meter di atas permukaan air laut, memiliki ketinggian dari 50 meter tingginya dan lebar curug sekitar 2 meter. Tempat ini menjadi pusat buruan wisatawan yang berlibur ke bandung.",curug bugbrug cagar alam bandung curug bugbrug sesuai nama bugbrug bahasa sunda tumpuk tumpah tindih  air terjun bandung nama curug bugbrug jawab air jatuh tumpuk  jatuh dengar suara dasar curug  brug brug brug  saking keras  curug tinggi 1 050 meter muka air laut  milik tinggi 50 meter tinggi lebar curug 2 meter  pusat buru wisatawan libur bandung
274,Babakan Siliwangi City Forest Path Bandung,Forest walk Babakan Siliwangi adalah fasilitas publik berupa hutan kota. Hutan ini merupakan hutan kota yang masih aktif di kota Bandung hingga kini. Letaknya strategis berada di kawasan taman sari dekat dengan kampus ITB dan kebun binatang. Kawasan ini bernuansa sejuk karena didominasi oleh pepohonan yang rindang. Jembatan kayu dan besi yang saling terhubung mengelilingi kawasan ini menjadi jalan untuk menyusuri hutan. Pengunjung bisa berjalan di atas jembatan kayu sambil menikmati segarnya udara di kawasan hutan kota ini.,Cagar Alam,Bandung,0,4.6,https://lh5.googleusercontent.com/p/AF1QipNHoW1UMVb-3TIOVfSeUE-TxzXEqPeyLy0roelT=w408-h544-k-no,"https://www.google.com/maps/place/Babakan+Siliwangi+City+Forest/@-6.8861673,107.6112904,17z/data=!3m1!4b1!4m6!3m5!1s0x2e68e6f840ab33e3:0x734f9b066bb610fa!8m2!3d-6.8861673!4d107.6112904!16s%2Fg%2F11bzs0jmyn?entry=ttu",Babakan Siliwangi City Forest Path Bandung Cagar Alam Bandung Forest walk Babakan Siliwangi adalah fasilitas publik berupa hutan kota. Hutan ini merupakan hutan kota yang masih aktif di kota Bandung hingga kini. Letaknya strategis berada di kawasan taman sari dekat dengan kampus ITB dan kebun binatang. Kawasan ini bernuansa sejuk karena didominasi oleh pepohonan yang rindang. Jembatan kayu dan besi yang saling terhubung mengelilingi kawasan ini menjadi jalan untuk menyusuri hutan. Pengunjung bisa berjalan di atas jembatan kayu sambil menikmati segarnya udara di kawasan hutan kota ini.,babakan siliwangi city forest path bandung cagar alam bandung forest walk babakan siliwangi fasilitas publik hutan kota  hutan hutan kota aktif kota bandung  letak strategis kawasan taman sari kampus itb kebun binatang  kawasan nuansa sejuk dominasi pohon rindang  jembatan kayu besi hubung keliling kawasan jalan susur hutan  unjung jalan jembatan kayu nikmat segar udara kawasan hutan kota
275,Curug Cipanas,"Siapa bilang berendam air panas harus merogoh kocek dalam? Kabupaten Bandung Barat punya solusi bagi pelancong yang ingin merasakan manfaat air panas pegunungan asli tanpa harus membayar mahal. Adalah Curug Cipanas Nagrak, objek wisata alam yang menawarkan pemandian air panas alami. Pemandian air panas ini bahkan tidak hanya sekadar kolam, melainkan berupa air terjun alami di tengah kawasan perkebunan. Mata airnya mengalir deras menjadi sebuah air terjun kecil di tengah lahan perbukitan hijau. Pengunjung akan merasakan sensasi berendam di kolam air panas yang nyaman di tengah alam terbuka.
",Cagar Alam,Bandung,20000,4,https://lh5.googleusercontent.com/p/AF1QipO5R1MTxSS1b1BjxwqShg-oJs3KrOE4Yi9lnyFx=w428-h240-k-no,"https://www.google.com/maps/place/Curug+Cipanas/@-6.8018806,107.5915295,17z/data=!3m1!4b1!4m6!3m5!1s0x2e68e199627b9451:0xb0da93f3fa8cce42!8m2!3d-6.8018806!4d107.5915295!16s%2Fg%2F11fy4jg1lf?entry=ttu","Curug Cipanas Cagar Alam Bandung Siapa bilang berendam air panas harus merogoh kocek dalam? Kabupaten Bandung Barat punya solusi bagi pelancong yang ingin merasakan manfaat air panas pegunungan asli tanpa harus membayar mahal. Adalah Curug Cipanas Nagrak, objek wisata alam yang menawarkan pemandian air panas alami. Pemandian air panas ini bahkan tidak hanya sekadar kolam, melainkan berupa air terjun alami di tengah kawasan perkebunan. Mata airnya mengalir deras menjadi sebuah air terjun kecil di tengah lahan perbukitan hijau. Pengunjung akan merasakan sensasi berendam di kolam air panas yang nyaman di tengah alam terbuka.
",curug cipanas cagar alam bandung bilang rendam air panas rogoh kocek  kabupaten bandung barat solusi lancong rasa manfaat air panas gunung asli bayar mahal  curug cipanas nagrak  objek wisata alam tawar mandi air panas alami  mandi air panas kolam  air terjun alami kawasan kebun  mata air alir deras air terjun lahan bukit hijau  unjung rasa sensasi rendam kolam air panas nyaman alam buka
276,Taman Jomblo,"Taman Jomblo dapat mengacu kepada:\n\nTaman Pasupati, sebuah taman yang didirikan oleh Ridwan Kamil di Bandung\nPedestrian Jomblo, sebuah tempat rekreasi yang didirikan di Jambi\nTaman Jomblo (Mataram), sebuah taman yang didirikan di Mataram, Nusa Tenggara Barat",Taman Hiburan,Bandung,10000,4.1,https://lh5.googleusercontent.com/p/AF1QipOyTRLw8i9GHJcKISS5kFalzIMi_9zdQhIikn3n=w426-h240-k-no,"https://www.google.com/maps/place/Taman+Jomblo/@-6.8981292,107.6094856,17z/data=!3m1!4b1!4m6!3m5!1s0x2e68e64558dc707f:0x68faa71ab2b64e9c!8m2!3d-6.8981292!4d107.6094856!16s%2Fg%2F1pz2twl_1?entry=ttu","Taman Jomblo Taman Hiburan Bandung Taman Jomblo dapat mengacu kepada:\n\nTaman Pasupati, sebuah taman yang didirikan oleh Ridwan Kamil di Bandung\nPedestrian Jomblo, sebuah tempat rekreasi yang didirikan di Jambi\nTaman Jomblo (Mataram), sebuah taman yang didirikan di Mataram, Nusa Tenggara Barat",taman jomblo taman hibur bandung taman jomblo acu  n ntaman pasupati  taman diri ridwan kamil bandung npedestrian jomblo  rekreasi diri jambi ntaman jomblo  mataram   taman diri mataram  nusa tenggara barat
277,Peta Park,"Bandung seperti tidak henti menawarkan tempat wisata menarik untuk dikunjungi. Terutama untuk para anak muda. Beberapa waktu lalu Peta Park Bandung dibuka. Tempat wisata yang menawarkan konsep taman-taman yang bersih dan indah. Sangat cocok sebagai tempat bersantai dan menghindari hiruk-pikuk kota. Taman rekreasi yang ada di pusat kota Bandung ini memiliki konsep taman piknik. Karena hal tersebut, saat berada di sini, pengunjung tidak hanya bisa berfoto. Akan tetapi juga bisa melakukan kegiatan yang lainnya misalnya berpiknik.",Taman Hiburan,Bandung,15000,4.4,https://lh5.googleusercontent.com/p/AF1QipNl4O-Ga0nd4jkvOUM5kfIO1tB7g_h30X7SL5uW=w408-h306-k-no,"https://www.google.com/maps/place/Peta+Park/@-6.931545,107.588444,17z/data=!3m1!4b1!4m6!3m5!1s0x2e68e8a7ac23de71:0xcd4044117c0489a6!8m2!3d-6.931545!4d107.588444!16s%2Fg%2F11cs6spvj1?entry=ttu","Peta Park Taman Hiburan Bandung Bandung seperti tidak henti menawarkan tempat wisata menarik untuk dikunjungi. Terutama untuk para anak muda. Beberapa waktu lalu Peta Park Bandung dibuka. Tempat wisata yang menawarkan konsep taman-taman yang bersih dan indah. Sangat cocok sebagai tempat bersantai dan menghindari hiruk-pikuk kota. Taman rekreasi yang ada di pusat kota Bandung ini memiliki konsep taman piknik. Karena hal tersebut, saat berada di sini, pengunjung tidak hanya bisa berfoto. Akan tetapi juga bisa melakukan kegiatan yang lainnya misalnya berpiknik.",peta park taman hibur bandung bandung henti tawar wisata tarik kunjung  anak muda  peta park bandung buka  wisata tawar konsep taman bersih indah  cocok santa hindar hiruk-pikuk kota  taman rekreasi pusat kota bandung milik konsep taman piknik    unjung foto  giat piknik
278,Masjid Daarut Tauhiid Bandung,"pada bulan Juli 1993 berdirilah sebuah masjid berlantai tiga, tepatnya di Jalan Gegerkalong Girang nomor 38 Bandung. Masjid ini sering dijuluki sebagai masjid seribu tangan karena dibangun secara gotong royong oleh ribuan masyarakat dan jamaah Daarut Tauhid. Pada saat itu, di bagian bawah bangunan Masjid Daarut Tauhid dialokasikan sejumlah kamar tidur yang berfungsi sebagai asrama santri putri atau akhwat yang berkapasitas 70 orang. Adapun lantai dua dan tiga difungsikan untuk shalat sedangkan lantai satu dijadikan area untuk toko (minimarket), ruang khusus akhwat, ruang wudhu, dan kamar mandi. Pada tahun 2015 dilakukan pembangunan perluasan dan renovasi Masjid Daarut Tauhid Bandung secara besar-besaran. Peletakan batu pertama pembangunan masjid dilakukan pada Kamis, 29 Januari 2015. Dua tahun kemudian tepatnya tanggal 20 November 2017 Masjid Daarut Tauhiid rampung pembangunannya dan diresmikan oleh KH. Abdullah Gymnastiar selaku Pembina Pesantren Daarut Tauhiid. Masjid hasil renovasi terbaru dibangun 4 lantai plus basement satu lantai. Pintu masjid terpisah antara ikhwan dan akhwat. Front Office (FO) DKM juga ada pada masing-masing area. Tempat wudhu dan kamar mandi dekat dengan pintu masuk. Salah satu hal yang membedakan Masjid Daarut Tauhid dengan masih lain adalah sangat bersahabat dengan jamaah difabel, yaitu dengan memfasilitasi lift khusus untuk mereka agar memudahkan mereka menaiki ruangan masjid hingga ke lantai 4. Selain itu juga dilengkapi kamar mandi khusus difabel yang terpisah antara ikhwan dan akhwat.",Tempat Ibadah,Bandung,0,4.9,https://lh5.googleusercontent.com/p/AF1QipMpDeGsp2_4bQaCGz-2vp3iWfA7fAfLwLoIMXDF=w408-h544-k-no,"https://www.google.com/maps/place/Daarut+Tauhiid+Mosque/@-6.863527,107.5899194,17z/data=!3m1!4b1!4m6!3m5!1s0x2e68e6bc43bf1085:0x62a3d4bfa1e4ab9a!8m2!3d-6.863527!4d107.5899194!16s%2Fg%2F1pzrr9jwq?entry=ttu","Masjid Daarut Tauhiid Bandung Tempat Ibadah Bandung pada bulan Juli 1993 berdirilah sebuah masjid berlantai tiga, tepatnya di Jalan Gegerkalong Girang nomor 38 Bandung. Masjid ini sering dijuluki sebagai masjid seribu tangan karena dibangun secara gotong royong oleh ribuan masyarakat dan jamaah Daarut Tauhid. Pada saat itu, di bagian bawah bangunan Masjid Daarut Tauhid dialokasikan sejumlah kamar tidur yang berfungsi sebagai asrama santri putri atau akhwat yang berkapasitas 70 orang. Adapun lantai dua dan tiga difungsikan untuk shalat sedangkan lantai satu dijadikan area untuk toko (minimarket), ruang khusus akhwat, ruang wudhu, dan kamar mandi. Pada tahun 2015 dilakukan pembangunan perluasan dan renovasi Masjid Daarut Tauhid Bandung secara besar-besaran. Peletakan batu pertama pembangunan masjid dilakukan pada Kamis, 29 Januari 2015. Dua tahun kemudian tepatnya tanggal 20 November 2017 Masjid Daarut Tauhiid rampung pembangunannya dan diresmikan oleh KH. Abdullah Gymnastiar selaku Pembina Pesantren Daarut Tauhiid. Masjid hasil renovasi terbaru dibangun 4 lantai plus basement satu lantai. Pintu masjid terpisah antara ikhwan dan akhwat. Front Office (FO) DKM juga ada pada masing-masing area. Tempat wudhu dan kamar mandi dekat dengan pintu masuk. Salah satu hal yang membedakan Masjid Daarut Tauhid dengan masih lain adalah sangat bersahabat dengan jamaah difabel, yaitu dengan memfasilitasi lift khusus untuk mereka agar memudahkan mereka menaiki ruangan masjid hingga ke lantai 4. Selain itu juga dilengkapi kamar mandi khusus difabel yang terpisah antara ikhwan dan akhwat.",masjid daarut tauhiid bandung ibadah bandung juli 1993 diri masjid lantai  tepat jalan gegerkalong girang nomor 38 bandung  masjid juluk masjid ribu tangan bangun gotong royong ribu masyarakat jamaah daarut tauhid   bangun masjid daarut tauhid alokasi kamar tidur fungsi asrama santri putri akhwat kapasitas 70 orang  lantai fungsi shalat lantai jadi area toko  minimarket   ruang khusus akhwat  ruang wudhu  kamar mandi  2015 bangun luas renovasi masjid daarut tauhid bandung besar  leta batu bangun masjid kamis  29 januari 2015 tepat tanggal 20 november 2017 masjid daarut tauhiid rampung bangun resmi kh  abdullah gymnastiar bina pesantren daarut tauhiid  masjid hasil renovasi baru bangun 4 lantai plus basement lantai  pintu masjid pisah ikhwan akhwat  front office  fo  dkm area  wudhu kamar mandi pintu masuk  salah beda masjid daarut tauhid sahabat jamaah difabel  fasilitas lift khusus mudah ruang masjid lantai 4 lengkap kamar mandi khusus difabel pisah ikhwan akhwat
279,Masjid Agung Trans Studio Bandung,"Masjid Agung Trans Studio Bandung (TSB) berdiri megah. Rumah ibadah seluas 4.000 meter persegi bergaya Timur Tengah ini menjadi oase di tengah-tengah pusat perbelanjaan dan tempat rekreasi. konsep masjid modern yang mengadopsi ala Timur Tengah ini berdasarkan arahan Chairul Tanjung (CT), selaku pemiki CT Corp. Dia langsung menerawang guna mewujudkan desain Masjid Agung TSB yang kental dengan sentuhan Masjid Nabawi.",Tempat Ibadah,Bandung,0,4.8,https://lh5.googleusercontent.com/p/AF1QipOo32hU0xsOnYxBPCItWdWv1mFpWgBkmAtarktv=w408-h304-k-no,"https://www.google.com/maps/place/Grand+Mosque+of+Trans+Studio/@-6.9259359,107.6354559,17z/data=!3m1!4b1!4m6!3m5!1s0x2e68e7d8683ac67f:0x23ea404d0be9684a!8m2!3d-6.9259359!4d107.6354559!16s%2Fg%2F11bbydz3hk?entry=ttu","Masjid Agung Trans Studio Bandung Tempat Ibadah Bandung Masjid Agung Trans Studio Bandung (TSB) berdiri megah. Rumah ibadah seluas 4.000 meter persegi bergaya Timur Tengah ini menjadi oase di tengah-tengah pusat perbelanjaan dan tempat rekreasi. konsep masjid modern yang mengadopsi ala Timur Tengah ini berdasarkan arahan Chairul Tanjung (CT), selaku pemiki CT Corp. Dia langsung menerawang guna mewujudkan desain Masjid Agung TSB yang kental dengan sentuhan Masjid Nabawi.",masjid agung trans studio bandung ibadah bandung masjid agung trans studio bandung  tsb  diri megah  rumah ibadah luas 4 000 meter persegi gaya timur oase tengah pusat belanja rekreasi  konsep masjid modern adopsi ala timur dasar arah chairul tanjung  ct   mik ct corp langsung terawang wujud desain masjid agung tsb kental sentuh masjid nabawi
280,Gereja Tiberias Indonesia Bandung,"Gereja Tiberias Indonesia (GTI), atau Tiberias Ministry adalah salah satu sinode gereja Kristen Protestan di Indonesia. Salah satu ciri khas dari pelayanan GTI adalah pelayanan Kesembuhan Ilahi melalui Perjamuan Kudus dan Minyak Urapan. Gereja Tiberias Indonesia merupakan gereja pewahyuan yang diperintahkan oleh Tuhan Yesus kepada Pdt. DR. Yesaya Pariadji. Tugas Gereja Tiberias adalah untuk membuktikan bahwa Yesus Kristus adalah Tuhan Allah yang Maha Kuasa dibuktikan melalui mujizat-mujizatNya; bahwa Firman Allah bukan terdiri atas kata-kata, tetapi kuasa; bahwa Firman Allah lebih dari seluruh ilmu pengetahuan manusia; bahwa manusia harus hidup dalam pertobatan, harus hidup dalam kekudusan agar layak berdiri di hadapanNya dan pesta di Kerajaan Sorga.",Tempat Ibadah,Bandung,0,5,https://lh5.googleusercontent.com/p/AF1QipNO02Qs5WV0rHk6Ex4ucA6Ok5Xinw2J97NdxekU=w408-h725-k-no,"https://www.google.com/maps/place/Tiberias+Church+Indonesia/@-6.9173659,107.6089538,17z/data=!3m1!4b1!4m6!3m5!1s0x2e68e63abd35f49b:0x110db3ed6170764c!8m2!3d-6.9173659!4d107.6089538!16s%2Fg%2F12307dd3?entry=ttu","Gereja Tiberias Indonesia Bandung Tempat Ibadah Bandung Gereja Tiberias Indonesia (GTI), atau Tiberias Ministry adalah salah satu sinode gereja Kristen Protestan di Indonesia. Salah satu ciri khas dari pelayanan GTI adalah pelayanan Kesembuhan Ilahi melalui Perjamuan Kudus dan Minyak Urapan. Gereja Tiberias Indonesia merupakan gereja pewahyuan yang diperintahkan oleh Tuhan Yesus kepada Pdt. DR. Yesaya Pariadji. Tugas Gereja Tiberias adalah untuk membuktikan bahwa Yesus Kristus adalah Tuhan Allah yang Maha Kuasa dibuktikan melalui mujizat-mujizatNya; bahwa Firman Allah bukan terdiri atas kata-kata, tetapi kuasa; bahwa Firman Allah lebih dari seluruh ilmu pengetahuan manusia; bahwa manusia harus hidup dalam pertobatan, harus hidup dalam kekudusan agar layak berdiri di hadapanNya dan pesta di Kerajaan Sorga.",gereja tiberias indonesia bandung ibadah bandung gereja tiberias indonesia  gti   tiberias ministry salah sinode gereja kristen protestan indonesia  salah ciri khas layan gti layan sembuh ilahi jamu kudus minyak urap  gereja tiberias indonesia gereja wahyu perintah tuhan yesus pdt  dr yesaya pariadji  tugas gereja tiberias bukti yesus kristus tuhan allah maha kuasa bukti mujizat-mujizatnya  firman allah kata  kuasa  firman allah ilmu tahu manusia  manusia hidup tobat  hidup kudus layak diri hadap pesta raja sorga
281,Tektona Waterpark,"Tektona Waterpark sebuah wahana yang memberikan sensasi bermain air bersama keluarga dan sahabat anda, memberikan keceriaan bagi anak-anak maupun pengunjung dewasa dengan fasilitas modern diantaranya Kolam Ombak dan Kolam Arus, Kolam Anak dan Balita, Semi Olympic serta Mini Slider untuk anak-anak dan Mega Slider untuk dewasa dengan ketinggian hampir dari 30 meter, yang akan memicu adrenaline para pengunjung. Selain itu wahana Tektona Waterpark juga menyediakan pojok kuliner, gazebo serta jasa pompa dan foto aksi yang dapat diperoleh di sudut wahana Tektona Waterpark, dan juga selalu tersedia ruang ganti serta ruang bilas di dalam kawasan Tektona Waterpark.",Taman Hiburan,Bandung,60000,3.8,https://lh5.googleusercontent.com/p/AF1QipNYAqBRcDAGh_06OLCKju5Cyo4vub_7sP5yJyYn=w408-h273-k-no,"https://www.google.com/maps/place/TEKTONA+Waterpark/@-7.0096022,107.6062161,17z/data=!3m1!4b1!4m6!3m5!1s0x2e68e962611cc743:0x950d9328345d02b0!8m2!3d-7.0096022!4d107.6062161!16s%2Fg%2F11bxf5l6rc?entry=ttu","Tektona Waterpark Taman Hiburan Bandung Tektona Waterpark sebuah wahana yang memberikan sensasi bermain air bersama keluarga dan sahabat anda, memberikan keceriaan bagi anak-anak maupun pengunjung dewasa dengan fasilitas modern diantaranya Kolam Ombak dan Kolam Arus, Kolam Anak dan Balita, Semi Olympic serta Mini Slider untuk anak-anak dan Mega Slider untuk dewasa dengan ketinggian hampir dari 30 meter, yang akan memicu adrenaline para pengunjung. Selain itu wahana Tektona Waterpark juga menyediakan pojok kuliner, gazebo serta jasa pompa dan foto aksi yang dapat diperoleh di sudut wahana Tektona Waterpark, dan juga selalu tersedia ruang ganti serta ruang bilas di dalam kawasan Tektona Waterpark.",tektona waterpark taman hibur bandung tektona waterpark wahana sensasi main air keluarga sahabat  ceria anak unjung dewasa fasilitas modern kolam ombak kolam arus  kolam anak balita  semi olympic mini slider anak mega slider dewasa tinggi 30 meter  picu adrenaline unjung  wahana tektona waterpark sedia pojok kuliner  gazebo jasa pompa foto aksi oleh sudut wahana tektona waterpark  sedia ruang ganti ruang bilas kawasan tektona waterpark
282,Curug Cilengkrang,"Curug Cilengkrang bisa menjadi pilihan tujuan objek wisata alam di Bandung. Menawarkan area hutan sejuk serta area air terjun yang menyegarkan. Meski tidak besar, kawasan air terjun cukup bisa untuk menenangkan dan kembali menyegarkan wisatawan. Seolah bertolak belakang dari hingar bingar kota Bandung. Curug Cilengkrang menawarkan wisata alam yang tenang dan begitu hijau. Air terjun yang mempesona, serta hutan dengan pepohonan yang begitu asri. Dimana, tempat ini juga menjadi habitat hidup berbagai satwa liar yang masih terjaga.",Cagar Alam,Bandung,7500,4.1,https://lh5.googleusercontent.com/p/AF1QipPSnrbUIgEh3HWvV2I8Iy906kCEhXSV8ZQGyTZv=w408-h306-k-no,"https://www.google.com/maps/place/Curug+Cilengkrang/@-6.8906021,107.7308262,17z/data=!3m1!4b1!4m6!3m5!1s0x2e68dcf100ccd99f:0x8566c419ce523b48!8m2!3d-6.8906021!4d107.7308262!16s%2Fg%2F11bx2hlg3n?entry=ttu","Curug Cilengkrang Cagar Alam Bandung Curug Cilengkrang bisa menjadi pilihan tujuan objek wisata alam di Bandung. Menawarkan area hutan sejuk serta area air terjun yang menyegarkan. Meski tidak besar, kawasan air terjun cukup bisa untuk menenangkan dan kembali menyegarkan wisatawan. Seolah bertolak belakang dari hingar bingar kota Bandung. Curug Cilengkrang menawarkan wisata alam yang tenang dan begitu hijau. Air terjun yang mempesona, serta hutan dengan pepohonan yang begitu asri. Dimana, tempat ini juga menjadi habitat hidup berbagai satwa liar yang masih terjaga.",curug cilengkrang cagar alam bandung curug cilengkrang pilih tuju objek wisata alam bandung  tawar area hutan sejuk area air terjun segar   kawasan air terjun tenang segar wisatawan  tolak hingar bingar kota bandung  curug cilengkrang tawar wisata alam tenang hijau  air terjun pesona  hutan pohon asri  mana  habitat hidup satwa liar jaga
283,Jembatan Pasupati,"Jembatan Pasupati atau Jalan Layang Pasupati adalah sebuah jembatan yang menghubungkan bagian utara dan timur Kota Bandung melewati lembah Cikapundung. Panjangnya 2,8 km dan lebarnya 30-60 m. Sebagian jalan itu dibangun di atas Jalan Pasteur, adalah jalan lama dengan pohon palm raja disebelah kanan dan kirinya yang menjadi ciri kota Bandung. Jalan Layang Pasupati juga menjadi salah satu ikon Kota Bandung. Oleh karena itu, pada malam hari bagian tengah Jembatan Pasupati diterangi lampu sorot warna-warni. Jalan layang ini membuat arus lalu lintas dari wilayah sekitar Jabodetabek ke Bandung menjadi lebih mudah. Di bawah Jembatan Pasupati terdapat taman yang bernama Taman Pasupati.
",Taman Hiburan,Bandung,0,4.5,https://lh5.googleusercontent.com/p/AF1QipP_7GzxBUUdyeLcCg8TSK084kaTtd7tDP7Mv9Lj=w426-h240-k-no,"https://www.google.com/maps/place/Jembatan+Pasteur+-+Surapati/@-6.8992219,107.6043652,17z/data=!4m10!1m2!2m1!1sjembatan+pasupati!3m6!1s0x2e68e7e9ba9acf25:0x4bcfefa9f85b485e!8m2!3d-6.8992219!4d107.6065539!15sChFqZW1iYXRhbiBwYXN1cGF0aVoTIhFqZW1iYXRhbiBwYXN1cGF0aZIBBmJyaWRnZZoBI0NoWkRTVWhOTUc5blMwVkpRMEZuU1VSRWFWcE1ibVZSRUFF4AEA!16s%2Fg%2F11h4wn_7qc?entry=ttu","Jembatan Pasupati Taman Hiburan Bandung Jembatan Pasupati atau Jalan Layang Pasupati adalah sebuah jembatan yang menghubungkan bagian utara dan timur Kota Bandung melewati lembah Cikapundung. Panjangnya 2,8 km dan lebarnya 30-60 m. Sebagian jalan itu dibangun di atas Jalan Pasteur, adalah jalan lama dengan pohon palm raja disebelah kanan dan kirinya yang menjadi ciri kota Bandung. Jalan Layang Pasupati juga menjadi salah satu ikon Kota Bandung. Oleh karena itu, pada malam hari bagian tengah Jembatan Pasupati diterangi lampu sorot warna-warni. Jalan layang ini membuat arus lalu lintas dari wilayah sekitar Jabodetabek ke Bandung menjadi lebih mudah. Di bawah Jembatan Pasupati terdapat taman yang bernama Taman Pasupati.
",jembatan pasupati taman hibur bandung jembatan pasupati jalan layang pasupati jembatan hubung utara timur kota bandung lewat lembah cikapundung  panjang 2 8 km lebar 30-60 m jalan bangun jalan pasteur  jalan pohon palm raja belah kanan kiri ciri kota bandung  jalan layang pasupati salah ikon kota bandung   malam jembatan pasupati rang lampu sorot warna-warni  jalan layang arus lintas wilayah jabodetabek bandung mudah  jembatan pasupati taman nama taman pasupati
284,Pasar Baru,"Pasar Baru adalah kawasan perdagangan yang berpusat di Jalan Pasar Baru, Kelurahan Pasar Baru, Kecamatan Sawah Besar, Jakarta Pusat. Pusat perbelanjaan ini didirikan pada tahun 1820, dan merupakan pusat perbelanjaan tertua di Jakarta.Ujung selatan Jalan Pasar Baru berbatasan dengan Jalan Antara dan Jalan Pasar Baru Selatan, serta Jalan Pos yang berdekatan dengan Gedung Kesenian Jakarta. Ujung utara Jalan Pasar Baru berbatasan dengan Jalan Kyai Haji Samanhudi, dekat Metro Pasar Baru dan Jalan Gereja Ayam. Di sisi kiri dan kanan Jalan Pasar Baru terdapat toko pakaian, toko tekstil dan tailor, toko alat olahraga dan sepatu, toko kacamata, dan toko perhiasan emas.\nDi Pasar Baru banyak bermukim orang India-Indonesia. Orang India-Indonesia berdagang menjual kain, alat olahraga, dan sepatu di Pasar Baru. Pada tahun 2002 ada sekitar 2.000 keluarga India yang terdaftar sebagai penduduk Jakarta, dan sebagian besar di antara mereka tinggal di pusat kota, khususnya di kawasan Pasar Baru dan Pintu Air. Di kawasan Pasar Baru juga terdapat tempat ibadah masyarakat India-Indonesia.\n\n",Pusat Perbelanjaan,Bandung,0,4.5,https://lh5.googleusercontent.com/p/AF1QipPQg55YsL9xQrzNTk1e8elf5dIoAKs-0DCRYb5E=w408-h306-k-no,"https://www.google.com/maps/place/Pasar+Baru/@-6.9175549,107.6039232,17z/data=!3m1!4b1!4m6!3m5!1s0x2e68e7b221d5a3fb:0x973f88ac86b287cb!8m2!3d-6.9175549!4d107.6039232!16s%2Fg%2F11fm4_3t0k?entry=ttu","Pasar Baru Pusat Perbelanjaan Bandung Pasar Baru adalah kawasan perdagangan yang berpusat di Jalan Pasar Baru, Kelurahan Pasar Baru, Kecamatan Sawah Besar, Jakarta Pusat. Pusat perbelanjaan ini didirikan pada tahun 1820, dan merupakan pusat perbelanjaan tertua di Jakarta.Ujung selatan Jalan Pasar Baru berbatasan dengan Jalan Antara dan Jalan Pasar Baru Selatan, serta Jalan Pos yang berdekatan dengan Gedung Kesenian Jakarta. Ujung utara Jalan Pasar Baru berbatasan dengan Jalan Kyai Haji Samanhudi, dekat Metro Pasar Baru dan Jalan Gereja Ayam. Di sisi kiri dan kanan Jalan Pasar Baru terdapat toko pakaian, toko tekstil dan tailor, toko alat olahraga dan sepatu, toko kacamata, dan toko perhiasan emas.\nDi Pasar Baru banyak bermukim orang India-Indonesia. Orang India-Indonesia berdagang menjual kain, alat olahraga, dan sepatu di Pasar Baru. Pada tahun 2002 ada sekitar 2.000 keluarga India yang terdaftar sebagai penduduk Jakarta, dan sebagian besar di antara mereka tinggal di pusat kota, khususnya di kawasan Pasar Baru dan Pintu Air. Di kawasan Pasar Baru juga terdapat tempat ibadah masyarakat India-Indonesia.\n\n",pasar pusat belanja bandung pasar kawasan dagang pusat jalan pasar  lurah pasar  camat sawah  jakarta pusat  pusat belanja diri 1820  pusat belanja tua jakarta ujung selatan jalan pasar batas jalan jalan pasar selatan  jalan pos dekat gedung seni jakarta  ujung utara jalan pasar batas jalan kyai haji samanhudi  metro pasar jalan gereja ayam  sisi kiri kanan jalan pasar toko pakai  toko tekstil tailor  toko alat olahraga sepatu  toko kacamata  toko hias emas ndi pasar mukim orang india-indonesia  orang india-indonesia dagang jual kain  alat olahraga  sepatu pasar  2002 2 000 keluarga india daftar duduk jakarta  tinggal pusat kota  kawasan pasar pintu air  kawasan pasar ibadah masyarakat india-indonesia n n
285,Taman Sejarah Bandung,"Taman Sejarah Bandung adalah taman yang terletak di belakang Balai Kota Bandung, kompleks Pemerintahan Kota Bandung. Taman ini berfungsi untuk mengenalkan sejarah di Kota Bandung. Taman ini dilengkapi informasi mengenai pemimpin kota Bandung dari masa ke masa. Pembangunan taman ini menghabiskan anggaran sekitar 3,5 miliar rupiah.",Budaya,Bandung,0,4.6,https://lh5.googleusercontent.com/p/AF1QipPGpC_o4cchKbIKhnwQf1MyhSrrEVSbhkGkZxqt=w424-h240-k-no,"https://www.google.com/maps/place/Taman+Sejarah+Bandung/@-6.9101223,107.6102605,17z/data=!3m1!4b1!4m6!3m5!1s0x2e68e63782a282eb:0x4957808ac9586362!8m2!3d-6.9101223!4d107.6102605!16s%2Fg%2F11g__wy1wd?entry=ttu","Taman Sejarah Bandung Budaya Bandung Taman Sejarah Bandung adalah taman yang terletak di belakang Balai Kota Bandung, kompleks Pemerintahan Kota Bandung. Taman ini berfungsi untuk mengenalkan sejarah di Kota Bandung. Taman ini dilengkapi informasi mengenai pemimpin kota Bandung dari masa ke masa. Pembangunan taman ini menghabiskan anggaran sekitar 3,5 miliar rupiah.",taman sejarah bandung budaya bandung taman sejarah bandung taman letak balai kota bandung  kompleks perintah kota bandung  taman fungsi kenal sejarah kota bandung  taman lengkap informasi pimpin kota bandung  bangun taman habis anggar 3 5 miliar rupiah
286,Roemah Seni Sarasvati,"Roemah Seni Sarasvati adalah sebuah galeri yang berlokasi di Jl. Jendral Sudirman 137, Bandung. RSS merupakan project utama Sarasvati Arts Management yang dibangun dengan tujuan untuk memperkenalkan berbagai keragaman seni budaya. RSS juga merupakan tempat bertukar gagasan dan kepedulian untuk menciptakan identitas unik bagi Kota Bandung serta merawat kreativitas dan pengetahuan. Salah satu program kerja yang sedang dirancang adalah Grote Postweg Art Project.",Budaya,Bandung,0,4.3,https://lh5.googleusercontent.com/p/AF1QipMa7Kzd7oU4pXjlzEAULUcYuo42Hpn6MIzLoVEd=w408-h306-k-no,"https://www.google.com/maps/place/Roemah+Seni+Sarasvati/@-6.9203671,107.5995907,17z/data=!3m1!4b1!4m6!3m5!1s0x2e68e622f2e26227:0x6922eff588e3ea96!8m2!3d-6.9203671!4d107.5995907!16s%2Fg%2F12hqhwjky?entry=ttu","Roemah Seni Sarasvati Budaya Bandung Roemah Seni Sarasvati adalah sebuah galeri yang berlokasi di Jl. Jendral Sudirman 137, Bandung. RSS merupakan project utama Sarasvati Arts Management yang dibangun dengan tujuan untuk memperkenalkan berbagai keragaman seni budaya. RSS juga merupakan tempat bertukar gagasan dan kepedulian untuk menciptakan identitas unik bagi Kota Bandung serta merawat kreativitas dan pengetahuan. Salah satu program kerja yang sedang dirancang adalah Grote Postweg Art Project.",roemah seni sarasvati budaya bandung roemah seni sarasvati galeri lokasi jl  jendral sudirman 137  bandung  rss project utama sarasvati arts management bangun tuju kenal ragam seni budaya  rss tukar gagas peduli cipta identitas unik kota bandung rawat kreativitas tahu  salah program kerja rancang grote postweg art project
287,Puspa Iptek Sundial,"Puspa Iptek Sundial adalah wahana pendidikan yang terletak di kawasan Kota Baru Parahyangan, Padalarang, Bandung, Jawa Barat. Puspa Iptek Sundial diresmikan pada tanggal 11 Mei 2002, bertepatan dengan momen Hari Pendidikan Nasional. Keberadaan Puspa Iptek Sundial merupakan upaya penting bagi perwujudan Kota Baru Parahyangan sebagai Kota Mandiri yang berwawasan pendidikan. Mulai tahun 2013 area alat peraga di Puspa Iptek Sundial juga diperluas serta fasilitasnya diperlengkap, seiring dengan semakin tingginya minat dan kepedulian masyarakat terhadap dunia sains dan teknologi.",Taman Hiburan,Bandung,25000,4.5,https://lh5.googleusercontent.com/p/AF1QipOUmZH6aprGWHsrK4HRmdaDMJYAwYTYughZALsr=w408-h510-k-no,"https://www.google.com/maps/place/Puspa+Iptek+Sundial/@-6.8521886,107.4939133,17z/data=!3m1!4b1!4m6!3m5!1s0x2e68e35116c49295:0x223e29a3fcb8c666!8m2!3d-6.8521886!4d107.4939133!16s%2Fg%2F1ptyxgj01?entry=ttu","Puspa Iptek Sundial Taman Hiburan Bandung Puspa Iptek Sundial adalah wahana pendidikan yang terletak di kawasan Kota Baru Parahyangan, Padalarang, Bandung, Jawa Barat. Puspa Iptek Sundial diresmikan pada tanggal 11 Mei 2002, bertepatan dengan momen Hari Pendidikan Nasional. Keberadaan Puspa Iptek Sundial merupakan upaya penting bagi perwujudan Kota Baru Parahyangan sebagai Kota Mandiri yang berwawasan pendidikan. Mulai tahun 2013 area alat peraga di Puspa Iptek Sundial juga diperluas serta fasilitasnya diperlengkap, seiring dengan semakin tingginya minat dan kepedulian masyarakat terhadap dunia sains dan teknologi.",puspa iptek sundial taman hibur bandung puspa iptek sundial wahana didik letak kawasan kota parahyangan  padalarang  bandung  jawa barat  puspa iptek sundial resmi tanggal 11 mei 2002  tepat momen didik nasional  ada puspa iptek sundial upaya wujud kota parahyangan kota mandiri wawas didik  2013 area alat aga puspa iptek sundial luas fasilitas lengkap  iring tinggi minat peduli masyarakat dunia sains teknologi
288,Masjid Salman ITB,"Masjid Salman ITB adalah masjid kampus yang terletak di Jalan Ganesha 7, Lebak Siliwangi, Coblong, Kota Bandung atau tepat di depan area Kampus ITB Ganesha. Dengan luas lahan 7800 m2 dan luas bangunan masjid 1225 m2, Masjid Salman dilengkapi dengan berbagai fasilitas penunjang seperti kantin, air minum gratis, mini market, dan ruang serbaguna. Masjid yang dibuka pada tahun 1972 ini merupakan masjid kampus pertama di Indonesia.",Tempat Ibadah,Bandung,0,4.9,https://lh5.googleusercontent.com/p/AF1QipPs8Phc-3LfrVGC1xChG85OkFblM-vpgob72Rz_=w481-h240-k-no,"https://www.google.com/maps/place/Salman+ITB+Mosque/@-6.8937059,107.6111822,17z/data=!3m1!4b1!4m6!3m5!1s0x2e68e650eb4f8499:0x5d08d070d6d3c906!8m2!3d-6.8937059!4d107.6111822!16s%2Fg%2F1tfh6yzn?entry=ttu","Masjid Salman ITB Tempat Ibadah Bandung Masjid Salman ITB adalah masjid kampus yang terletak di Jalan Ganesha 7, Lebak Siliwangi, Coblong, Kota Bandung atau tepat di depan area Kampus ITB Ganesha. Dengan luas lahan 7800 m2 dan luas bangunan masjid 1225 m2, Masjid Salman dilengkapi dengan berbagai fasilitas penunjang seperti kantin, air minum gratis, mini market, dan ruang serbaguna. Masjid yang dibuka pada tahun 1972 ini merupakan masjid kampus pertama di Indonesia.",masjid salman itb ibadah bandung masjid salman itb masjid kampus letak jalan ganesha 7  lebak siliwangi  coblong  kota bandung area kampus itb ganesha  luas lahan 7800 m2 luas bangun masjid 1225 m2  masjid salman lengkap fasilitas tunjang kantin  air minum gratis  mini market  ruang serbaguna  masjid buka 1972 masjid kampus indonesia
289,Curug Aseupan,"Curug Aseupan berada di kawasan Curug Tilu Leuwi Opat. Curug ini merupakan bintang utama dari beberapa curug di sini. Jika diceritakan, kecantikannya bisa lah buat mengisi galeri dan feed instagram. Curug ini sendiri berada di Dusun Ciwangan, Kelurahan Cihanjuang rahayu, kecamatan Parangpong, Kabupaten Bandung Barat. Sekitar 9 KM dari Lembang yang jarangnya cukup berdekatan dengan Curug Cimahi. Bukan hanya menyajikan pemandangan air terjun, di sekitar curug juga terdapat area camping ground yang cukup luas.",Cagar Alam,Bandung,10000,4.7,https://lh5.googleusercontent.com/p/AF1QipP-IQ8Uak0eSiqyj6f-2YiEd6NbqNVhtbzS1vpm=w408-h272-k-no,"https://www.google.com/maps/place/Curug+Aseupan/@-6.7875652,107.5822844,17z/data=!3m1!4b1!4m6!3m5!1s0x2e68e1df0fdf9775:0xd2cd50fead3f3f0b!8m2!3d-6.7875652!4d107.5822844!16s%2Fg%2F11j02btpqz?entry=ttu","Curug Aseupan Cagar Alam Bandung Curug Aseupan berada di kawasan Curug Tilu Leuwi Opat. Curug ini merupakan bintang utama dari beberapa curug di sini. Jika diceritakan, kecantikannya bisa lah buat mengisi galeri dan feed instagram. Curug ini sendiri berada di Dusun Ciwangan, Kelurahan Cihanjuang rahayu, kecamatan Parangpong, Kabupaten Bandung Barat. Sekitar 9 KM dari Lembang yang jarangnya cukup berdekatan dengan Curug Cimahi. Bukan hanya menyajikan pemandangan air terjun, di sekitar curug juga terdapat area camping ground yang cukup luas.",curug aseupan cagar alam bandung curug aseupan kawasan curug tilu leuwi opat  curug bintang utama curug  cerita  cantik isi galeri feed instagram  curug dusun ciwangan  lurah cihanjuang rahayu  camat parangpong  kabupaten bandung barat  9 km lembang jarang dekat curug cimahi  saji pandang air terjun  curug area camping ground luas
290,Museum Pendidikan Nasional,"Museum Pendidikan Nasional Universitas Pendidikan Indonesia diresmikan oleh Gubernur Jawa Barat, H. Ahmad Heryawan, Lc. Pembangunan Museum Pendidikan Nasional ini merupakan salah satu bentuk tanggung jawab UPI sebagai perguruan tinggi yang memiliki kepedulian terhadap kelestarian warisan sejarah budaya bangsa khususnya dibidang pendidikan. Museum pada umumnya memamerkan benda koleksi yang berasal dari masa lalu, namun hal tersebut berbeda dengan Museum Pendidikan Nasional Universitas Pendidikan Indonesia. Museum ini menyajikan bagaimana pendidikan dimasa yang akan datang, karena saat ini pendidikan menjadi bersifat forecasting atau ramalan. Keberadaan Museum Pendidikan Nasional diharapkan mampu menjadi wahana pusat penelitian, serta sumber belajar dan pembelajaran, yang dapat meningkatkan kompetensi pendidik maupun wawasan pembelajar dalam mengupayakan peningkatan mutu pendidikan, sekaligus menjadi tujuan wisata budaya di Jawa Barat dan Nasional. Karena pada dasarnya manusia tidak mempelajari masa lalu, melainkan masa depan.
",Budaya,Bandung,5000,4.7,https://lh5.googleusercontent.com/p/AF1QipMBIctfeE6d8j6-jZ7QL6NvzYuApw71i3KYm-DV=w408-h306-k-no,"https://www.google.com/maps/place/Museum+Pendidikan+Nasional+UPI/@-6.8598124,107.5941421,17z/data=!3m1!4b1!4m6!3m5!1s0x2e68e6b9050dd3ab:0xb60935faacf5fbdb!8m2!3d-6.8598124!4d107.5941421!16s%2Fg%2F11bw2g3c_v?entry=ttu","Museum Pendidikan Nasional Budaya Bandung Museum Pendidikan Nasional Universitas Pendidikan Indonesia diresmikan oleh Gubernur Jawa Barat, H. Ahmad Heryawan, Lc. Pembangunan Museum Pendidikan Nasional ini merupakan salah satu bentuk tanggung jawab UPI sebagai perguruan tinggi yang memiliki kepedulian terhadap kelestarian warisan sejarah budaya bangsa khususnya dibidang pendidikan. Museum pada umumnya memamerkan benda koleksi yang berasal dari masa lalu, namun hal tersebut berbeda dengan Museum Pendidikan Nasional Universitas Pendidikan Indonesia. Museum ini menyajikan bagaimana pendidikan dimasa yang akan datang, karena saat ini pendidikan menjadi bersifat forecasting atau ramalan. Keberadaan Museum Pendidikan Nasional diharapkan mampu menjadi wahana pusat penelitian, serta sumber belajar dan pembelajaran, yang dapat meningkatkan kompetensi pendidik maupun wawasan pembelajar dalam mengupayakan peningkatan mutu pendidikan, sekaligus menjadi tujuan wisata budaya di Jawa Barat dan Nasional. Karena pada dasarnya manusia tidak mempelajari masa lalu, melainkan masa depan.
",museum didik nasional budaya bandung museum didik nasional universitas didik indonesia resmi gubernur jawa barat  h ahmad heryawan  lc  bangun museum didik nasional salah bentuk tanggung upi guru milik peduli lestari waris sejarah budaya bangsa bidang didik  museum pamer benda koleksi asal  beda museum didik nasional universitas didik indonesia  museum saji didik masa  didik sifat forecasting ramal  ada museum didik nasional harap wahana pusat teliti  sumber ajar ajar  tingkat kompetensi didik wawas ajar upaya tingkat mutu didik  tuju wisata budaya jawa barat nasional  dasar manusia ajar
291,Water Park Bandung Indah,"Bandung Indah Waterpark merupakan salah satu kolam renang yang ada di Bandung. Menyediakan berbagai wahana permainan air yang cocok bagi keluarga. Terdapat kolam renang untuk dewasa dan anak-anak. Pengunjung dapat melakukan olahraga renang dan rekreasi.
",Taman Hiburan,Bandung,50000,4,https://lh5.googleusercontent.com/p/AF1QipOckmRy6L_vYQD-rQ-iSzQUa-1hXCS3g30vueOy=w408-h906-k-no,"https://www.google.com/maps/place/Bandung+Indah+Waterpark/@-6.9805807,107.5856567,17z/data=!3m1!4b1!4m6!3m5!1s0x2e68e930051c0039:0x2abc639a8ad3c1c6!8m2!3d-6.9805807!4d107.5856567!16s%2Fg%2F11b6v9zg7r?entry=ttu","Water Park Bandung Indah Taman Hiburan Bandung Bandung Indah Waterpark merupakan salah satu kolam renang yang ada di Bandung. Menyediakan berbagai wahana permainan air yang cocok bagi keluarga. Terdapat kolam renang untuk dewasa dan anak-anak. Pengunjung dapat melakukan olahraga renang dan rekreasi.
",water park bandung indah taman hibur bandung bandung indah waterpark salah kolam renang bandung  sedia wahana main air cocok keluarga  kolam renang dewasa anak  unjung olahraga renang rekreasi
292,Curug Anom,"Curug Anom adalah sebuah air terjun yang memiliki dinding batu atau tebing berbentuk flat, sehingga sekilas terlihat seperti tembok, padahal ini nyata tebing batu yang memiliki permukaan rata dengan ketinggian kurang lebih 30 meter. Lokasi Curug Anom berada dalam kawasan obyek wisata Natural Hill Lembang, tepatnya di Jln. Kolonel Masturi, Kec. Cisarua, Kab. Bandung Barat, Jawa Barat. Meskipun debit air di Curug Anom Lembang ini tidak terlalu besar, namun karena ukuran tebing yang sangat tinggi, maka cipratan air yang jatuh dari atas akan terasa seperti hujan lokal. Aliran air yang jatuh mengikuti permukaan dinding tebing yang rata dan kemudian membentur dasar air terjun terlihat seprti seuntai kain sutra yang menghiasi dinding batu.",Cagar Alam,Bandung,0,4.5,https://lh5.googleusercontent.com/p/AF1QipNbxKUpA4fRpuPlWLrFh_v3t7fqoThr26pMcTzL=w408-h543-k-no,"https://www.google.com/maps/place/Curug+Anom/@-6.8131166,107.5687624,17z/data=!3m1!4b1!4m6!3m5!1s0x2e68e3c3ba48226b:0x8c6bcd7e37cc7160!8m2!3d-6.8131166!4d107.5687624!16s%2Fg%2F11fn6112gl?entry=ttu","Curug Anom Cagar Alam Bandung Curug Anom adalah sebuah air terjun yang memiliki dinding batu atau tebing berbentuk flat, sehingga sekilas terlihat seperti tembok, padahal ini nyata tebing batu yang memiliki permukaan rata dengan ketinggian kurang lebih 30 meter. Lokasi Curug Anom berada dalam kawasan obyek wisata Natural Hill Lembang, tepatnya di Jln. Kolonel Masturi, Kec. Cisarua, Kab. Bandung Barat, Jawa Barat. Meskipun debit air di Curug Anom Lembang ini tidak terlalu besar, namun karena ukuran tebing yang sangat tinggi, maka cipratan air yang jatuh dari atas akan terasa seperti hujan lokal. Aliran air yang jatuh mengikuti permukaan dinding tebing yang rata dan kemudian membentur dasar air terjun terlihat seprti seuntai kain sutra yang menghiasi dinding batu.",curug anom cagar alam bandung curug anom air terjun milik dinding batu tebing bentuk flat  kilas tembok  nyata tebing batu milik muka tinggi 30 meter  lokasi curug anom kawasan obyek wisata natural hill lembang  tepat jln  kolonel masturi  kec  cisarua  kab  bandung barat  jawa barat  debit air curug anom lembang  ukur tebing  ciprat air jatuh hujan lokal  alir air jatuh ikut muka dinding tebing bentur dasar air terjun seprti unta kain sutra hias dinding batu
293,Taman Badak,"Taman Badak ini baru saja diresmikan pada tanggan 19 Desember 2017 oleh Bapak Ridwan Kamil sebagai Wali Kota Bandung. Terdapat Patung Badak yang berusia puluhan tahun di taman ini yang menjadi ikonnya. Patung Badak tersebut direvitalisasi, sehingga kini tampilannya baru dan menjadi spot foto favorit bagi para pengunjung. Selain Patung Badak, juga terdapat Patung Dewi Sartika yang berada di samping Taman Badak yang juga turut direvitalisasi, tetapi Patung Dewi Sartika ini bentuk awalnya kecil dan kini telah diperbesar.",Taman Hiburan,Bandung,0,3.2,https://lh5.googleusercontent.com/p/AF1QipMuQbC2PfwUCbN646aBPVeGxBicIp0nAaEiDwV1=w408-h306-k-no,"https://www.google.com/maps/place/Taman+Badak/@-6.3749823,104.7019902,8z/data=!4m10!1m2!2m1!1staman+badak+bandung!3m6!1s0x2e423371e806092d:0xb37900065aea8d2b!8m2!3d-6.3749823!4d105.8225957!15sChN0YW1hbiBiYWRhayBiYW5kdW5nkgEEcGFya-ABAA!16s%2Fg%2F11sh508q_w?entry=ttu","Taman Badak Taman Hiburan Bandung Taman Badak ini baru saja diresmikan pada tanggan 19 Desember 2017 oleh Bapak Ridwan Kamil sebagai Wali Kota Bandung. Terdapat Patung Badak yang berusia puluhan tahun di taman ini yang menjadi ikonnya. Patung Badak tersebut direvitalisasi, sehingga kini tampilannya baru dan menjadi spot foto favorit bagi para pengunjung. Selain Patung Badak, juga terdapat Patung Dewi Sartika yang berada di samping Taman Badak yang juga turut direvitalisasi, tetapi Patung Dewi Sartika ini bentuk awalnya kecil dan kini telah diperbesar.",taman badak taman hibur bandung taman badak resmi tanggan 19 desember 2017 ridwan kamil wali kota bandung  patung badak usia puluh taman ikon  patung badak revitalisasi  tampil spot foto favorit unjung  patung badak  patung dewi sartika samping taman badak revitalisasi  patung dewi sartika bentuk besar
294,Taman Film,"Taman Film adalah salah satu taman tematik dan ruang terbuka publik di Kota Bandung yang terletak di bawah Jembatan Pasupati, Bandung, Jawa Barat. Taman ini diresmikan oleh Wali kota Bandung, Ridwan Kamil, pada tanggal 14 September 2014. Taman ini memiliki konsep bioskop terbuka yang modern agar warga dapat beraktivitas di taman dan mendapat sarana menonton film secara gratis. Taman Film dikelola Komunitas Film Bandung dan Dinas Pertamanan Kota Bandung.",Budaya,Bandung,0,4.3,https://lh5.googleusercontent.com/p/AF1QipMietxw40lVhzAFPPXiijHvHdXvBW75sQwO7AEr=w408-h306-k-no,"https://www.google.com/maps/place/Taman+Film/@-6.8986869,107.6077451,17z/data=!3m1!4b1!4m6!3m5!1s0x2e68e6453d0627ab:0x403416d9d068ec31!8m2!3d-6.8986869!4d107.6077451!16s%2Fg%2F11cnphmcrk?entry=ttu","Taman Film Budaya Bandung Taman Film adalah salah satu taman tematik dan ruang terbuka publik di Kota Bandung yang terletak di bawah Jembatan Pasupati, Bandung, Jawa Barat. Taman ini diresmikan oleh Wali kota Bandung, Ridwan Kamil, pada tanggal 14 September 2014. Taman ini memiliki konsep bioskop terbuka yang modern agar warga dapat beraktivitas di taman dan mendapat sarana menonton film secara gratis. Taman Film dikelola Komunitas Film Bandung dan Dinas Pertamanan Kota Bandung.",taman film budaya bandung taman film salah taman tematik ruang buka publik kota bandung letak jembatan pasupati  bandung  jawa barat  taman resmi wali kota bandung  ridwan kamil  tanggal 14 september 2014 taman milik konsep bioskop buka modern warga aktivitas taman sarana tonton film gratis  taman film kelola komunitas film bandung dinas taman kota bandung
295,Museum Nike Ardilla,"Museum Nike Ardilla diresmikan atau dibuka untuk umum tepat di hari dimana almarhumah Nike Ardilla jika masih hidup berusia 21 tahun. Diresmikan langsung sendiri oleh pihak keluarga yaitu ayahnya sendiri (Almarhum) R.Eddy Kusnaedi dengan pemotongan kue ulang tahun, dan disaksikan langsung di depan komunitas Nike Ardilla Fans Club. Museum ini menempati sebuah bangunan Rumah yang akan menjadi saksi bisu serta menyimpan segala kenangan Nike Ardilla selama hidupnya, dan populer juga dengan sebutan Rumah Nike Ardilla (RNA). Sahabat traveler’s, Konsep dasar bangunan Rumah Nike Ardilla (RNA) ini adalah merupakan paduan desain yang menyerupai Planet Hollywood, Hard Rock Cafe dan Museum pada umumnya yang biasa kita lihat. Museum Nike Ardilla ini menempati bangunan 2 lantai seluas 500 meter persegi, dimana lantai pertama digunakan sebagai tempat tinggal keluarga almarhumah Nike Ardila. Sementara di lantai 2 Museum, selain digunakan sebagai ruang pamer barang koleksi Nike Ardilla, Aksesoris serta benda-benda pribadi miliknya, anda juga bisa menyaksikan seperti apa sih ruang pribadi berupa kamar Nike Ardilla dengan segala isinya.",Budaya,Bandung,0,4.7,https://lh5.googleusercontent.com/p/AF1QipPXUZ0CLhzq163gHIgKWgEAe5PcmuRpBWkbUE3O=w408-h306-k-no,"https://www.google.com/maps/place/Museum+Nike+Ardilla/@-6.9405373,107.6724898,17z/data=!3m1!4b1!4m6!3m5!1s0x2e68c2a6dabede01:0xb1c1cfdc86b0c8d5!8m2!3d-6.9405373!4d107.6724898!16s%2Fg%2F1pzpm7262?entry=ttu","Museum Nike Ardilla Budaya Bandung Museum Nike Ardilla diresmikan atau dibuka untuk umum tepat di hari dimana almarhumah Nike Ardilla jika masih hidup berusia 21 tahun. Diresmikan langsung sendiri oleh pihak keluarga yaitu ayahnya sendiri (Almarhum) R.Eddy Kusnaedi dengan pemotongan kue ulang tahun, dan disaksikan langsung di depan komunitas Nike Ardilla Fans Club. Museum ini menempati sebuah bangunan Rumah yang akan menjadi saksi bisu serta menyimpan segala kenangan Nike Ardilla selama hidupnya, dan populer juga dengan sebutan Rumah Nike Ardilla (RNA). Sahabat traveler’s, Konsep dasar bangunan Rumah Nike Ardilla (RNA) ini adalah merupakan paduan desain yang menyerupai Planet Hollywood, Hard Rock Cafe dan Museum pada umumnya yang biasa kita lihat. Museum Nike Ardilla ini menempati bangunan 2 lantai seluas 500 meter persegi, dimana lantai pertama digunakan sebagai tempat tinggal keluarga almarhumah Nike Ardila. Sementara di lantai 2 Museum, selain digunakan sebagai ruang pamer barang koleksi Nike Ardilla, Aksesoris serta benda-benda pribadi miliknya, anda juga bisa menyaksikan seperti apa sih ruang pribadi berupa kamar Nike Ardilla dengan segala isinya.",museum nike ardilla budaya bandung museum nike ardilla resmi buka mana almarhumah nike ardilla hidup usia 21  resmi langsung keluarga ayah  almarhum  r eddy kusnaedi potong kue ulang  saksi langsung komunitas nike ardilla fans club  museum tempat bangun rumah saksi bisu simpan kenang nike ardilla hidup  populer sebut rumah nike ardilla  rna   sahabat traveler  s  konsep dasar bangun rumah nike ardilla  rna  padu desain rupa planet hollywood  hard rock cafe museum lihat  museum nike ardilla tempat bangun 2 lantai luas 500 meter persegi  mana lantai tinggal keluarga almarhumah nike ardila  lantai 2 museum  ruang pamer barang koleksi nike ardilla  aksesoris benda pribadi milik  saksi sih ruang pribadi kamar nike ardilla isi
296,Batununggal Indah Club,"Kolam renang Batununggal merupakan salah satu kolam renang yang digemari warga Bandung saat liburan. Kolam renang berada di kawasan komplek perumahan Batununggal Insah Estate. Buat kamu yang paham dengan perumahan tersebut pasti mudah sekali untuk menuju ke lokasi. Kolam renang ini sebenarnya bernama Kolam Renang Batununggal Indah Club atau kolam renang BIC. Kolam renang ini merupakan salah satu fasilitas exclusive bagi para penghuni perumahan. Meskipun merupakan fasilitas perumahan, tetapi pihak pengelola sudah membuka untuk umum. Jadi buat kamu yang berada di Bandung dan sekitarnya tanpa harus tinggal di perumahan tersebut sudah bisa menikmati liburan di sana sob.
",Taman Hiburan,Bandung,70000,4.4,https://lh5.googleusercontent.com/p/AF1QipO0dumTlQsp6XlHc-H7V7qaSpECDh-E2-hMMztc=w408-h306-k-no,"https://www.google.com/maps/place/Batununggal+Indah+Club/@-6.96323,107.626416,17z/data=!3m1!4b1!4m6!3m5!1s0x2e68e856a4e65fa9:0xd8cfdfde18d660dc!8m2!3d-6.96323!4d107.626416!16s%2Fg%2F1pzrwrkzb?entry=ttu","Batununggal Indah Club Taman Hiburan Bandung Kolam renang Batununggal merupakan salah satu kolam renang yang digemari warga Bandung saat liburan. Kolam renang berada di kawasan komplek perumahan Batununggal Insah Estate. Buat kamu yang paham dengan perumahan tersebut pasti mudah sekali untuk menuju ke lokasi. Kolam renang ini sebenarnya bernama Kolam Renang Batununggal Indah Club atau kolam renang BIC. Kolam renang ini merupakan salah satu fasilitas exclusive bagi para penghuni perumahan. Meskipun merupakan fasilitas perumahan, tetapi pihak pengelola sudah membuka untuk umum. Jadi buat kamu yang berada di Bandung dan sekitarnya tanpa harus tinggal di perumahan tersebut sudah bisa menikmati liburan di sana sob.
",batununggal indah club taman hibur bandung kolam renang batununggal salah kolam renang gari warga bandung libur  kolam renang kawasan komplek rumah batununggal insah estate  paham rumah mudah lokasi  kolam renang nama kolam renang batununggal indah club kolam renang bic  kolam renang salah fasilitas exclusive huni rumah  fasilitas rumah  kelola buka  bandung tinggal rumah nikmat libur sob
297,Mountain View Golf Club,"Selamat Datang di Mountain View Golf Club Dago Pakar Bandung. Golf Course dengan 72 par, 18 hole telah dirancang oleh Juara dunia 5 kali asal Inggris Peter Thompson dan tentu saja achitect terkenal Ross Peret, terletak di dalam kompleks perumahan bergengsi hanya 30 menit dari bandara internasional Bandung atau 20 menit dari pusat kota. Pegolf dan pengunjung yang duduk di barisan depan akan disajikan pemandangan dari Club House dan lapangan golf di pegunungan dekat dengan kota Bandung. Dilengkapi fasilitas kelas dunia, lengkap dengan kamar Vip, Ruang Pijat, Loker mewah untuk pria dan wanita, Champions Bar, Restoran dan Toko Golf yang berdekatan dengan pintu masuk lobi.",Cagar Alam,Bandung,375000,4.5,https://lh5.googleusercontent.com/p/AF1QipOWAWKmERQUJePq8TkWlxH9UxgMf-BHFSHNXtjK=w408-h271-k-no,"https://www.google.com/maps/place/Mountain+View+Golf+Club/@-6.8629384,107.6482191,17z/data=!3m1!4b1!4m6!3m5!1s0x2e68e73fc3af56cd:0x7ee32cb54b018a80!8m2!3d-6.8629384!4d107.6482191!16s%2Fg%2F1hc8xsd92?entry=ttu","Mountain View Golf Club Cagar Alam Bandung Selamat Datang di Mountain View Golf Club Dago Pakar Bandung. Golf Course dengan 72 par, 18 hole telah dirancang oleh Juara dunia 5 kali asal Inggris Peter Thompson dan tentu saja achitect terkenal Ross Peret, terletak di dalam kompleks perumahan bergengsi hanya 30 menit dari bandara internasional Bandung atau 20 menit dari pusat kota. Pegolf dan pengunjung yang duduk di barisan depan akan disajikan pemandangan dari Club House dan lapangan golf di pegunungan dekat dengan kota Bandung. Dilengkapi fasilitas kelas dunia, lengkap dengan kamar Vip, Ruang Pijat, Loker mewah untuk pria dan wanita, Champions Bar, Restoran dan Toko Golf yang berdekatan dengan pintu masuk lobi.",mountain view golf club cagar alam bandung selamat mountain view golf club dago pakar bandung  golf course 72 par  18 hole rancang juara dunia 5 kali inggris peter thompson achitect kenal ross ret  letak kompleks rumah gengsi 30 menit bandara internasional bandung 20 menit pusat kota  golf unjung duduk baris saji pandang club house lapang golf gunung kota bandung  lengkap fasilitas kelas dunia  lengkap kamar vip  ruang pijat  loker mewah pria wanita  champions bar  restoran toko golf dekat pintu masuk lobi
298,Gunung Lalakon,"Gunung Lalakon merupakan sebuah gunung yang terdapat di Kampung Jelegong, Desa Badaraksa, Kecamatan Kutawaringin, Kabupaten Bandung, Jawa Barat dan memiliki ketinggian 870 meter. Gunung Lalakon terkenal dikarenakan bentuknya yang menyerupai kerucut sempurna atau piramida.\nGunung Lalakon dikenal juga dengan nama Gunung Sabelas karena di puncak gunung ini terdapat dua buah tower PLN yang bila dilihat dari kejauhan membentuk angka 11, tower milik PLN ini terhubung dengan PLTA Saguling. Sehingga, untuk keamanan tower beserta fungsinya inilah yang menjadikan perijinan ke gunung ini sedikit ketat, tidak mengagetkan ketika akan mendekati puncak banyak bambu yang dirintangkan ke jalur dengan tujuan menutup jalur pendakian .\nSelain keberadaan tower milik PLN, di gunung ini juga terdapat beberapa situs batuan, seperti Batu Lawang, Batu Pabiasan, Batu Warung, Batu Pupuk, Batu Renges, Batu Gajah, dan sebuah Batu Panjang yang terletak di atas puncak. Menurut salah seorang tokoh masyarakat Kampung Badaraksa, Abah Acu, ""secara filosofis, Gunung Lalakon adalah perlambang sebuah lakon dari kehidupan manusia. Batu-batu tadi merepresentasikan berbagai profesi (lakon) yang dipilih oleh manusia.""\nPemandangan dari gunung ini cukup bagus, seluruh sudut Kabupaten Bandung bisa terlihat dari puncaknya, termasuk pemandangan Waduk Saguling di sebelah barat. Beberapa sisi gunung ini sudah rusak oleh aktivitas galian liar (galian C), seperti di area Cipatik di sisi utara dan area Situwangi di sisi barat.",Cagar Alam,Bandung,0,4.8,https://lh5.googleusercontent.com/p/AF1QipNOwKNlgIp9Ztj5oN378Z1iSpkbv3-U7ZHMQW1l=w408-h514-k-no,"https://www.google.com/maps/place/Gunung+Lalakon/@-6.9580555,107.5205556,14z/data=!3m1!4b1!4m6!3m5!1s0x2e68efa41b586901:0x18fdd197d1774d0e!8m2!3d-6.9580556!4d107.5205556!16s%2Fg%2F11b_2jzmrh?entry=ttu","Gunung Lalakon Cagar Alam Bandung Gunung Lalakon merupakan sebuah gunung yang terdapat di Kampung Jelegong, Desa Badaraksa, Kecamatan Kutawaringin, Kabupaten Bandung, Jawa Barat dan memiliki ketinggian 870 meter. Gunung Lalakon terkenal dikarenakan bentuknya yang menyerupai kerucut sempurna atau piramida.\nGunung Lalakon dikenal juga dengan nama Gunung Sabelas karena di puncak gunung ini terdapat dua buah tower PLN yang bila dilihat dari kejauhan membentuk angka 11, tower milik PLN ini terhubung dengan PLTA Saguling. Sehingga, untuk keamanan tower beserta fungsinya inilah yang menjadikan perijinan ke gunung ini sedikit ketat, tidak mengagetkan ketika akan mendekati puncak banyak bambu yang dirintangkan ke jalur dengan tujuan menutup jalur pendakian .\nSelain keberadaan tower milik PLN, di gunung ini juga terdapat beberapa situs batuan, seperti Batu Lawang, Batu Pabiasan, Batu Warung, Batu Pupuk, Batu Renges, Batu Gajah, dan sebuah Batu Panjang yang terletak di atas puncak. Menurut salah seorang tokoh masyarakat Kampung Badaraksa, Abah Acu, ""secara filosofis, Gunung Lalakon adalah perlambang sebuah lakon dari kehidupan manusia. Batu-batu tadi merepresentasikan berbagai profesi (lakon) yang dipilih oleh manusia.""\nPemandangan dari gunung ini cukup bagus, seluruh sudut Kabupaten Bandung bisa terlihat dari puncaknya, termasuk pemandangan Waduk Saguling di sebelah barat. Beberapa sisi gunung ini sudah rusak oleh aktivitas galian liar (galian C), seperti di area Cipatik di sisi utara dan area Situwangi di sisi barat.",gunung lalakon cagar alam bandung gunung lalakon gunung kampung jelegong  desa badaraksa  camat kutawaringin  kabupaten bandung  jawa barat milik tinggi 870 meter  gunung lalakon kenal bentuk rupa kerucut sempurna piramida ngunung lalakon kenal nama gunung sabelas puncak gunung buah tower pln jauh bentuk angka 11  tower milik pln hubung plta saguling   aman tower serta fungsi jadi perijinan gunung ketat  kaget dekat puncak bambu rintang jalur tuju tutup jalur daki nselain ada tower milik pln  gunung situs batu  batu lawang  batu pabiasan  batu warung  batu pupuk  batu renges  batu gajah  batu letak puncak  salah tokoh masyarakat kampung badaraksa  abah acu   filosofis  gunung lalakon perlambang lakon hidup manusia  batu representasi profesi  lakon  pilih manusia   npemandangan gunung bagus  sudut kabupaten bandung puncak  pandang waduk saguling belah barat  sisi gunung rusak aktivitas gali liar  gali c   area cipatik sisi utara area situwangi sisi barat
299,Sendang Geulis Kahuripan,"Wilayah ini lebih tepatnya berada di RPH Cikalong Wetan, BKPH Padalarang Perum Perhutani BKPH Bandung Utara. Dilihat dari kawasannya, mengingatkan saya kepada salah satu objek wisata yang berada di jawa tengah. Lebih tepatnya berada di klaten, Umbul Ponggok namanya. Bagi Sobat Native yang sudah pernah ke Umbul Ponggok, objek wisata sendang ini hampir sama persis. Hanya saja, di kawasan ini digunakan secara serba guna. Maksud dari serba guna adalah. Sumber mata air yang keluar dari objek wisata ini digunakan juga oleh sebagian masyarakat sekitar sebagai tempat mencuci. Tunggu dulu, jangan merasa jijik dahulu. Sumber mata air yang menghasilkan sendang ini hampir setiap menit mengalir air-air bersih.",Cagar Alam,Bandung,10000,4.3,https://lh5.googleusercontent.com/p/AF1QipOiJb_P7_zxFD_JTp4iMDraAHt49fMdOB_kc233=w408-h306-k-no,"https://www.google.com/maps/place/Sendang+Geulis+Kahuripan/@-6.7495268,107.478658,17z/data=!3m1!4b1!4m6!3m5!1s0x2e6902b54a040cbb:0x57a1bc0c1c68a9a5!8m2!3d-6.7495268!4d107.478658!16s%2Fg%2F11c533_3yt?entry=ttu","Sendang Geulis Kahuripan Cagar Alam Bandung Wilayah ini lebih tepatnya berada di RPH Cikalong Wetan, BKPH Padalarang Perum Perhutani BKPH Bandung Utara. Dilihat dari kawasannya, mengingatkan saya kepada salah satu objek wisata yang berada di jawa tengah. Lebih tepatnya berada di klaten, Umbul Ponggok namanya. Bagi Sobat Native yang sudah pernah ke Umbul Ponggok, objek wisata sendang ini hampir sama persis. Hanya saja, di kawasan ini digunakan secara serba guna. Maksud dari serba guna adalah. Sumber mata air yang keluar dari objek wisata ini digunakan juga oleh sebagian masyarakat sekitar sebagai tempat mencuci. Tunggu dulu, jangan merasa jijik dahulu. Sumber mata air yang menghasilkan sendang ini hampir setiap menit mengalir air-air bersih.",sendang geulis kahuripan cagar alam bandung wilayah tepat rph cikalong wetan  bkph padalarang perum hutan bkph bandung utara  kawasan  salah objek wisata jawa  tepat klaten  umbul ponggok nama  sobat native umbul ponggok  objek wisata sendang persis   kawasan serba  maksud serba  sumber mata air objek wisata masyarakat cuci  tunggu  jijik  sumber mata air hasil sendang menit alir air bersih
300,Sanghyang Heuleut,"Danau yang satu ini memiliki air jernih bernuansa kehijauan yang berpadu indah dengan tebing batu berukuran besar di sekelilingnya. Di sela-sela bebatuan, kamu bisa menemukan pepohonan dan rerumputan hijau yang menyegarkan mata. Bebatuannya yang tinggi itu bahkan kerap digunakan sebagai tempat para traveler untuk meloncat indah menuju danau purba tersebut. Danau Sanghyang Heuleut memiliki kedalaman sekitar tiga meter. Jadi, sebelum kamu masuk ke dalam danau, pastikan kamu bisa berenang agar tidak tenggelam, atau setidaknya telah memiliki perlengkapan seperti jaket pelampung. 
",Cagar Alam,Bandung,10000,4.4,https://lh5.googleusercontent.com/p/AF1QipP9jR2EkvFdmxcMZqYSaeWBAEzc25RwRu9OsSLn=w426-h240-k-no,"https://www.google.com/maps/place/Sanghyang+Heuleut/@-6.8765131,107.3422183,17z/data=!3m1!4b1!4m6!3m5!1s0x2e68f921df3d9485:0x37b777561df507bd!8m2!3d-6.8765131!4d107.3422183!16s%2Fg%2F11bwn8plxk?entry=ttu","Sanghyang Heuleut Cagar Alam Bandung Danau yang satu ini memiliki air jernih bernuansa kehijauan yang berpadu indah dengan tebing batu berukuran besar di sekelilingnya. Di sela-sela bebatuan, kamu bisa menemukan pepohonan dan rerumputan hijau yang menyegarkan mata. Bebatuannya yang tinggi itu bahkan kerap digunakan sebagai tempat para traveler untuk meloncat indah menuju danau purba tersebut. Danau Sanghyang Heuleut memiliki kedalaman sekitar tiga meter. Jadi, sebelum kamu masuk ke dalam danau, pastikan kamu bisa berenang agar tidak tenggelam, atau setidaknya telah memiliki perlengkapan seperti jaket pelampung. 
",sanghyang heuleut cagar alam bandung danau milik air jernih nuansa hijau padu indah tebing batu ukur keliling  sela bebatuan  temu pohon rumput hijau segar mata  bebatuannya kerap traveler loncat indah danau purba  danau sanghyang heuleut milik dalam meter   masuk danau  pasti renang tenggelam  milik lengkap jaket pelampung
301,Lereng Anteng Panoramic Coffee Place,"Lereng Anteng Panoramic Coffee adalah sebuah tempat tongkrongan asyik berupa cafe and resto dengan perpaduan antara kafe dan spot wisata alam. Tempat makan satu ini dibuka sejak tanggal 1 Juni 2016 lalu dengan menempati luas areal sekitar 500 m² dan hadir mengusung konsep cozy. Nama kafe ini diambil dari kata Lereng yang artinya tempat di pinggiran dataran tinggi dan Anteng (bahasa Sunda) memiliki arti tempat dengan suasana nyaman. Selain menyajikan aneka menu makanan dan minuman, Lereng Anteng Panoramic Coffe juga menyuguhkan view yang begitu luar biasa indahnya",Cagar Alam,Bandung,50000,4.4,https://lh5.googleusercontent.com/p/AF1QipPQaQIybbcwE7_cPHcI7zWsTBvnguaN0jwhHV_s=w427-h240-k-no,"https://www.google.com/maps/place/Lereng+Anteng+Panoramic+Coffee/@-6.8426315,107.6205196,17z/data=!4m10!1m2!2m1!1slereng+anteng+panoramic+coffee+place!3m6!1s0x2e68e0d59c18d795:0x32c5e4a6a21426a2!8m2!3d-6.8426315!4d107.6227083!15sCiRsZXJlbmcgYW50ZW5nIHBhbm9yYW1pYyBjb2ZmZWUgcGxhY2VaJiIkbGVyZW5nIGFudGVuZyBwYW5vcmFtaWMgY29mZmVlIHBsYWNlkgELY29mZmVlX3Nob3CaASNDaFpEU1VoTk1HOW5TMFZKUTBGblNVUkxlWEZMUzJKbkVBReABAA!16s%2Fg%2F11bzspn1kj?entry=ttu","Lereng Anteng Panoramic Coffee Place Cagar Alam Bandung Lereng Anteng Panoramic Coffee adalah sebuah tempat tongkrongan asyik berupa cafe and resto dengan perpaduan antara kafe dan spot wisata alam. Tempat makan satu ini dibuka sejak tanggal 1 Juni 2016 lalu dengan menempati luas areal sekitar 500 m² dan hadir mengusung konsep cozy. Nama kafe ini diambil dari kata Lereng yang artinya tempat di pinggiran dataran tinggi dan Anteng (bahasa Sunda) memiliki arti tempat dengan suasana nyaman. Selain menyajikan aneka menu makanan dan minuman, Lereng Anteng Panoramic Coffe juga menyuguhkan view yang begitu luar biasa indahnya",lereng anteng panoramic coffee place cagar alam bandung lereng anteng panoramic coffee tongkrong asyik cafe and resto padu kafe spot wisata alam  makan buka tanggal 1 juni 2016 tempat luas areal 500 m hadir usung konsep cozy  nama kafe ambil lereng pinggir datar anteng  bahasa sunda  milik arti suasana nyaman  saji aneka menu makan minum  lereng anteng panoramic coffe suguh view indah
302,Masjid Pusdai,"Masjid PUSDAI (pusat dakwah islam) dibangun dalam arsitektur asli di Indonesia, dengan bentuk bentuk yang khas atap Limas. Aplikasikan pada semua atap bangunannya dengan dipadu berbagia gaya arsitektur masjid masjid di seluruh penjuru dunia Islam. Uniknya daripada yang lain, ternyata ada pada bagian kubah (atap masjid) yang terbuat dari sebuah kayu. Sebagian ornamen pada masjid ini, terbuat dari kayu dan terkesan alami dan begitu kuat. Batu marmer juga ikut mendominasi bangunan masjid dengan beberapa hiasan bermotif etnis dalam pola kaligrafinya yang terdapat di bangunan masjid PUSDAI.",Tempat Ibadah,Bandung,0,4.7,https://lh5.googleusercontent.com/p/AF1QipNNEkCH_dzgIptqFDPZI6ZjICF7Irl4jNN94hRf=w529-h240-k-no,"https://www.google.com/maps/place/PUSDAI+Jawa+Barat/@-6.9001204,107.6259654,17z/data=!3m1!4b1!4m6!3m5!1s0x2e68e7b394d93a91:0x6cd6a249b02f7!8m2!3d-6.9001204!4d107.6259654!16s%2Fg%2F12hvyqdpy?entry=ttu","Masjid Pusdai Tempat Ibadah Bandung Masjid PUSDAI (pusat dakwah islam) dibangun dalam arsitektur asli di Indonesia, dengan bentuk bentuk yang khas atap Limas. Aplikasikan pada semua atap bangunannya dengan dipadu berbagia gaya arsitektur masjid masjid di seluruh penjuru dunia Islam. Uniknya daripada yang lain, ternyata ada pada bagian kubah (atap masjid) yang terbuat dari sebuah kayu. Sebagian ornamen pada masjid ini, terbuat dari kayu dan terkesan alami dan begitu kuat. Batu marmer juga ikut mendominasi bangunan masjid dengan beberapa hiasan bermotif etnis dalam pola kaligrafinya yang terdapat di bangunan masjid PUSDAI.",masjid pusdai ibadah bandung masjid pusdai  pusat dakwah islam  bangun arsitektur asli indonesia  bentuk bentuk khas atap limas  aplikasi atap bangun padu berbagia gaya arsitektur masjid masjid penjuru dunia islam  unik  kubah  atap masjid  buat kayu  ornamen masjid  buat kayu kes alami kuat  batu marmer dominasi bangun masjid hias motif etnis pola kaligrafi bangun masjid pusdai
303,Masjid Al-Imtizaj,"Masjid Al Imtizaj adalah salah satu masjid yang bernuansa oriental dan arsitektur bercorak negeri tirai bambu yang berada di Kota Bandung. Letak masjid ini lebih tepatnya berada di Jalan Banceuy nomor 8, Kota Bandung, Jawa Barat.",Tempat Ibadah,Bandung,0,4.7,https://lh5.googleusercontent.com/p/AF1QipM57jVlbbC9NU6iQUY2n1hBu4xAkSOzz3eScSTX=w408-h310-k-no,"https://www.google.com/maps/place/Al-Imtizaj+Mosque/@-6.919425,107.6078639,17z/data=!3m1!4b1!4m6!3m5!1s0x2e68e62515931305:0xf728072a1adb6daa!8m2!3d-6.919425!4d107.6078639!16s%2Fg%2F11b5ywv9f8?entry=ttu","Masjid Al-Imtizaj Tempat Ibadah Bandung Masjid Al Imtizaj adalah salah satu masjid yang bernuansa oriental dan arsitektur bercorak negeri tirai bambu yang berada di Kota Bandung. Letak masjid ini lebih tepatnya berada di Jalan Banceuy nomor 8, Kota Bandung, Jawa Barat.",masjid al-imtizaj ibadah bandung masjid al imtizaj salah masjid nuansa oriental arsitektur corak negeri tirai bambu kota bandung  letak masjid tepat jalan banceuy nomor 8  kota bandung  jawa barat
304,Situ Cileunca,"Situ Cileunca yang berlokasi di Warnasari, Pangalengan, Bandung, Jawa Barat adalah sebuah danau buatan dengan luas mencapai 1.400 hektar dengan latar belakang perbukitan dan pegunungan yang indah. Selain difungsikan sebagai objek wisata, Situ Cileunca juga berfungsi sebagai pembangkit listrik tenaga air (PLTA). Air yang berasal dari danau tersebut dialirkan melalui Sungai Palayangan. Sungai ini pula yang sering dijadikan sebagai arena ber-arung jeram. Kedalaman danau mencapai 17 meter, dan sebelum tahun 1918, ini merupakan hutan belantara yang kemudian diubah menjadi situ, yang berfungsi melayani kebutuhan air masyarakat.",Cagar Alam,Bandung,2500,4.5,https://lh5.googleusercontent.com/p/AF1QipOQt_KajK2ASHcwLtbLjL3uiGZ-9S0Rnxm3ln2T=w408-h306-k-no,"https://www.google.com/maps/place/Situ+Cileunca/@-7.1933331,107.5505556,14z/data=!3m1!4b1!4m6!3m5!1s0x2e689142075b6805:0x217fbdfc77613f75!8m2!3d-7.1933333!4d107.5505556!16s%2Fg%2F11b_03bh0l?entry=ttu","Situ Cileunca Cagar Alam Bandung Situ Cileunca yang berlokasi di Warnasari, Pangalengan, Bandung, Jawa Barat adalah sebuah danau buatan dengan luas mencapai 1.400 hektar dengan latar belakang perbukitan dan pegunungan yang indah. Selain difungsikan sebagai objek wisata, Situ Cileunca juga berfungsi sebagai pembangkit listrik tenaga air (PLTA). Air yang berasal dari danau tersebut dialirkan melalui Sungai Palayangan. Sungai ini pula yang sering dijadikan sebagai arena ber-arung jeram. Kedalaman danau mencapai 17 meter, dan sebelum tahun 1918, ini merupakan hutan belantara yang kemudian diubah menjadi situ, yang berfungsi melayani kebutuhan air masyarakat.",situ cileunca cagar alam bandung situ cileunca lokasi warnasari  pangalengan  bandung  jawa barat danau buat luas capai 1 400 hektar latar bukit gunung indah  fungsi objek wisata  situ cileunca fungsi bangkit listrik tenaga air  plta   air asal danau alir sungai palayangan  sungai jadi arena ber-arung jeram  dalam danau capai 17 meter  1918  hutan belantara ubah situ  fungsi layan butuh air masyarakat
305,Sunrise Point Cukul,Sunrise Point Cukul merupakan salah satu tempat wisata populer bagi wisatawan untuk melihat matahari terbit di kawasan Bandung Selatan. Mereka bisa melihat sunrise dari ketinggian 1.600 meter di atas permukaan laut. Sunrise Point Cukul merupakan salah satu tempat wisata populer bagi wisatawan untuk melihat matahari terbit di kawasan Bandung Selatan. Mereka bisa melihat sunrise dari ketinggian 1.600 meter di atas permukaan laut.,Cagar Alam,Bandung,10000,4.7,https://lh5.googleusercontent.com/p/AF1QipPiLjG8vo3O1j7TFhGvUV-dwVTwJk4rtnZ-r2vH=w427-h240-k-no,"https://www.google.com/maps/place/Sunrise+Point+Cukul/@-7.2336882,107.534293,17z/data=!3m1!4b1!4m6!3m5!1s0x2e6890f11d215a35:0x820681487d86d09f!8m2!3d-7.2336882!4d107.534293!16s%2Fg%2F11cr_7kvmr?entry=ttu",Sunrise Point Cukul Cagar Alam Bandung Sunrise Point Cukul merupakan salah satu tempat wisata populer bagi wisatawan untuk melihat matahari terbit di kawasan Bandung Selatan. Mereka bisa melihat sunrise dari ketinggian 1.600 meter di atas permukaan laut. Sunrise Point Cukul merupakan salah satu tempat wisata populer bagi wisatawan untuk melihat matahari terbit di kawasan Bandung Selatan. Mereka bisa melihat sunrise dari ketinggian 1.600 meter di atas permukaan laut.,sunrise point cukul cagar alam bandung sunrise point cukul salah wisata populer wisatawan matahari terbit kawasan bandung selatan  sunrise tinggi 1 600 meter muka laut  sunrise point cukul salah wisata populer wisatawan matahari terbit kawasan bandung selatan  sunrise tinggi 1 600 meter muka laut
306,Sungai Palayangan,"Sungai Palayangan terletak di Kawasan Objek Wisata Situ Cileunca Pangalengan Kab. Bandung, sekitar 45 Km atau kurang lebih 2 jam perjalanan dari pusat Kota Bandung. Adalah lokasi Arung Jeram yang paling Populer di Kawasan Bandung Selatan karena memiliki beberapa kelebihan dibandingkan dengan sungai-sungai yang lain.\nBerikut adalah kelebihan-kelebihan Arung Jeram di Sungai Palayangan :",Cagar Alam,Bandung,150000,4.8,https://lh5.googleusercontent.com/p/AF1QipP6X1gZeGymlh0TlkmLf_VtTibX1FQPrq4ITdGw=w408-h613-k-no,"https://www.google.com/maps/place/Ujung+Arung+Jeram+-+Sungai+Palayangan/@-7.1781875,107.5483125,17z/data=!3m1!4b1!4m6!3m5!1s0x2e689302e1551fc7:0xfd1e0c54187c4ca!8m2!3d-7.1781875!4d107.5483125!16s%2Fg%2F11t4j9zvqq?entry=ttu","Sungai Palayangan Cagar Alam Bandung Sungai Palayangan terletak di Kawasan Objek Wisata Situ Cileunca Pangalengan Kab. Bandung, sekitar 45 Km atau kurang lebih 2 jam perjalanan dari pusat Kota Bandung. Adalah lokasi Arung Jeram yang paling Populer di Kawasan Bandung Selatan karena memiliki beberapa kelebihan dibandingkan dengan sungai-sungai yang lain.\nBerikut adalah kelebihan-kelebihan Arung Jeram di Sungai Palayangan :",sungai palayangan cagar alam bandung sungai palayangan letak kawasan objek wisata situ cileunca pangalengan kab  bandung  45 km 2 jam jalan pusat kota bandung  lokasi arung jeram populer kawasan bandung selatan milik lebih banding sungai lain nberikut lebih arung jeram sungai palayangan
307,Perkebunan Teh Malabar,"Salah satu perkebunan teh yang cukup terkenal di Jawa Barat adalah perkebunan teh Malabar yang dibangun pada masa penjajahan kolonial Belanda tahun 1896. Perkebunan ini masuk dalam wilayah kecamatan Pangalengan Kabupaten Bandung, kira-kira 45 km dari pusat Kota Bandung. Jika anda berkunjung ke daerah ini, maka mata akan akan dimanjakan dengan aktivitas penduduk setempat yang mayoritas penduduknya menjadi pemetik teh dan memelihara sapi perah. Jadi jangan heran apabila anda memasuki daerah ini, anda akan melihat penduduk yang sedang memetik di kebun teh dan memelihara sapi. Namun, untuk mencapai perkebunan Malabar yang ada di Pangalengan ini, anda harus menempuh perjalanan yang panjang dan berkelok-kelok membuat anda harus berhati-hati.",Cagar Alam,Bandung,5000,4.7,https://lh5.googleusercontent.com/p/AF1QipMiH0U4cwo1j8OzHJP3gd9kZtgsxE_cYvfl0TpB=w408-h544-k-no,"https://www.google.com/maps/place/Kebun+Teh+Malabar/@-7.229262,107.5808585,17z/data=!3m1!4b1!4m6!3m5!1s0x2e6897480de13ef3:0x57b366cbc0f31e51!8m2!3d-7.229262!4d107.5808585!16s%2Fg%2F11tmmx_7d3?entry=ttu","Perkebunan Teh Malabar Cagar Alam Bandung Salah satu perkebunan teh yang cukup terkenal di Jawa Barat adalah perkebunan teh Malabar yang dibangun pada masa penjajahan kolonial Belanda tahun 1896. Perkebunan ini masuk dalam wilayah kecamatan Pangalengan Kabupaten Bandung, kira-kira 45 km dari pusat Kota Bandung. Jika anda berkunjung ke daerah ini, maka mata akan akan dimanjakan dengan aktivitas penduduk setempat yang mayoritas penduduknya menjadi pemetik teh dan memelihara sapi perah. Jadi jangan heran apabila anda memasuki daerah ini, anda akan melihat penduduk yang sedang memetik di kebun teh dan memelihara sapi. Namun, untuk mencapai perkebunan Malabar yang ada di Pangalengan ini, anda harus menempuh perjalanan yang panjang dan berkelok-kelok membuat anda harus berhati-hati.",kebun teh malabar cagar alam bandung salah kebun teh kenal jawa barat kebun teh malabar bangun jajah kolonial belanda 1896 kebun masuk wilayah camat pangalengan kabupaten bandung  45 km pusat kota bandung  kunjung daerah  mata manja aktivitas duduk mayoritas duduk petik teh pelihara sapi perah  heran pasuk daerah  duduk petik kebun teh pelihara sapi   capai kebun malabar pangalengan  tempuh jalan kelok hati
308,Pemandian Air Panas Ciater,"Di Subang, terdapat kawasan pemandian Air Panas Ciater yang sering menjadi incaran wisatawan. Kawasan wisata yang buka 24 jam ini memiliki suhu air sekitar 43-46 derajat celcius. Sangat cocok untuk menyegarkan badan wisatawan. Terdapat berbagai kolam pemandian air panas di sini. Baik untuk dewasa maupun anak-anak. Untuk suhu air pada kolam anak terbatas hanya mencapai 39 derajat Celcius sedangkan kolam dewasa bisa mencapai 46 derajat Celcius.",Cagar Alam,Bandung,15000,4.3,https://lh5.googleusercontent.com/p/AF1QipOC_XoZ6tvJKwGZGJ8suo1zfIP24_QYyUr2FWNH=w408-h408-k-no,"https://www.google.com/maps/place/Pemandian+Air+Panas+Ciater/@-6.7389132,107.6540707,17z/data=!3m1!4b1!4m6!3m5!1s0x2e68e14ab87870a5:0xede09c5e525fdcc0!8m2!3d-6.7389132!4d107.6540707!16s%2Fg%2F11b6dp54zh?entry=ttu","Pemandian Air Panas Ciater Cagar Alam Bandung Di Subang, terdapat kawasan pemandian Air Panas Ciater yang sering menjadi incaran wisatawan. Kawasan wisata yang buka 24 jam ini memiliki suhu air sekitar 43-46 derajat celcius. Sangat cocok untuk menyegarkan badan wisatawan. Terdapat berbagai kolam pemandian air panas di sini. Baik untuk dewasa maupun anak-anak. Untuk suhu air pada kolam anak terbatas hanya mencapai 39 derajat Celcius sedangkan kolam dewasa bisa mencapai 46 derajat Celcius.",mandi air panas ciater cagar alam bandung subang  kawasan mandi air panas ciater incar wisatawan  kawasan wisata buka 24 jam milik suhu air 43-46 derajat celcius  cocok segar badan wisatawan  kolam mandi air panas  dewasa anak  suhu air kolam anak batas capai 39 derajat celcius kolam dewasa capai 46 derajat celcius
309,Observatorium Bosscha,"Observatorium Bosscha merupakan salah satu tempat peneropongan bintang tertua di Indonesia. Observatorium Bosscha (dahulu bernama Bosscha Sterrenwacht) dibangun oleh Nederlandsch-Indische Sterrenkundige Vereeniging (NISV) atau Perhimpunan Bintang Hindia Belanda. Observatorium Bosscha berlokasi di Lembang, Jawa Barat, sekitar 15 km di bagian utara Kota Bandung dengan koordinat geografis 107° 36' Bujur Timur dan 6° 49' Lintang Selatan. Tempat ini berdiri di atas tanah seluas 6 hektare, dan berada pada ketinggian 1310 meter di atas permukaan laut atau pada ketinggian 630 m dari dataran tinggi Bandung. Kode observatorium Persatuan Astronomi Internasional untuk observatorium Bosscha adalah 299. Tahun 2004, Observatorium Bosscha dinyatakan sebagai Benda Cagar Budaya oleh Pemerintah. Karena itu keberadaan Observatorium Bosscha dilindungi oleh UU Nomor 2/1992 tentang Benda Cagar Budaya. Selanjutnya, tahun 2008, Pemerintah menetapkan Observatorium Bosscha sebagai salah satu Objek Vital nasional yang harus diamankan.",Cagar Alam,Bandung,25000,4.5,https://lh5.googleusercontent.com/p/AF1QipN2yvh44_86AEb_t7Fmi1PCwWM-VigWGjk2L7Fy=w408-h305-k-no,"https://www.google.com/maps/place/Observatorium+Bosscha/@-6.8246311,107.6171106,17z/data=!3m1!4b1!4m6!3m5!1s0x2e68e11292b0db83:0xc0f73eee035e3ffd!8m2!3d-6.8246311!4d107.6171106!16s%2Fm%2F02zbmgy?entry=ttu","Observatorium Bosscha Cagar Alam Bandung Observatorium Bosscha merupakan salah satu tempat peneropongan bintang tertua di Indonesia. Observatorium Bosscha (dahulu bernama Bosscha Sterrenwacht) dibangun oleh Nederlandsch-Indische Sterrenkundige Vereeniging (NISV) atau Perhimpunan Bintang Hindia Belanda. Observatorium Bosscha berlokasi di Lembang, Jawa Barat, sekitar 15 km di bagian utara Kota Bandung dengan koordinat geografis 107° 36' Bujur Timur dan 6° 49' Lintang Selatan. Tempat ini berdiri di atas tanah seluas 6 hektare, dan berada pada ketinggian 1310 meter di atas permukaan laut atau pada ketinggian 630 m dari dataran tinggi Bandung. Kode observatorium Persatuan Astronomi Internasional untuk observatorium Bosscha adalah 299. Tahun 2004, Observatorium Bosscha dinyatakan sebagai Benda Cagar Budaya oleh Pemerintah. Karena itu keberadaan Observatorium Bosscha dilindungi oleh UU Nomor 2/1992 tentang Benda Cagar Budaya. Selanjutnya, tahun 2008, Pemerintah menetapkan Observatorium Bosscha sebagai salah satu Objek Vital nasional yang harus diamankan.",observatorium bosscha cagar alam bandung observatorium bosscha salah teropong bintang tua indonesia  observatorium bosscha  nama bosscha sterrenwacht  bangun nederlandsch-indische sterrenkundige vereeniging  nisv  himpun bintang hindia belanda  observatorium bosscha lokasi lembang  jawa barat  15 km utara kota bandung koordinat geografis 107 36  bujur timur 6 49  lintang selatan  diri tanah luas 6 hektare  tinggi 1310 meter muka laut tinggi 630 m datar bandung  kode observatorium satu astronomi internasional observatorium bosscha 299 2004  observatorium bosscha nyata benda cagar budaya perintah  ada observatorium bosscha lindung uu nomor 2 1992 benda cagar budaya   2008  perintah tetap observatorium bosscha salah objek vital nasional aman
310,Taman Bunga Cihideung,Taman Bunga Cihideung mempunyai pesona alam yang sederhana namun mampu menghasilkan landscape yang menyita perhatian. Pesona dari kebun / taman bunga ini padahal hanya sebatas tumbuhan sejenis bunga. Lalu ada pula beberapa daya tarik lain sehingga membuat destinasi wisata alam ini masuk ke dalam list wisata Bandung. Salah satunya yaitu area spot foto yang sangat kekinian dan instagramable yang menjadi incaran utama wisatawan remaja. Khususnya bagi para influencer yang sedang mencari latar sempurna untuk sebuah konten.,Cagar Alam,Bandung,0,4.2,https://lh5.googleusercontent.com/p/AF1QipNC2u4jM0fKZ4bYFz-IVFMjOMB6SW3ZMPa1M5Cp=w408-h306-k-no,"https://www.google.com/maps/place/Taman+Bunga+Lembang+Cihideung/@-6.8039626,107.5866839,17z/data=!3m1!4b1!4m6!3m5!1s0x2e68e19d30f028b3:0xb3b9b636edd61c20!8m2!3d-6.8039626!4d107.5866839!16s%2Fg%2F11g6p0fr6_?entry=ttu",Taman Bunga Cihideung Cagar Alam Bandung Taman Bunga Cihideung mempunyai pesona alam yang sederhana namun mampu menghasilkan landscape yang menyita perhatian. Pesona dari kebun / taman bunga ini padahal hanya sebatas tumbuhan sejenis bunga. Lalu ada pula beberapa daya tarik lain sehingga membuat destinasi wisata alam ini masuk ke dalam list wisata Bandung. Salah satunya yaitu area spot foto yang sangat kekinian dan instagramable yang menjadi incaran utama wisatawan remaja. Khususnya bagi para influencer yang sedang mencari latar sempurna untuk sebuah konten.,taman bunga cihideung cagar alam bandung taman bunga cihideung pesona alam sederhana hasil landscape sita perhati  pesona kebun  taman bunga batas tumbuh jenis bunga  daya tarik destinasi wisata alam masuk list wisata bandung  salah satu area spot foto kini instagramable incar utama wisatawan remaja  influencer cari latar sempurna konten
311,The Lodge Maribaya,"The Lodge Maribaya adalah salah satu tempat wisata di Lembang yang menawarkan berbagai hal pada pengunjung. Disini kita bisa melakukan berbagai akitivitas seperti camping, trekking mengelilingi area hutan pinus yang indah, acara gathering dan team building, atau bahkan hanya sekedar refreshing menikmati kuliner. Terdapat juga berbagai wahana yang pastinya instagrammable banget. Di kelilingi oleh pegunungan dengan hutan pinus yang khas, udara dan suasana disini memang segar banget. Ingin mengadakan private gathering, atau bahkan acara pernikahan disini? bisa banget. Dengan backdrop pegunungan hijau yang indah, tentunya bakal membuat acara anda lebih berkesan.",Cagar Alam,Bandung,25000,4.3,https://lh5.googleusercontent.com/p/AF1QipMGqpFBcrb4KpO9iHXOXSq0H4lL2bNNZN8zupJ7=w408-h272-k-no,"https://www.google.com/maps/place/The+Lodge+Maribaya/@-6.8294112,107.6874666,17z/data=!3m1!4b1!4m9!3m8!1s0x2e68e7e5665cd123:0x42e7f646b2aa9aca!5m2!4m1!1i2!8m2!3d-6.8294112!4d107.6874666!16s%2Fg%2F11bc7pqdb7?entry=ttu","The Lodge Maribaya Cagar Alam Bandung The Lodge Maribaya adalah salah satu tempat wisata di Lembang yang menawarkan berbagai hal pada pengunjung. Disini kita bisa melakukan berbagai akitivitas seperti camping, trekking mengelilingi area hutan pinus yang indah, acara gathering dan team building, atau bahkan hanya sekedar refreshing menikmati kuliner. Terdapat juga berbagai wahana yang pastinya instagrammable banget. Di kelilingi oleh pegunungan dengan hutan pinus yang khas, udara dan suasana disini memang segar banget. Ingin mengadakan private gathering, atau bahkan acara pernikahan disini? bisa banget. Dengan backdrop pegunungan hijau yang indah, tentunya bakal membuat acara anda lebih berkesan.",the lodge maribaya cagar alam bandung the lodge maribaya salah wisata lembang tawar unjung  akitivitas camping  trekking keliling area hutan pinus indah  acara gathering team building  dar refreshing nikmat kuliner  wahana pasti instagrammable banget  keliling gunung hutan pinus khas  udara suasana segar banget  ada private gathering  acara nikah  banget  backdrop gunung hijau indah  acara kesan
312,Taman Hutan Raya Ir. H. Juanda,"Taman Hutan Raya Ir. H. Djuanda (Tahura Djuanda) merupakan kawasan konservasi yang terpadu antara alam sekunder dengan hutan tanaman dengan jenis Pinus (Pinus merkusil) yang terletak di Sub-Daerah Aliran Sungai Cikapundung dan DAS Citarum yang membentang mulai dari Curug Dago, Dago Pakar sampai Curug Maribaya yang merupakan bagian dari kelompok hutan Gunung Pulosari. Tahura Djuanda terletak di sebelah utara Kota Bandung berjarak kurang lebih 7 km dari pusat kota, secara geografis berada pada 1070 30’ BT dan 60 52’ LS, secara administrasi berada di wilayah Desa Ciburial, Kecamatan Cimenyan, Kabupaten Bandung dan sebagian masuk Desa Mekarwangi, Desa Cibodas, Desa Langensari, dan Desa Wangunharja, Kecamatan Lembang, Kabupaten Bandung Barat serta Kelurahan Dago, Kecamatan Coblong, Kota Bandung.",Cagar Alam,Bandung,11000,4.6,https://lh5.googleusercontent.com/p/AF1QipOMLd6NEM8_CRpgif6ACGtdJXhGiIdAtcCaseNc=w408-h497-k-no,"https://www.google.com/maps/place/Taman+Hutan+Raya+Ir.+H.+Djuanda/@-6.858932,107.63074,17z/data=!3m1!4b1!4m6!3m5!1s0x2e68e0b82dc93d87:0xf664c059175258b1!8m2!3d-6.858932!4d107.63074!16s%2Fg%2F121tbx7k?entry=ttu","Taman Hutan Raya Ir. H. Juanda Cagar Alam Bandung Taman Hutan Raya Ir. H. Djuanda (Tahura Djuanda) merupakan kawasan konservasi yang terpadu antara alam sekunder dengan hutan tanaman dengan jenis Pinus (Pinus merkusil) yang terletak di Sub-Daerah Aliran Sungai Cikapundung dan DAS Citarum yang membentang mulai dari Curug Dago, Dago Pakar sampai Curug Maribaya yang merupakan bagian dari kelompok hutan Gunung Pulosari. Tahura Djuanda terletak di sebelah utara Kota Bandung berjarak kurang lebih 7 km dari pusat kota, secara geografis berada pada 1070 30’ BT dan 60 52’ LS, secara administrasi berada di wilayah Desa Ciburial, Kecamatan Cimenyan, Kabupaten Bandung dan sebagian masuk Desa Mekarwangi, Desa Cibodas, Desa Langensari, dan Desa Wangunharja, Kecamatan Lembang, Kabupaten Bandung Barat serta Kelurahan Dago, Kecamatan Coblong, Kota Bandung.",taman hutan raya ir  h juanda cagar alam bandung taman hutan raya ir  h djuanda  tahura djuanda  kawasan konservasi padu alam sekunder hutan tanam jenis pinus  pinus merkusil  letak sub-daerah alir sungai cikapundung das citarum bentang curug dago  dago pakar curug maribaya kelompok hutan gunung pulosari  tahura djuanda letak belah utara kota bandung jarak 7 km pusat kota  geografis 1070 30  bt 60 52  ls  administrasi wilayah desa ciburial  camat cimenyan  kabupaten bandung masuk desa mekarwangi  desa cibodas  desa langensari  desa wangunharja  camat lembang  kabupaten bandung barat lurah dago  camat coblong  kota bandung
313,Taman Begonia,"Taman Begonia Bandung terletak pada ketinggian 1200 meter di atas laut. Selain balinea, ada beraneka jenis bunga lainnya seperti salvia, impatiens, geranium, dan celosia. Saking indahnya banyak orang yang menyebut setara dengan taman Himawari no Sato di Jepang. Bunga Balinea itu sendiri merupakan jenis bunga Begonia yang berasal dari Bali. Tanaman yang cocok ditanam di berbagai cuaca ini akan tumbuh di sepanjang musim. Bunga Balinea adalah tanaman yang sering ditanam di perkebunan dan pekarangan hotel serta taman kota Keistimewaan Taman Bunga Begonia bukan hanya dari keberadaan bunga dan tanaman yang ada, melainkan juga dari tatanan taman yang menarik. Warna-warni taman bunga juga dilengkapi dengan berbagai bentukan yang cocok untuk berfoto-foto. Bahkan memang banyak pengunjung yang datang ke sini hanya untuk mengabadikan keindahan tamannya. Selain itu, karena berada di dataran tinggi, para pengunjung pasti akan nyaman beraktivitas di sana dengan suhu yang sejuk dan menyegarkan.",Cagar Alam,Bandung,10000,4.4,https://lh5.googleusercontent.com/p/AF1QipO0AYHHruM4b_GStb6ADN93K_AwCx4aIZIhr1P5=w408-h306-k-no,"https://www.google.com/maps/place/Kebun+Begonia/@-6.825677,107.637794,17z/data=!3m1!4b1!4m6!3m5!1s0x2e68e0f367d63315:0xac823530fc733ca6!8m2!3d-6.825677!4d107.637794!16s%2Fg%2F11bv1mgdhq?entry=ttu","Taman Begonia Cagar Alam Bandung Taman Begonia Bandung terletak pada ketinggian 1200 meter di atas laut. Selain balinea, ada beraneka jenis bunga lainnya seperti salvia, impatiens, geranium, dan celosia. Saking indahnya banyak orang yang menyebut setara dengan taman Himawari no Sato di Jepang. Bunga Balinea itu sendiri merupakan jenis bunga Begonia yang berasal dari Bali. Tanaman yang cocok ditanam di berbagai cuaca ini akan tumbuh di sepanjang musim. Bunga Balinea adalah tanaman yang sering ditanam di perkebunan dan pekarangan hotel serta taman kota Keistimewaan Taman Bunga Begonia bukan hanya dari keberadaan bunga dan tanaman yang ada, melainkan juga dari tatanan taman yang menarik. Warna-warni taman bunga juga dilengkapi dengan berbagai bentukan yang cocok untuk berfoto-foto. Bahkan memang banyak pengunjung yang datang ke sini hanya untuk mengabadikan keindahan tamannya. Selain itu, karena berada di dataran tinggi, para pengunjung pasti akan nyaman beraktivitas di sana dengan suhu yang sejuk dan menyegarkan.",taman begonia cagar alam bandung taman begonia bandung letak tinggi 1200 meter laut  balinea  aneka jenis bunga salvia  impatiens  geranium  celosia  saking indah orang sebut tara taman himawari no sato jepang  bunga balinea jenis bunga begonia asal bal  tanam cocok tanam cuaca tumbuh musim  bunga balinea tanam tanam kebun pekarang hotel taman kota istimewa taman bunga begonia ada bunga tanam  tatanan taman tarik  warna-warni taman bunga lengkap bentuk cocok foto  unjung abadi indah taman   datar  unjung nyaman aktivitas suhu sejuk segar
314,Tafso Barn,"Nama Punclut mungkin sudah cukup akrab di telinga wisatawan. Kawasan dataran tinggi di Bandung yang belakangan populer sebagai destinasi wisata. Selain menawarkan pemandangan yang indah, kawasan ini juga memiliki banyak tempat wisata untuk rekreasi. Salah satunya adalah kawasan wisata sekaligus restoran Tafso dan Boda Barn atau sering dikenal juga dengan Tafso Barn. Tempat rekreasi ini memadukan tempat makan dengan nuansa taman dan gudang yang unik. Pemandangan perbukitan yang dipotong garis horison menjadi incaran utama pengunjung. Sangat tepat nongkrong dan bersantai ketika berlibur di Bandung.",Cagar Alam,Bandung,0,4.2,https://lh5.googleusercontent.com/p/AF1QipPcyG7sEIrkzdw4gkJj4OK-9A85FtTEtoysSUyz=w425-h240-k-no,"https://google.com/maps/place/Tafso/@-6.8424051,107.6227991,17z/data=!3m1!4b1!4m6!3m5!1s0x2e68e0d59dfe8847:0xca213dcf1c3c76ee!8m2!3d-6.8424051!4d107.6227991!16s%2Fg%2F11ddx9bs19?entry=ttu","Tafso Barn Cagar Alam Bandung Nama Punclut mungkin sudah cukup akrab di telinga wisatawan. Kawasan dataran tinggi di Bandung yang belakangan populer sebagai destinasi wisata. Selain menawarkan pemandangan yang indah, kawasan ini juga memiliki banyak tempat wisata untuk rekreasi. Salah satunya adalah kawasan wisata sekaligus restoran Tafso dan Boda Barn atau sering dikenal juga dengan Tafso Barn. Tempat rekreasi ini memadukan tempat makan dengan nuansa taman dan gudang yang unik. Pemandangan perbukitan yang dipotong garis horison menjadi incaran utama pengunjung. Sangat tepat nongkrong dan bersantai ketika berlibur di Bandung.",tafso barn cagar alam bandung nama punclut akrab telinga wisatawan  kawasan datar bandung populer destinasi wisata  tawar pandang indah  kawasan milik wisata rekreasi  salah satu kawasan wisata restoran tafso boda barn kenal tafso barn  rekreasi madu makan nuansa taman gudang unik  pandang bukit potong garis horison incar utama unjung  nongkrong santa libur bandung
315,Curug Luhur Waterfall,"Sekitaran Bandung banyak sekali curug dari yang kekinian, terlupakan, kurang terdengar sampai baru dengar. Salah satunya adalah curug Luhur Cibodas di daerah Maribaya Lembang di sekitar area ini ada 3 curug, penduduk lokal menyebutnya curug Cibodas pernah disebut juga curug Keraton .. tapi sekarang lebih dikenal curug Luhur, selain yang ini ada juga curug Lalay yang tidak terlalu tinggi dan satu lagi curug yang paling tinggi diarea sini yaitu curug Luhur .. posisinya lebih kedalam lagi sekitar 3 km dari pos masuk, masih jarang orang yang kesana
",Cagar Alam,Bandung,5000,4.2,https://lh5.googleusercontent.com/p/AF1QipM_r4LyIphDNlhIiDBtXgOLvV1jbDxivpyl1JlY=w408-h544-k-no,"https://www.google.com/maps/place/Curug+Luhur+Waterfall/@-6.8047605,107.7121325,17z/data=!3m1!4b1!4m6!3m5!1s0x2e68de585226763d:0xc675d34fba9a6e80!8m2!3d-6.8047605!4d107.7121325!16s%2Fg%2F11g68_x2rh?entry=ttu","Curug Luhur Waterfall Cagar Alam Bandung Sekitaran Bandung banyak sekali curug dari yang kekinian, terlupakan, kurang terdengar sampai baru dengar. Salah satunya adalah curug Luhur Cibodas di daerah Maribaya Lembang di sekitar area ini ada 3 curug, penduduk lokal menyebutnya curug Cibodas pernah disebut juga curug Keraton .. tapi sekarang lebih dikenal curug Luhur, selain yang ini ada juga curug Lalay yang tidak terlalu tinggi dan satu lagi curug yang paling tinggi diarea sini yaitu curug Luhur .. posisinya lebih kedalam lagi sekitar 3 km dari pos masuk, masih jarang orang yang kesana
",curug luhur waterfall cagar alam bandung sekitar bandung curug kini  lupa  dengar dengar  salah satu curug luhur cibodas daerah maribaya lembang area 3 curug  duduk lokal sebut curug cibodas curug keraton  kenal curug luhur  curug lalay curug area curug luhur  posisi dalam 3 km pos masuk  jarang orang kesana
316,Curug Malela,"Curug Malela adalah salah satu destinasi alam yang berupa air terjun. Curug ini memilliki keindahan yang luar biasa. Jadi tak heran banyak para pengunjung yang datang untuk mengunjungi curug ini. Para pengunjung yang datang tidak hanya dari dalam kota saja, namun juga dari luar kota seperti DKI jakarta, Jawa Tengah, Jawa Barat dan masih banyak lagi. Curug ini memiliki ketinggian yang cukup tinggi yaitu sekitar 60 sampai 70 meter. Namun curug ini memiliki lebar yang cukup sempit yaitu sekitar 50 meter saja. Curug yang menjulang tinggi ini memiliki air yang sangat deras dan dingin. Jadi jika kamu berdiri di dekat air terjun ini siap siap pakaianmu akan basah terkena cipratan air. Air terjun Malela tidak hanya terdiri dari satu pancuran air saja, namun terdiri dari beberapa pancuran air yang berdekatan. Karena curug ini memiliki pancuran air yang berjejeran seperti air terjun niagara yang ada di Amerika, banyak para pengunjung yang menyebutnya sebagai “Niagara nya Cianjur”.
",Cagar Alam,Bandung,10000,4.5,https://lh5.googleusercontent.com/p/AF1QipMwqWxg-EcRlQTzS2BQk8Hy6z9rp1roZzz0T4rS=w408-h306-k-no,"https://www.google.com/maps/place/Malela+waterfall/@-7.0182385,107.2072145,14z/data=!3m1!4b1!4m6!3m5!1s0x2e6859502d1faae5:0x637a7f90a74e56e2!8m2!3d-7.0182386!4d107.2072145!16s%2Fg%2F1pzvnk9v5?entry=ttu","Curug Malela Cagar Alam Bandung Curug Malela adalah salah satu destinasi alam yang berupa air terjun. Curug ini memilliki keindahan yang luar biasa. Jadi tak heran banyak para pengunjung yang datang untuk mengunjungi curug ini. Para pengunjung yang datang tidak hanya dari dalam kota saja, namun juga dari luar kota seperti DKI jakarta, Jawa Tengah, Jawa Barat dan masih banyak lagi. Curug ini memiliki ketinggian yang cukup tinggi yaitu sekitar 60 sampai 70 meter. Namun curug ini memiliki lebar yang cukup sempit yaitu sekitar 50 meter saja. Curug yang menjulang tinggi ini memiliki air yang sangat deras dan dingin. Jadi jika kamu berdiri di dekat air terjun ini siap siap pakaianmu akan basah terkena cipratan air. Air terjun Malela tidak hanya terdiri dari satu pancuran air saja, namun terdiri dari beberapa pancuran air yang berdekatan. Karena curug ini memiliki pancuran air yang berjejeran seperti air terjun niagara yang ada di Amerika, banyak para pengunjung yang menyebutnya sebagai “Niagara nya Cianjur”.
",curug malela cagar alam bandung curug malela salah destinasi alam air terjun  curug memilliki indah  heran unjung unjung curug  unjung kota  kota dki jakarta  jawa  jawa barat  curug milik tinggi 60 70 meter  curug milik lebar sempit 50 meter  curug julang milik air deras dingin  diri air terjun pakai basah kena ciprat air  air terjun malela pancur air  pancur air dekat  curug milik pancur air jejer air terjun niagara amerika  unjung sebut  niagara nya cianjur
317,Curug Cimahi,"Curug Cimahi adalah air terjun yang terletak di Jalan Kolonel Masturi, Desa Kertawangi, Kecamatan Cisarua, Kabupaten Bandung Barat, Jawa Barat. Dengan ketinggian sekitar 87 meter, menjadikan air terjun ini sebagai salah satu curug tertinggi di wilayah Bandung dan sekitarnya. Nama Cimahi berasal dari nama sungai yang mengalir di atasnya yaitu Sungai Cimahi yang berhulu di Situ (danau) Lembang dan mengalir ke Kota Cimahi. Destinasi wisata ini berjarak kurang lebih 10 kilometer dari Kota Cimahi ke arah Lembang atau 20 kilometer dari Kota Bandung.",Cagar Alam,Bandung,15000,4.6,https://lh5.googleusercontent.com/p/AF1QipPt9hB8k5TobIcVkcvRysYrnecVZUd6bJUz9nHY=w408-h884-k-no,"https://www.google.com/maps/place/Parkir+Air+Terjun+Curug+Cimahi/@-6.7987013,107.4356284,11z/data=!4m10!1m2!2m1!1scurug+cimahi!3m6!1s0x2e68e1870cb71411:0x4f883c50e04903d5!8m2!3d-6.7987013!4d107.5757041!15sCgxjdXJ1ZyBjaW1haGngAQA!16s%2Fg%2F11b6dw0blr?entry=ttu","Curug Cimahi Cagar Alam Bandung Curug Cimahi adalah air terjun yang terletak di Jalan Kolonel Masturi, Desa Kertawangi, Kecamatan Cisarua, Kabupaten Bandung Barat, Jawa Barat. Dengan ketinggian sekitar 87 meter, menjadikan air terjun ini sebagai salah satu curug tertinggi di wilayah Bandung dan sekitarnya. Nama Cimahi berasal dari nama sungai yang mengalir di atasnya yaitu Sungai Cimahi yang berhulu di Situ (danau) Lembang dan mengalir ke Kota Cimahi. Destinasi wisata ini berjarak kurang lebih 10 kilometer dari Kota Cimahi ke arah Lembang atau 20 kilometer dari Kota Bandung.",curug cimahi cagar alam bandung curug cimahi air terjun letak jalan kolonel masturi  desa kertawangi  camat cisarua  kabupaten bandung barat  jawa barat  tinggi 87 meter  jadi air terjun salah curug tinggi wilayah bandung  nama cimahi asal nama sungai alir atas sungai cimahi hulu situ  danau  lembang alir kota cimahi  destinasi wisata jarak 10 kilometer kota cimahi arah lembang 20 kilometer kota bandung
318,Situ Patenggang,"Situ Patenggang atau Situ Patengan adalah suatu danau yang terletak di kawasan objek wisata alam Bandung Selatan, Jawa Barat, Indonesia, tepatnya di Ciwidey. Terletak di ketinggian 1600 meter di atas permukaan laut, danau ini memiliki pemandangan yang sangat eksotik. Situ patenggang juga memiliki pemandangan alam yang asri, karena disekitarnya terdapat hamparan kebun teh.\nLuas Situ Patenggang sekitar 45.000 hektar. Serta total luas cagar alamnya mencapai 123.077,15 hektar. Situ patenggang selalu menjadi pilihan wisatawan terutama bagi mereka yang baru pulang dari tempat wisata Kawah Putih. Jaraknya dari wisata kawah putih hanya sekitar 7 KM dan membutuhkan waktu sekitar 10 menit saja.",Cagar Alam,Bandung,20000,4.5,https://lh5.googleusercontent.com/p/AF1QipM3Cg0MPWsPYzbL8n7-bTRmKCoKplwjO1any4AK=w408-h306-k-no,"https://www.google.com/maps/place/Patenggang+Lake/@-7.1672928,107.357673,16z/data=!3m1!4b1!4m6!3m5!1s0x2e688bc0fb5ad637:0x2585812940b0a366!8m2!3d-7.1669649!4d107.3575344!16s%2Fm%2F0bhb5cs?entry=ttu","Situ Patenggang Cagar Alam Bandung Situ Patenggang atau Situ Patengan adalah suatu danau yang terletak di kawasan objek wisata alam Bandung Selatan, Jawa Barat, Indonesia, tepatnya di Ciwidey. Terletak di ketinggian 1600 meter di atas permukaan laut, danau ini memiliki pemandangan yang sangat eksotik. Situ patenggang juga memiliki pemandangan alam yang asri, karena disekitarnya terdapat hamparan kebun teh.\nLuas Situ Patenggang sekitar 45.000 hektar. Serta total luas cagar alamnya mencapai 123.077,15 hektar. Situ patenggang selalu menjadi pilihan wisatawan terutama bagi mereka yang baru pulang dari tempat wisata Kawah Putih. Jaraknya dari wisata kawah putih hanya sekitar 7 KM dan membutuhkan waktu sekitar 10 menit saja.",situ patenggang cagar alam bandung situ patenggang situ patengan danau letak kawasan objek wisata alam bandung selatan  jawa barat  indonesia  tepat ciwidey  letak tinggi 1600 meter muka laut  danau milik pandang eksotik  situ patenggang milik pandang alam asri  sekitar hampar kebun teh nluas situ patenggang 45 000 hektar  total luas cagar alam capai 123 077 15 hektar  situ patenggang pilih wisatawan pulang wisata kawah putih  jarak wisata kawah putih 7 km butuh 10 menit
319,Kawah Rengganis Cibuni,"Kawasan Bandung Selatan khususnya Ciwidey memang sudah dikenal sebagai destinasi wisata alam dengan panorama yang indah dan udara yang sejuk, oleh karena itu masyarakat perkotaan memilih berwisata ke Ciwidey untuk “melarikan” diri dari kesibukan mereka di Kota. Wisata Ciwidey yang satu ini tidak kalah eksotis dari Kawah Putih, Rancaupas atau Situ Patenggang. Berdasarkan catatan Sejarah Kawah Rengganis, kawah ini sudah terbentuk akibat proses alam jutaan tahun lalu. Dimana berdasarkan penelitian, Kawah Rengganis ini terbentuk dari dahsyatnya letusan Gunung Sunda Purba, khususnya Gunung Patuha, yang juga menciptakan kawah lainnya, Kawah Putih. Bukti kedahsyatan letusannya bisa kita lihat sendiri, dimana hingga saat ini di Kawah Rengganis masih tercium begitu kuat aroma bau belerang dari areal kawahnya.",Cagar Alam,Bandung,5000,4.4,https://lh5.googleusercontent.com/p/AF1QipOqYYu4Xfz6vLV8fMsiIjEUfNKQCnzZNnXPuPXf=w426-h240-k-no,"https://www.google.com/maps/place/Cibuni+Rengganis+Crater/@-7.1724375,107.3766875,17z/data=!3m1!4b1!4m6!3m5!1s0x2e688bfaba30b0dd:0x477999f79c277360!8m2!3d-7.1724375!4d107.3766875!16s%2Fg%2F11btt6hr9m?entry=ttu","Kawah Rengganis Cibuni Cagar Alam Bandung Kawasan Bandung Selatan khususnya Ciwidey memang sudah dikenal sebagai destinasi wisata alam dengan panorama yang indah dan udara yang sejuk, oleh karena itu masyarakat perkotaan memilih berwisata ke Ciwidey untuk “melarikan” diri dari kesibukan mereka di Kota. Wisata Ciwidey yang satu ini tidak kalah eksotis dari Kawah Putih, Rancaupas atau Situ Patenggang. Berdasarkan catatan Sejarah Kawah Rengganis, kawah ini sudah terbentuk akibat proses alam jutaan tahun lalu. Dimana berdasarkan penelitian, Kawah Rengganis ini terbentuk dari dahsyatnya letusan Gunung Sunda Purba, khususnya Gunung Patuha, yang juga menciptakan kawah lainnya, Kawah Putih. Bukti kedahsyatan letusannya bisa kita lihat sendiri, dimana hingga saat ini di Kawah Rengganis masih tercium begitu kuat aroma bau belerang dari areal kawahnya.",kawah rengganis cibuni cagar alam bandung kawasan bandung selatan ciwidey kenal destinasi wisata alam panorama indah udara sejuk  masyarakat kota pilih wisata ciwidey  lari  sibuk kota  wisata ciwidey kalah eksotis kawah putih  rancaupas situ patenggang  dasar catat sejarah kawah rengganis  kawah bentuk akibat proses alam juta  mana dasar teliti  kawah rengganis bentuk dahsyat letus gunung sunda purba  gunung patuha  cipta kawah  kawah putih  bukti dahsyat letus lihat  mana kawah rengganis cium kuat aroma bau belerang areal kawah
320,Pemandian Air Panas Cimanggu,Air Panas Cimanggu menjadi salah satu objek wisata di Bandung yang menawarkan berbagai macam daya tarik yang dijamin mengagumkan. Tempat wisata yang satu ini juga dikenal dengan nama Cimanggu Natural Hot Spring. Menikmati pemandian air panas dan juga hijaunya pemandangan di pemandian ini pastinya bisa membuat pikiran Anda lebih rileks. Pikiran rileks pastinya akan membuat Anda lebih bersemangat saat kembali bekerja.,Cagar Alam,Bandung,23000,3.2,https://lh5.googleusercontent.com/p/AF1QipOfFOS1VJr2d7X2B0cY_KXBFiXRTRR9GnOtSO0J=w426-h240-k-no,"https://www.google.com/maps/place/Cimanggu/@-7.1455208,107.3874607,17z/data=!4m10!1m2!2m1!1spemandian+air+panas+cimanggu!3m6!1s0x2e688d9e8d2a6d8f:0x8499be5a8b509f78!8m2!3d-7.1468795!4d107.3900291!15sChxwZW1hbmRpYW4gYWlyIHBhbmFzIGNpbWFuZ2d1kgEUaW5kb29yX3N3aW1taW5nX3Bvb2zgAQA!16s%2Fg%2F11f650phsb?entry=ttu",Pemandian Air Panas Cimanggu Cagar Alam Bandung Air Panas Cimanggu menjadi salah satu objek wisata di Bandung yang menawarkan berbagai macam daya tarik yang dijamin mengagumkan. Tempat wisata yang satu ini juga dikenal dengan nama Cimanggu Natural Hot Spring. Menikmati pemandian air panas dan juga hijaunya pemandangan di pemandian ini pastinya bisa membuat pikiran Anda lebih rileks. Pikiran rileks pastinya akan membuat Anda lebih bersemangat saat kembali bekerja.,mandi air panas cimanggu cagar alam bandung air panas cimanggu salah objek wisata bandung tawar daya tarik jamin kagum  wisata kenal nama cimanggu natural hot spring  nikmat mandi air panas hijau pandang mandi pasti pikir rileks  pikir rileks pasti semangat
321,Glamping Lakeside Rancabali,"Glamping Lakeside Rancabali menawarkan tempat berkemah mewah yang cocok untuk Anda jadikan destinasi liburan di akhir pekan. Seperti namanya, glamping atau glamour camping terdiri dari tenda yang berisikan tempat tidur nyaman, kamar mandi di dalam ruangan, pemanas, dan berbagai amenitas layaknya hotel berbintang. Berlokasi di Jalan Raya Ciwidey Rancabali KM 1, Glamping Lakeside berada di sekitar Situ Patenggang dan perkebunan teh yang subur. Tidak heran jika pemandangan dari glamping ini begitu apik dan Instagramable untuk berfoto.",Taman Hiburan,Bandung,30000,4.5,https://lh3.googleusercontent.com/gps-proxy/ALd4DhGIYMXCCDe9VB-Mbdno_gs1YEMBdilqn2w8biP1wDJqvBoUttXJcqiR7hxpazByde6kbSPJ64MFuqCIy8CAGZXdbMphXDa79yh6ZcZrhEpS3QypeScrEWGQjuTj2Ld46zAbAIyL0YIk9oeS9d2hUbOBp3YpWDLSrxC_elOSiAT0JsN5PA22t4UtIQ=w408-h300-k-no,"https://www.google.com/maps/place/Glamping+Lakeside+Rancabali/@-7.1670549,107.3540784,17z/data=!3m1!4b1!4m9!3m8!1s0x2e688b96c30c7869:0xcc3d65320d369aa7!5m2!4m1!1i2!8m2!3d-7.1670549!4d107.3540784!16s%2Fg%2F11c1l6c7_8?entry=ttu","Glamping Lakeside Rancabali Taman Hiburan Bandung Glamping Lakeside Rancabali menawarkan tempat berkemah mewah yang cocok untuk Anda jadikan destinasi liburan di akhir pekan. Seperti namanya, glamping atau glamour camping terdiri dari tenda yang berisikan tempat tidur nyaman, kamar mandi di dalam ruangan, pemanas, dan berbagai amenitas layaknya hotel berbintang. Berlokasi di Jalan Raya Ciwidey Rancabali KM 1, Glamping Lakeside berada di sekitar Situ Patenggang dan perkebunan teh yang subur. Tidak heran jika pemandangan dari glamping ini begitu apik dan Instagramable untuk berfoto.",glamping lakeside rancabali taman hibur bandung glamping lakeside rancabali tawar kemah mewah cocok jadi destinasi libur pekan  nama  glamping glamour camping tenda risi tidur nyaman  kamar mandi ruang  panas  amenitas layak hotel bintang  lokasi jalan raya ciwidey rancabali km 1  glamping lakeside situ patenggang kebun teh subur  heran pandang glamping apik instagramable foto
322,Bukit Jamur,"Bukit Jamur Ciwidey adalah satu dari sekian banyak pesona wisata alam yang berada di Kecamatan Ciwidey, Kabupaten Bandung, Provinsi Jawa barat. Bukit Jamur Ciwidey memang memiliki khas wisata Ciwidey, yaitu objek wisata di tengah hamparan kebun teh, dengan udara yang sangat sejuk.Suasana saat kabut turun di area perkebunan membuat suasana menjadi romatis. Bukit Jamur Ciwidey suasananya cocok juga bagi jomblowan – jomblowati, banyak spot dengan latar alam yang indah, yang dimungkinkan mampu melupakan sang mantan.",Cagar Alam,Bandung,0,4.2,https://lh5.googleusercontent.com/p/AF1QipNwFjF7NCzl39V5_akWkMcT_Sc3xQjpeN_ALRwp=w408-h240-k-no,"https://www.google.com/maps/place/Mushroom+Hill+Rancabolang+Ciwidey/@-6.9560219,107.1704225,10z/data=!4m10!1m2!2m1!1sbukit+jamur+bandung!3m6!1s0x2e688e883a887861:0x5271ae77ece8a620!8m2!3d-7.1950859!4d107.4311772!15sChNidWtpdCBqYW11ciBiYW5kdW5nWhUiE2J1a2l0IGphbXVyIGJhbmR1bmeSARJ0b3VyaXN0X2F0dHJhY3Rpb26aASRDaGREU1VoTk1HOW5TMFZKUTBGblNVTnBOblIxUjIxUlJSQULgAQA!16s%2Fg%2F11c59vxcv8?entry=ttu","Bukit Jamur Cagar Alam Bandung Bukit Jamur Ciwidey adalah satu dari sekian banyak pesona wisata alam yang berada di Kecamatan Ciwidey, Kabupaten Bandung, Provinsi Jawa barat. Bukit Jamur Ciwidey memang memiliki khas wisata Ciwidey, yaitu objek wisata di tengah hamparan kebun teh, dengan udara yang sangat sejuk.Suasana saat kabut turun di area perkebunan membuat suasana menjadi romatis. Bukit Jamur Ciwidey suasananya cocok juga bagi jomblowan – jomblowati, banyak spot dengan latar alam yang indah, yang dimungkinkan mampu melupakan sang mantan.",bukit jamur cagar alam bandung bukit jamur ciwidey sekian pesona wisata alam camat ciwidey  kabupaten bandung  provinsi jawa barat  bukit jamur ciwidey milik khas wisata ciwidey  objek wisata hampar kebun teh  udara sejuk suasana kabut turun area kebun suasana romatis  bukit jamur ciwidey suasana cocok jomblowan  jomblowati  spot latar alam indah  lupa sang mantan
323,Kebun Tanaman Obat Sari Alam,"Kebun Tanaman Obat Sari Alam lebih terkenal dengan sebutan wisata pengobatan herbal, karena disana terdapat banyak sekali tanaman yang dijadikan sebagai pengobatan alternative. Kebun Tanaman Obat Sari Alam lebih dikenal oleh orang Bandung dengan sebutan KTO Sari Alam. Lokasi: Jl. Raya Ciwidey bandung km 26 no 8 rt 1 rw 2 kampung Andir, Cukanggenteng, Kec. Pasirjambu, kab Bandung, Jawa Barat 40972",Cagar Alam,Bandung,0,4.8,https://lh5.googleusercontent.com/p/AF1QipMjdKED2Yhdl630AkMNe6saA_865Glk5jPZHu_V=w408-h510-k-no,"https://www.google.com/maps/place/KTO+Sari+Alam/@-7.0773168,107.4866895,17z/data=!3m1!4b1!4m6!3m5!1s0x2e68ed5df57dce8b:0xecc7a02b7398ebd5!8m2!3d-7.0773168!4d107.4866895!16s%2Fg%2F11c4375md_?entry=ttu","Kebun Tanaman Obat Sari Alam Cagar Alam Bandung Kebun Tanaman Obat Sari Alam lebih terkenal dengan sebutan wisata pengobatan herbal, karena disana terdapat banyak sekali tanaman yang dijadikan sebagai pengobatan alternative. Kebun Tanaman Obat Sari Alam lebih dikenal oleh orang Bandung dengan sebutan KTO Sari Alam. Lokasi: Jl. Raya Ciwidey bandung km 26 no 8 rt 1 rw 2 kampung Andir, Cukanggenteng, Kec. Pasirjambu, kab Bandung, Jawa Barat 40972",kebun tanam obat sari alam cagar alam bandung kebun tanam obat sari alam kenal sebut wisata obat herbal  sana tanam jadi obat alternative  kebun tanam obat sari alam kenal orang bandung sebut kto sari alam  lokasi  jl  raya ciwidey bandung km 26 no 8 rt 1 rw 2 kampung andir  cukanggenteng  kec  pasirjambu  kab bandung  jawa barat 40972
324,Happyfarm Ciwidey,"Objek wisata alam dan edukasi tengah banyak menjamur akhir-akhir ini. Selain De Ranch dan Farmhouse Lembang, ada juga Happy Farm Ciwidey di Bandung. Objek wisata ini masih terbilang baru, karena baru bulan Juni 2019 ini berdiri. Konsepnya hampir sama, wisata alam dan peternakan dengan unsur edukasi. Sangat cocok menjadi tujuan wisata keluarga, terutama untuk anak-anak. Dan semakin seru karena bermain di area outdoor dengan udara sejuk.
",Cagar Alam,Bandung,15000,4.3,https://lh5.googleusercontent.com/p/AF1QipPfAS445wISbqIEK0rRhpIpK5_JCyo1U5Xp-rAh=w408-h543-k-no,"https://www.google.com/maps/place/Happyfarm+Ciwidey/@-7.1153681,107.4378911,17z/data=!3m1!4b1!4m6!3m5!1s0x2e688d241ec3b649:0xc6d566a4e43c358d!8m2!3d-7.1153681!4d107.4378911!16s%2Fg%2F11b7vx15q4?entry=ttu","Happyfarm Ciwidey Cagar Alam Bandung Objek wisata alam dan edukasi tengah banyak menjamur akhir-akhir ini. Selain De Ranch dan Farmhouse Lembang, ada juga Happy Farm Ciwidey di Bandung. Objek wisata ini masih terbilang baru, karena baru bulan Juni 2019 ini berdiri. Konsepnya hampir sama, wisata alam dan peternakan dengan unsur edukasi. Sangat cocok menjadi tujuan wisata keluarga, terutama untuk anak-anak. Dan semakin seru karena bermain di area outdoor dengan udara sejuk.
",happyfarm ciwidey cagar alam bandung objek wisata alam edukasi jamur akhir  de ranch farmhouse lembang  happy farm ciwidey bandung  objek wisata bilang  juni 2019 diri  konsep  wisata alam terna unsur edukasi  cocok tuju wisata keluarga  anak  seru main area outdoor udara sejuk
325,Saung Angklung Mang Udjo,"Saung Angklung Udjo (SAU) adalah suatu tempat yang merupakan tempat pertunjukan, pusat kerajinan tangan dari bambu, dan workshop instrumen musik dari bambu. Selain itu, SAU mempunyai tujuan sebagai laboratorium kependidikan dan pusat belajar untuk memelihara kebudayaan Sunda dan khususnya angklung. Didirikan pada tahun 1966 oleh Udjo Ngalagena dan istrinya Uum Sumiati, dengan maksud untuk melestarikan dan memelihara seni dan kebudayaan tradisional Sunda. Berlokasi di Jalan Padasuka 118, Bandung Timur Jawa Barat Indonesia. Dengan suasana tempat yang segar udaranya dan dikelilingi oleh pohon-pohon bambu, dari kerajinan bambu dan interior bambu sampai alat musik bambu. Disamping pertunjukan rutin setiap sore, Saung Angklung Udjo telah berkali-kali mengadakan pertunjukan khusus yang dilakukan pada pagi atau siang hari. Pertunjukkan tersebut tidak terbatas diadakan di lokasi Saung Angklung Udjo saja, tetapi berbagai undangan tampil di berbagai tempat baik di dalam maupun di luar negeri, pada bulan Agustus tahun 2000 di Sasana Budaya Ganesha ITB, Bandung, Saung Angklung Udjo mengadakan konser kolaborasi dengan penyanyi cilik yang dijuluki Shirley Temple-nya Indonesia, yaitu Sherina. Saung Angklung Udjo tidak terbatas pada hanya menjual seni pertunjukan saja, berbagai produk alat musik bambu tradisional (angklung, arumba, calung dan lainnya) dibuat dan dijual kepada para pembeli.",Budaya,Bandung,75000,4.7,https://lh5.googleusercontent.com/p/AF1QipMEUMGUfsBfgxZOJYNvzfJn3S7O8-RbE0L46SpQ=w408-h408-k-no,"https://www.google.com/maps/place/Saung+Angklung+Udjo/@-6.897699,107.654685,17z/data=!3m1!4b1!4m6!3m5!1s0x2e68e7904f868405:0xefbc33f025ba4c9c!8m2!3d-6.897699!4d107.654685!16s%2Fg%2F11hbw535wj?entry=ttu","Saung Angklung Mang Udjo Budaya Bandung Saung Angklung Udjo (SAU) adalah suatu tempat yang merupakan tempat pertunjukan, pusat kerajinan tangan dari bambu, dan workshop instrumen musik dari bambu. Selain itu, SAU mempunyai tujuan sebagai laboratorium kependidikan dan pusat belajar untuk memelihara kebudayaan Sunda dan khususnya angklung. Didirikan pada tahun 1966 oleh Udjo Ngalagena dan istrinya Uum Sumiati, dengan maksud untuk melestarikan dan memelihara seni dan kebudayaan tradisional Sunda. Berlokasi di Jalan Padasuka 118, Bandung Timur Jawa Barat Indonesia. Dengan suasana tempat yang segar udaranya dan dikelilingi oleh pohon-pohon bambu, dari kerajinan bambu dan interior bambu sampai alat musik bambu. Disamping pertunjukan rutin setiap sore, Saung Angklung Udjo telah berkali-kali mengadakan pertunjukan khusus yang dilakukan pada pagi atau siang hari. Pertunjukkan tersebut tidak terbatas diadakan di lokasi Saung Angklung Udjo saja, tetapi berbagai undangan tampil di berbagai tempat baik di dalam maupun di luar negeri, pada bulan Agustus tahun 2000 di Sasana Budaya Ganesha ITB, Bandung, Saung Angklung Udjo mengadakan konser kolaborasi dengan penyanyi cilik yang dijuluki Shirley Temple-nya Indonesia, yaitu Sherina. Saung Angklung Udjo tidak terbatas pada hanya menjual seni pertunjukan saja, berbagai produk alat musik bambu tradisional (angklung, arumba, calung dan lainnya) dibuat dan dijual kepada para pembeli.",saung angklung mang udjo budaya bandung saung angklung udjo  sau  tunjuk  pusat rajin tangan bambu  workshop instrumen musik bambu   sau tuju laboratorium didik pusat ajar pelihara budaya sunda angklung  diri 1966 udjo ngalagena istri uum sumiati  maksud lestari pelihara seni budaya tradisional sunda  lokasi jalan padasuka 118  bandung timur jawa barat indonesia  suasana segar udara keliling pohon bambu  rajin bambu interior bambu alat musik bambu  samping tunjuk rutin sore  saung angklung udjo ada tunjuk khusus pagi siang  tunjuk batas ada lokasi saung angklung udjo  undang tampil negeri  agustus 2000 sasana budaya ganesha itb  bandung  saung angklung udjo ada konser kolaborasi nyanyi cilik juluk shirley temple-nya indonesia  sherina  saung angklung udjo batas jual seni tunjuk  produk alat musik bambu tradisional  angklung  arumba  calung  jual beli
326,Taman Kupu-Kupu Cihanjuang,"Taman Kupu-Kupu Cihanjuang Bandung ini,sepertinya telah menambah daftar objek wisata di Bandung yang unik dan menarik seperti halnya theme park Jendela Alam Bandung sekaligus bernilai edukasi yang sangat tinggi buat anak-anak dan sebagai sarana pembelajaran kepada anak kita bahwa pelestarian hewan langka dan cantik ini bisa diajarkan sejak usia dini.Dan faktanya, meskipun relatif masih anyar, namun salah satu tempat wisata keluarga di bandung ini nyatanya berhasil banyak menarik atensi atau perhatian wisatawan lokal kota Bandung maupun wisatawan luar daerah yang sedang liburan di Bandung. Lokasi Tempat wisatanya yang memang masih sangat rindang dan sejuk, ditunjang lagi dengan design interior taman kupu-kupu yang ditata sangat begitu detil dan menarik. Apabila melancong ke kawasan wisata yang satu ini, diharapkan anak-anak anda bisa memperoleh informasi tentang bagaimana proses metamorfosis seekor kupu-kupu mulai dari bibit larva hingga tumbuh besar secara sempura.",Cagar Alam,Bandung,10000,4.1,https://lh5.googleusercontent.com/p/AF1QipPAuLH1_0xqdpBvONcyAzefLvl3dtGmEu77y14A=w408-h306-k-no,"https://www.google.com/maps/place/Taman+Kupu-kupu/@-6.8590047,107.568779,17z/data=!3m1!4b1!4m6!3m5!1s0x2e68e41b0574b8f3:0x5415b0049a70df9e!8m2!3d-6.8590047!4d107.568779!16s%2Fg%2F11b6zyc6y_?entry=ttu","Taman Kupu-Kupu Cihanjuang Cagar Alam Bandung Taman Kupu-Kupu Cihanjuang Bandung ini,sepertinya telah menambah daftar objek wisata di Bandung yang unik dan menarik seperti halnya theme park Jendela Alam Bandung sekaligus bernilai edukasi yang sangat tinggi buat anak-anak dan sebagai sarana pembelajaran kepada anak kita bahwa pelestarian hewan langka dan cantik ini bisa diajarkan sejak usia dini.Dan faktanya, meskipun relatif masih anyar, namun salah satu tempat wisata keluarga di bandung ini nyatanya berhasil banyak menarik atensi atau perhatian wisatawan lokal kota Bandung maupun wisatawan luar daerah yang sedang liburan di Bandung. Lokasi Tempat wisatanya yang memang masih sangat rindang dan sejuk, ditunjang lagi dengan design interior taman kupu-kupu yang ditata sangat begitu detil dan menarik. Apabila melancong ke kawasan wisata yang satu ini, diharapkan anak-anak anda bisa memperoleh informasi tentang bagaimana proses metamorfosis seekor kupu-kupu mulai dari bibit larva hingga tumbuh besar secara sempura.",taman kupu-kupu cihanjuang cagar alam bandung taman kupu-kupu cihanjuang bandung  tambah daftar objek wisata bandung unik tarik hal theme park jendela alam bandung nila edukasi anak sarana ajar anak lestari hewan langka cantik ajar usia dini dan fakta  relatif anyar  salah wisata keluarga bandung hasil tarik atensi perhati wisatawan lokal kota bandung wisatawan daerah libur bandung  lokasi wisata rindang sejuk  tunjang design interior taman kupu-kupu tata detil tarik  lancong kawasan wisata  harap anak oleh informasi proses metamorfosis ekor kupu-kupu bibit larva tumbuh sempura
327,Taman Miniatur Kereta Api,"Salah satu wisata yang ramai di Bandung adalah Taman Miniatur Kereta Api yang berada di taman wisata Floating Market Lembang. Dengan menghadirkan pernak-pernik kereta api secara lengkap dan sangat detail membuat taman miniatur kereta api ini seolah-olah benar hidup. Tak heran jika objek wisata ini mengundang ribuan orang untuk menikmati sekaligus belajar banyak tentang perkeretaan api baik di Indonesia maupun dunia. Taman miniatur ini menyediakan toko suvenir yang menjual beragam jenis miniatur kendaraan mulai dari mobil, pesawat dan kereta api tentunya. Selain itu, bagi pengunjung yang ingin menikmati sajian aneka ragam kuliner bisa langsung ke Floating Market Lembang. Bagi pengunjung yang berasal dari luar kota dapat menginap di hotel-hotel yang berdekatan dengan lokasi taman miniatur. Jarak hotel dari taman miniatur sekitar 200 meter sampai 1 kilometer. Hotel-hotel tersebut antara lain Grand Hotel Lembang, Hotel Cemara Asri, Hotel Buah Sinuan dan Hotel Pesona Bamboe. Tarif sewa hotel menginap semalam antara Rp 200.000 hingga Rp 1.000.000.",Taman Hiburan,Bandung,15000,4.4,https://lh5.googleusercontent.com/p/AF1QipNnGTO0QW06V19js7V8_lG4UwvxHxxNe1YvSNab=w408-h306-k-no,"https://www.google.com/maps/place/Miniature+Railways+Floating+Market+Lembang/@-6.8173648,107.5828618,13z/data=!4m10!1m2!2m1!1staman+miniatur+kereta+api+bandung!3m6!1s0x2e68e11c511e8e0f:0xf709b30684ff9a48!8m2!3d-6.8173648!4d107.6178807!15sCiF0YW1hbiBtaW5pYXR1ciBrZXJldGEgYXBpIGJhbmR1bmdaIyIhdGFtYW4gbWluaWF0dXIga2VyZXRhIGFwaSBiYW5kdW5nkgETYW11c2VtZW50X3BhcmtfcmlkZZoBJENoZERTVWhOTUc5blMwVkpRMEZuU1VOQ05XUkxkak5SUlJBQuABAA!16s%2Fg%2F11cs6bvv17?entry=ttu","Taman Miniatur Kereta Api Taman Hiburan Bandung Salah satu wisata yang ramai di Bandung adalah Taman Miniatur Kereta Api yang berada di taman wisata Floating Market Lembang. Dengan menghadirkan pernak-pernik kereta api secara lengkap dan sangat detail membuat taman miniatur kereta api ini seolah-olah benar hidup. Tak heran jika objek wisata ini mengundang ribuan orang untuk menikmati sekaligus belajar banyak tentang perkeretaan api baik di Indonesia maupun dunia. Taman miniatur ini menyediakan toko suvenir yang menjual beragam jenis miniatur kendaraan mulai dari mobil, pesawat dan kereta api tentunya. Selain itu, bagi pengunjung yang ingin menikmati sajian aneka ragam kuliner bisa langsung ke Floating Market Lembang. Bagi pengunjung yang berasal dari luar kota dapat menginap di hotel-hotel yang berdekatan dengan lokasi taman miniatur. Jarak hotel dari taman miniatur sekitar 200 meter sampai 1 kilometer. Hotel-hotel tersebut antara lain Grand Hotel Lembang, Hotel Cemara Asri, Hotel Buah Sinuan dan Hotel Pesona Bamboe. Tarif sewa hotel menginap semalam antara Rp 200.000 hingga Rp 1.000.000.",taman miniatur kereta api taman hibur bandung salah wisata ramai bandung taman miniatur kereta api taman wisata floating market lembang  hadir pernak-pernik kereta api lengkap detail taman miniatur kereta api hidup  heran objek wisata undang ribu orang nikmat ajar kereta api indonesia dunia  taman miniatur sedia toko suvenir jual agam jenis miniatur kendara mobil  pesawat kereta api   unjung nikmat saji aneka ragam kuliner langsung floating market lembang  unjung asal kota inap hotel dekat lokasi taman miniatur  jarak hotel taman miniatur 200 meter 1 kilometer  hotel grand hotel lembang  hotel cemara asri  hotel buah sinu hotel pesona bamboe  tarif sewa hotel inap malam rp 200 000 rp 1 000 000
328,Gua Pawon,"Gua Pawon adalah sebuah gua alami dan situs purbakala yang terletak di Desa Gunung Masigit, Kecamatan Cipatat, Padalarang, Kabupaten Bandung Barat, atau sekitar 25 km arah barat Kota Bandung. Merupakan sebuah tempat yang penting bagi orang Sunda karena di sanalah tempat berkumpulnya sesepuh Sunda yang sekarang menduduki bagian barat pulau Jawa. Di sana pernah ditemukan kerangka manusia purba yang konon adalah nenek moyang orang Sunda (masih diteliti di balai Arkeolog Bandung).
",Cagar Alam,Bandung,10000,4.5,https://lh5.googleusercontent.com/p/AF1QipNn-PqCa9IviV_7vezziLkMnOoF--VOnI6WkERL=w408-h306-k-no,"https://www.google.com/maps/place/Gua+Pawon/@-6.8231833,107.4371655,17z/data=!3m1!4b1!4m6!3m5!1s0x2e68fcf6e7a435c1:0x5b8a47f8a9635516!8m2!3d-6.8231833!4d107.4371655!16s%2Fg%2F11_yl_hzm?entry=ttu","Gua Pawon Cagar Alam Bandung Gua Pawon adalah sebuah gua alami dan situs purbakala yang terletak di Desa Gunung Masigit, Kecamatan Cipatat, Padalarang, Kabupaten Bandung Barat, atau sekitar 25 km arah barat Kota Bandung. Merupakan sebuah tempat yang penting bagi orang Sunda karena di sanalah tempat berkumpulnya sesepuh Sunda yang sekarang menduduki bagian barat pulau Jawa. Di sana pernah ditemukan kerangka manusia purba yang konon adalah nenek moyang orang Sunda (masih diteliti di balai Arkeolog Bandung).
",gua pawon cagar alam bandung gua pawon gua alami situs purbakala letak desa gunung masigit  camat cipatat  padalarang  kabupaten bandung barat  25 km arah barat kota bandung  orang sunda sana kumpul sepuh sunda duduk barat pulau jawa  temu kerangka manusia purba konon nenek moyang orang sunda  teliti balai arkeolog bandung
329,Bukit Gantole Cililin,Bukit Gantole Cililin atau yang dikenal juga dengan sebutan Venue Gantole merupakan sebuah kawasan wisata yang awalnya di buka untuk tujuan terselenggaranya Porda Jabar 2010 dan Pekan Olahraga Nasional 2016 Cabang olahraga Paralayang. Kawasan wisata ini menjadi buah bibir setelah menjadi tuan rumah penyelenggaraan PON 2016. Olahraga paralayang sendiri merupakan jenis olahraga yang di lakukan di atas lereng bukit atau gunung dengan hanya memanfaatkan angin sebagai sumber utama. Oleh karenanya lokasi Bukit Gantole Cililin yang berada di ketinggian 1063 Mdpl dengan hempasan angin yang kencang sangat pas untuk olahraga ini.,Cagar Alam,Bandung,0,4.4,https://lh5.googleusercontent.com/p/AF1QipPDyJXO4Kdt0GxgrocJYopxCs75lCHRxCdbtNex=w471-h240-k-no,"https://www.google.com/maps/place/Gantolle+Cililin/@-6.9588812,107.331239,11z/data=!4m10!1m2!2m1!1sbukit+gantole+cililin!3m6!1s0x2e68f02385e4264b:0xbc991fe16c72c4c6!8m2!3d-6.9588812!4d107.4713147!15sChVidWtpdCBnYW50b2xlIGNpbGlsaW5aFyIVYnVraXQgZ2FudG9sZSBjaWxpbGlukgESdG91cmlzdF9hdHRyYWN0aW9umgEkQ2hkRFNVaE5NRzluUzBWSlEwRm5TVVJFTjJSZlgzZG5SUkFC4AEA!16s%2Fg%2F11ckkr0z5w?entry=ttu",Bukit Gantole Cililin Cagar Alam Bandung Bukit Gantole Cililin atau yang dikenal juga dengan sebutan Venue Gantole merupakan sebuah kawasan wisata yang awalnya di buka untuk tujuan terselenggaranya Porda Jabar 2010 dan Pekan Olahraga Nasional 2016 Cabang olahraga Paralayang. Kawasan wisata ini menjadi buah bibir setelah menjadi tuan rumah penyelenggaraan PON 2016. Olahraga paralayang sendiri merupakan jenis olahraga yang di lakukan di atas lereng bukit atau gunung dengan hanya memanfaatkan angin sebagai sumber utama. Oleh karenanya lokasi Bukit Gantole Cililin yang berada di ketinggian 1063 Mdpl dengan hempasan angin yang kencang sangat pas untuk olahraga ini.,bukit gantole cililin cagar alam bandung bukit gantole cililin kenal sebut venue gantole kawasan wisata buka tuju selenggara porda jabar 2010 pekan olahraga nasional 2016 cabang olahraga paralayang  kawasan wisata buah bibir tuan rumah selenggara pon 2016 olahraga paralayang jenis olahraga laku lereng bukit gunung manfaat angin sumber utama  lokasi bukit gantole cililin tinggi 1063 mdpl hempas angin kencang pas olahraga
330,Bandros City Tour,"Bandros atau Bus Wisata Bandung adalah bus wisata yang beroperasi di Bandung, Jawa Barat, Indonesia.Digunakan oleh wisatawan di Kota Bandung. Bus tersebut diresmikan oleh Wali Kota Bandung Ridwan Kamil pada malam tahun baru 2014, dan pada 18 Februari 2018 diumumkan bus wisata akan melayani kota Bandung. Seorang pemimpin tur lokal akan menemani turis di dalam bus. Bandros dikelola oleh dua pihak: Dinas Perhubungan Bandung (yang terkait dengan Anggaran Pendapatan dan Belanja Daerah) dan Mang Dudung yang merupakan bagian dari Tanggung Jawab Sosial Perusahaan. Bus memiliki kapasitas 22 orang. Ada enam bus yang dioperasikan oleh divisi Corporate Social Responsibility, dan 12 bus dioperasikan oleh Anggaran Pendapatan dan Belanja Daerah yang dikelola oleh BLUD UPT Dinas Perhubungan Kota Bandung.",Budaya,Bandung,40000,4.5,https://lh5.googleusercontent.com/p/AF1QipMPX7sFShrPQyuBKSGFQt0TrDDfD9xGc3k3S_Lc=w426-h240-k-no,"https://www.google.com/maps/place/Bandros+(Bandung+Tour+On+Bus)/@-6.9224266,107.5980589,15z/data=!4m10!1m2!2m1!1sBandros+City+Tour!3m6!1s0x2e68e625cd928c69:0x33a595a5f4f19d31!8m2!3d-6.9224266!4d107.6068136!15sChFCYW5kcm9zIENpdHkgVG91cloTIhFiYW5kcm9zIGNpdHkgdG91cpIBD2J1c190b3VyX2FnZW5jeZoBJENoZERTVWhOTUc5blMwVkpRMEZuU1VSVWFISlBZV2hSUlJBQuABAA!16s%2Fg%2F11hd1qgknn?entry=ttu","Bandros City Tour Budaya Bandung Bandros atau Bus Wisata Bandung adalah bus wisata yang beroperasi di Bandung, Jawa Barat, Indonesia.Digunakan oleh wisatawan di Kota Bandung. Bus tersebut diresmikan oleh Wali Kota Bandung Ridwan Kamil pada malam tahun baru 2014, dan pada 18 Februari 2018 diumumkan bus wisata akan melayani kota Bandung. Seorang pemimpin tur lokal akan menemani turis di dalam bus. Bandros dikelola oleh dua pihak: Dinas Perhubungan Bandung (yang terkait dengan Anggaran Pendapatan dan Belanja Daerah) dan Mang Dudung yang merupakan bagian dari Tanggung Jawab Sosial Perusahaan. Bus memiliki kapasitas 22 orang. Ada enam bus yang dioperasikan oleh divisi Corporate Social Responsibility, dan 12 bus dioperasikan oleh Anggaran Pendapatan dan Belanja Daerah yang dikelola oleh BLUD UPT Dinas Perhubungan Kota Bandung.",bandros city tour budaya bandung bandros bus wisata bandung bus wisata operasi bandung  jawa barat  indonesia guna wisatawan kota bandung  bus resmi wali kota bandung ridwan kamil malam 2014  18 februari 2018 umum bus wisata layan kota bandung  pimpin tur lokal tani turis bus  bandros kelola  dinas hubung bandung  kait anggar dapat belanja daerah  mang dudung tanggung sosial usaha  bus milik kapasitas 22 orang  enam bus operasi divisi corporate social responsibility  12 bus operasi anggar dapat belanja daerah kelola blud upt dinas hubung kota bandung
331,Kyotoku Floating Market,"Kyotoku Floating Market Bandung, sebuah wisata kekinian yang mengusung tema hal-hal yang berbau Jepang. Di tempat ini anda akan melihat bangunan-bangunan khas Jepang serta pemandangan bak di negeri sakura. Jepang merupakan salah satu negara selain Korea Selatan yang menjadi tujuan favorit turis dari Indonesia. Karena sudah menjadi negara maju, berkunjung ke Jepang membutuhkan biaya akomodasi yang tidak sedikit, tiket pesawat, serta proses pengurusan visa yang ribet. Tak perlu jauh-jauh pergi ke luar negeri, anda dapat menikmati berwisata dengan nuansa Jepang di Bandung. Pengelola wisata mendesain tempat ini mirip-mirip dengan Kyoto, salah satu wilayah di Jepang yang kental dengan budaya. Melihat bunga sakura yang menjadi ikon Jepangpun tak perlu menunggu bulan April, kawasan wisata ini di lengkapi dengan hiasan bunga sakura sehingga suasana Jepang terasa semakin kental. Bagi anda yang tertarik berfoto memakai kimono atau yukata dengan background ala Jepang untung dipajang di instagram. Berikut review singkat kawasan wisata ini.",Budaya,Bandung,175000,4.5,https://lh5.googleusercontent.com/p/AF1QipMVplWQKsB5c-KJBC5piYvmjjW3_9ZAFE4nrhhF=w426-h240-k-no,"https://www.google.com/maps/place/Kyotoku+Floating+Market/@-6.819875,107.618707,17z/data=!3m1!4b1!4m6!3m5!1s0x2e68e1705baa2c93:0x4b9b174c678960!8m2!3d-6.819875!4d107.618707!16s%2Fg%2F11g0vyhzns?entry=ttu","Kyotoku Floating Market Budaya Bandung Kyotoku Floating Market Bandung, sebuah wisata kekinian yang mengusung tema hal-hal yang berbau Jepang. Di tempat ini anda akan melihat bangunan-bangunan khas Jepang serta pemandangan bak di negeri sakura. Jepang merupakan salah satu negara selain Korea Selatan yang menjadi tujuan favorit turis dari Indonesia. Karena sudah menjadi negara maju, berkunjung ke Jepang membutuhkan biaya akomodasi yang tidak sedikit, tiket pesawat, serta proses pengurusan visa yang ribet. Tak perlu jauh-jauh pergi ke luar negeri, anda dapat menikmati berwisata dengan nuansa Jepang di Bandung. Pengelola wisata mendesain tempat ini mirip-mirip dengan Kyoto, salah satu wilayah di Jepang yang kental dengan budaya. Melihat bunga sakura yang menjadi ikon Jepangpun tak perlu menunggu bulan April, kawasan wisata ini di lengkapi dengan hiasan bunga sakura sehingga suasana Jepang terasa semakin kental. Bagi anda yang tertarik berfoto memakai kimono atau yukata dengan background ala Jepang untung dipajang di instagram. Berikut review singkat kawasan wisata ini.",kyotoku floating market budaya bandung kyotoku floating market bandung  wisata kini usung tema hal bau jepang  bangun khas jepang pandang bak negeri sakura  jepang salah negara korea selatan tuju favorit turis indonesia  negara maju  kunjung jepang butuh biaya akomodasi  tiket pesawat  proses urus visa ribet  jauh pergi negeri  nikmat wisata nuansa jepang bandung  kelola wisata desain mirip kyoto  salah wilayah jepang kental budaya  bunga sakura ikon jepangpun tunggu april  kawasan wisata lengkap hias bunga sakura suasana jepang kental  tarik foto pakai kimono yukata background ala jepang untung pajang instagram  review singkat kawasan wisata
332,Rainbow Garden,"Rainbow Garden Harapan Indah salah satu taman rekreasi yang terutama cocok untuk keluarga. Berkonsep ‘eat and play’, Rainbow Garden Bekasi memadukan arena permainan anak dengan wisata kuliner. Berbagai wahana dan aktivitas tersedia di taman wisata penuh warna seluas 3000 m2 ini.",Cagar Alam,Bandung,20000,4.6,https://lh5.googleusercontent.com/p/AF1QipNHEv1QLtvS9XkkVC7aMl_vdXIoI39l1054oFia=w427-h240-k-no,"https://www.google.com/maps/place/Rainbow+Garden+Lembang/@-6.8179384,107.6184862,17z/data=!3m1!4b1!4m6!3m5!1s0x2e68e11c40741ecb:0x32a13a0adbbb3da4!8m2!3d-6.8179384!4d107.6184862!16s%2Fg%2F11fy1lsf57?entry=ttu","Rainbow Garden Cagar Alam Bandung Rainbow Garden Harapan Indah salah satu taman rekreasi yang terutama cocok untuk keluarga. Berkonsep ‘eat and play’, Rainbow Garden Bekasi memadukan arena permainan anak dengan wisata kuliner. Berbagai wahana dan aktivitas tersedia di taman wisata penuh warna seluas 3000 m2 ini.",rainbow garden cagar alam bandung rainbow garden harap indah salah taman rekreasi cocok keluarga  konsep  eat and play   rainbow garden bekas madu arena main anak wisata kuliner  wahana aktivitas sedia taman wisata penuh warna luas 3000 m2
333,Kota Mini,"Destinasi yang sangat menarik bernuansa eropa lengkap dengan fasilitas publiknya membuat anda seolah-olah sedang berada di eropa. Ada rumah sakit, kantor polisi, box telepon, cafe-café pinggir jalan, dan bangunan-bangunan klasik lainnya. Masih satu kompleks dengan Floating Market, tempat wisata ini menyajikan arsitektur eropa klasik yang begitu kental, dijamin anda akan enggan beranjak.",Taman Hiburan,Bandung,20000,4.4,https://lh5.googleusercontent.com/p/AF1QipO-fMw8yUP05jX8fn9WMM3ubjQOALH_WZ51skrp=w408-h257-k-no,"https://www.google.com/maps/place/Kota+Mini+Lembang/@-6.81792,107.618747,17z/data=!3m1!4b1!4m6!3m5!1s0x2e68e11c1523ad17:0x711ccda24c9da499!8m2!3d-6.81792!4d107.618747!16s%2Fg%2F11hbgshdrn?entry=ttu","Kota Mini Taman Hiburan Bandung Destinasi yang sangat menarik bernuansa eropa lengkap dengan fasilitas publiknya membuat anda seolah-olah sedang berada di eropa. Ada rumah sakit, kantor polisi, box telepon, cafe-café pinggir jalan, dan bangunan-bangunan klasik lainnya. Masih satu kompleks dengan Floating Market, tempat wisata ini menyajikan arsitektur eropa klasik yang begitu kental, dijamin anda akan enggan beranjak.",kota mini taman hibur bandung destinasi tarik nuansa eropa lengkap fasilitas publik eropa  rumah sakit  kantor polisi  box telepon  cafe-caf pinggir jalan  bangun klasik  kompleks floating market  wisata saji arsitektur eropa klasik kental  jamin enggan anjak
334,Chingu Cafe Little Seoul,"Selain populer karena memiliki pemandangan yang indah dan hawa yang sejuk, Bandung juga menawarkan banyak destinasi wisata kreatif. Taman kota, museum, hingga tempat makan pun tidak luput dari keunikan dan daya tariknya masing-masing. Salah satunya adalah Little Seoul Bandung yang berada di area Chingu Café. Area luar ruangan di kafe ini disulap menyerupai suasana Jalan Dongdaemun di Seoul, Korea Selatan. Tanpa perlu jauh-jauh terbang ke Negeri Ginseng, pengunjung bisa merasakan suasana Seoul di sini.
",Taman Hiburan,Bandung,50000,4.5,https://lh5.googleusercontent.com/p/AF1QipMvCHN0GZbT8d9SGm7oDxQ4ZTOGPDsAxP5Gg6vq=w427-h240-k-no,"https://www.google.com/maps/place/Little+Seoul+Bandung/@-6.9012273,107.6099109,17z/data=!3m1!4b1!4m6!3m5!1s0x2e68e7fc8064f615:0x47c612f9171b5b8d!8m2!3d-6.9012273!4d107.6099109!16s%2Fg%2F11h1yh0kpd?entry=ttu","Chingu Cafe Little Seoul Taman Hiburan Bandung Selain populer karena memiliki pemandangan yang indah dan hawa yang sejuk, Bandung juga menawarkan banyak destinasi wisata kreatif. Taman kota, museum, hingga tempat makan pun tidak luput dari keunikan dan daya tariknya masing-masing. Salah satunya adalah Little Seoul Bandung yang berada di area Chingu Café. Area luar ruangan di kafe ini disulap menyerupai suasana Jalan Dongdaemun di Seoul, Korea Selatan. Tanpa perlu jauh-jauh terbang ke Negeri Ginseng, pengunjung bisa merasakan suasana Seoul di sini.
",chingu cafe little seoul taman hibur bandung populer milik pandang indah hawa sejuk  bandung tawar destinasi wisata kreatif  taman kota  museum  makan luput uni daya tarik  salah satu little seoul bandung area chingu caf  area ruang kafe sulap rupa suasana jalan dongdaemun seoul  korea selatan  jauh terbang negeri ginseng  unjung rasa suasana seoul
335,Candi Gedong Songo,"Candi Gedong Songo (bahasa Jawa: ꦕꦤ꧀ꦝꦶ​ꦒꦼꦝꦺꦴꦁ​ꦱꦔ, translit. Candhi Gedhong Sanga) adalah nama sebuah kompleks bangunan candi peninggalan budaya Hindu yang terletak di desa Candi, Kecamatan Bandungan, Kabupaten Semarang, Jawa Tengah, Indonesia tepatnya di lereng Gunung Ungaran. Di kompleks candi ini terdapat sembilan buah candi.\nCandi ini diketemukan oleh Raffles pada tahun 1804 dan merupakan peninggalan budaya Hindu dari zaman Wangsa Syailendra abad ke-9 (tahun 927 masehi).Candi ini memiliki persamaan dengan kompleks Candi Dieng di Wonosobo. Candi ini terletak pada ketinggian sekitar 1.200 m di atas permukaan laut sehingga suhu udara di sini cukup dingin (berkisar antara 19-27 °C)\nLokasi sembilan candi yang tersebar di lereng Gunung Ungaran ini memiliki pemandangan alam yang indah. Selain itu, objek wisata ini juga dilengkapi dengan pemandian air panas dari mata air yang mengandung belerang, area perkemahan, dan wisata berkuda.",Budaya,Semarang,10000,4.6,https://lh5.googleusercontent.com/p/AF1QipOvG15bQO_1LOg6wDGpS21MZrZF9WW9zUa5dOD9=w408-h260-k-no,"https://www.google.com/maps/place/Gedong+Songo+Temple/@-7.2101516,110.3420223,17z/data=!3m1!4b1!4m6!3m5!1s0x2e70874ef3f95a73:0x5331ed5ca2e4242a!8m2!3d-7.2101516!4d110.3420223!16s%2Fm%2F051_nv4?entry=ttu","Candi Gedong Songo Budaya Semarang Candi Gedong Songo (bahasa Jawa: ꦕꦤ꧀ꦝꦶ​ꦒꦼꦝꦺꦴꦁ​ꦱꦔ, translit. Candhi Gedhong Sanga) adalah nama sebuah kompleks bangunan candi peninggalan budaya Hindu yang terletak di desa Candi, Kecamatan Bandungan, Kabupaten Semarang, Jawa Tengah, Indonesia tepatnya di lereng Gunung Ungaran. Di kompleks candi ini terdapat sembilan buah candi.\nCandi ini diketemukan oleh Raffles pada tahun 1804 dan merupakan peninggalan budaya Hindu dari zaman Wangsa Syailendra abad ke-9 (tahun 927 masehi).Candi ini memiliki persamaan dengan kompleks Candi Dieng di Wonosobo. Candi ini terletak pada ketinggian sekitar 1.200 m di atas permukaan laut sehingga suhu udara di sini cukup dingin (berkisar antara 19-27 °C)\nLokasi sembilan candi yang tersebar di lereng Gunung Ungaran ini memiliki pemandangan alam yang indah. Selain itu, objek wisata ini juga dilengkapi dengan pemandian air panas dari mata air yang mengandung belerang, area perkemahan, dan wisata berkuda.",candi gedong songo budaya semarang candi gedong songo  bahasa jawa    translit  candhi gedhong sanga  nama kompleks bangun candi tinggal budaya hindu letak desa candi  camat bandung  kabupaten semarang  jawa  indonesia tepat lereng gunung ungar  kompleks candi sembilan buah candi ncandi ketemu raffles 1804 tinggal budaya hindu zaman wangsa syailendra abad ke-9  927 masehi  candi milik sama kompleks candi dieng wonosobo  candi letak tinggi 1 200 m muka laut suhu udara dingin  kisar 19-27 c  nlokasi sembilan candi sebar lereng gunung ungar milik pandang alam indah   objek wisata lengkap mandi air panas mata air kandung belerang  area kemah  wisata kuda
336,Grand Maerakaca,"Masyarakat Jawa Tengah mungkin sudah tidak asing dengan nama “Puri Maerokoco”. Taman wisata ini merupakan “Taman Mini” versi Jawa Tengah yang menyajikan replika dan miniatur bangunan khas dari berbagai daerah di Jawa Tengah. Saat ini, Puri Maerakaca sudah berganti nama menjadi Grand Maerakaca. Dengan wahana yang lebih bervariasi, taman rekreasi ini menjadi salah satu destinasi wisata di Semarang yang cocok untuk rekreasi keluarga.",Taman Hiburan,Semarang,15000,4.4,https://lh5.googleusercontent.com/p/AF1QipO1ZNTfP1a-6WSAMDp-fXD27gC3ojESvQAuH-yC=w427-h240-k-no,"https://www.google.com/maps/place/Grand+Maerakaca/@-6.9605225,110.3863941,17z/data=!3m1!4b1!4m6!3m5!1s0x2e70f4d1d1aea6e7:0xf936da89553247a2!8m2!3d-6.9605225!4d110.3863941!16s%2Fg%2F11gbfbv2hf?entry=ttu","Grand Maerakaca Taman Hiburan Semarang Masyarakat Jawa Tengah mungkin sudah tidak asing dengan nama “Puri Maerokoco”. Taman wisata ini merupakan “Taman Mini” versi Jawa Tengah yang menyajikan replika dan miniatur bangunan khas dari berbagai daerah di Jawa Tengah. Saat ini, Puri Maerakaca sudah berganti nama menjadi Grand Maerakaca. Dengan wahana yang lebih bervariasi, taman rekreasi ini menjadi salah satu destinasi wisata di Semarang yang cocok untuk rekreasi keluarga.",grand maerakaca taman hibur semarang masyarakat jawa asing nama  puri maerokoco   taman wisata  taman mini  versi jawa saji replika miniatur bangun khas daerah jawa   puri maerakaca ganti nama grand maerakaca  wahana variasi  taman rekreasi salah destinasi wisata semarang cocok rekreasi keluarga
337,Kampung Pelangi,"Kampung pelangi atau dalam bahasa Inggris disebut Rainbow Village merupakan sebutan untuk daerah atau kampung yang rumah-rumah penduduknya dicat dengan warna-warni. Sebenarnya Kampung Pelangi pada awalnya merupakan daerah kumuh yang dikemudian secara kreatif diubah menjadi daerah yang menarik untuk dijadikan sebagai destinasi wisata, terutama bagi masyarakat yang senang atau sedang mencari spot yang menarik untuk mengabadikan momen.\nBanyak daerah-daerah di Indonesia, terutama di jawa memliki tempat yang disebut Kampung pelangi, antara lain di Malang, Semarang, Jakarta, Bandung, dan kota-kota lainnya. Contoh kampung seperti ini yaitu, kampung warna-warni di Jodipan dan Tridi, Kota Malang, Jawa Timur.",Taman Hiburan,Semarang,3000,4.3,https://lh5.googleusercontent.com/p/AF1QipP0CKyhh8CxHgmRtEvGHVH2l2CpzE9Y-fOm_wkz=w426-h240-k-no,"https://www.google.com/maps/place/Kampung+Pelangi/@-6.9888812,110.4083781,17z/data=!3m1!4b1!4m6!3m5!1s0x2e708c54eb15a0a5:0x21051fe4e22e41db!8m2!3d-6.9888812!4d110.4083781!16s%2Fg%2F11d_7t6f20?entry=ttu","Kampung Pelangi Taman Hiburan Semarang Kampung pelangi atau dalam bahasa Inggris disebut Rainbow Village merupakan sebutan untuk daerah atau kampung yang rumah-rumah penduduknya dicat dengan warna-warni. Sebenarnya Kampung Pelangi pada awalnya merupakan daerah kumuh yang dikemudian secara kreatif diubah menjadi daerah yang menarik untuk dijadikan sebagai destinasi wisata, terutama bagi masyarakat yang senang atau sedang mencari spot yang menarik untuk mengabadikan momen.\nBanyak daerah-daerah di Indonesia, terutama di jawa memliki tempat yang disebut Kampung pelangi, antara lain di Malang, Semarang, Jakarta, Bandung, dan kota-kota lainnya. Contoh kampung seperti ini yaitu, kampung warna-warni di Jodipan dan Tridi, Kota Malang, Jawa Timur.",kampung pelangi taman hibur semarang kampung pelangi bahasa inggris rainbow village sebut daerah kampung rumah duduk cat warna-warni  kampung pelangi daerah kumuh kemudi kreatif ubah daerah tarik jadi destinasi wisata  masyarakat senang cari spot tarik abadi momen nbanyak daerah indonesia  jawa memliki kampung pelangi  malang  semarang  jakarta  bandung  kota  contoh kampung  kampung warna-warni jodipan tridi  kota malang  jawa timur
338,Lawang Sewu,"Lawang Sewu (""Seribu Pintu"") (bahasa Jawa: ꦭꦮꦁ​ꦱꦺꦮꦸ, translit. Lawang Sèwu) adalah landmark di Semarang, Jawa Tengah, Indonesia, yang dibangun sebagai kantor pusat Perusahaan Kereta Api Hindia Belanda. Bangunan era kolonial terkenal sebagai rumah berhantu dan lokasi syuting, meskipun pemerintah kota Semarang telah berusaha mengubah citra itu.",Budaya,Semarang,10000,4.6,https://lh5.googleusercontent.com/p/AF1QipN9MXv14OAsSphrIrfMFxeDLbFeC1G-bQb6E3Ch=w408-h544-k-no,"https://www.google.com/maps/place/Lawang+Sewu/@-6.9839865,110.4108768,18z/data=!3m1!4b1!4m6!3m5!1s0x2e708b4f19af0393:0x11304de4230ded0d!8m2!3d-6.9840907!4d110.4108019!16s%2Fm%2F0hr1j_3?entry=ttu","Lawang Sewu Budaya Semarang Lawang Sewu (""Seribu Pintu"") (bahasa Jawa: ꦭꦮꦁ​ꦱꦺꦮꦸ, translit. Lawang Sèwu) adalah landmark di Semarang, Jawa Tengah, Indonesia, yang dibangun sebagai kantor pusat Perusahaan Kereta Api Hindia Belanda. Bangunan era kolonial terkenal sebagai rumah berhantu dan lokasi syuting, meskipun pemerintah kota Semarang telah berusaha mengubah citra itu.",lawang sewu budaya semarang lawang sewu   ribu pintu    bahasa jawa    translit  lawang s wu  landmark semarang  jawa  indonesia  bangun kantor pusat usaha kereta api hindia belanda  bangun era kolonial kenal rumah hantu lokasi syuting  perintah kota semarang usaha ubah citra
339,Sam Poo Kong Temple,"Sam Poo Kong (Hanzi: ; Pinyin: Sānbǎo Dòng), juga dikenal sebagai Kuil Gedung Batu, adalah kuil Tionghoa tertua di Semarang, Jawa Tengah, Indonesia. Awalnya didirikan oleh penjelajah Muslim Tionghoa Zheng He (juga dikenal sebagai Sanbao), sekarang dibagi oleh orang Indonesia dari berbagai denominasi agama, termasuk Muslim dan Budha, dan etnis, termasuk Tionghoa dan Jawa.",Budaya,Semarang,35000,4.5,https://lh5.googleusercontent.com/p/AF1QipNS6P-Fg1a7duohAhvF3OU9VxQBGKIHQXCTlcmy=w408-h544-k-no,"https://www.google.com/maps/place/Wisata+Sam+Poo+Kong/@-6.9963,110.398,17z/data=!3m1!4b1!4m6!3m5!1s0x2e708b46faaaaaab:0xef7fe551fe13bd76!8m2!3d-6.9963!4d110.398!16s%2Fm%2F0hzppmc?entry=ttu","Sam Poo Kong Temple Budaya Semarang Sam Poo Kong (Hanzi: ; Pinyin: Sānbǎo Dòng), juga dikenal sebagai Kuil Gedung Batu, adalah kuil Tionghoa tertua di Semarang, Jawa Tengah, Indonesia. Awalnya didirikan oleh penjelajah Muslim Tionghoa Zheng He (juga dikenal sebagai Sanbao), sekarang dibagi oleh orang Indonesia dari berbagai denominasi agama, termasuk Muslim dan Budha, dan etnis, termasuk Tionghoa dan Jawa.",sam poo kong temple budaya semarang sam poo kong  hanzi   pinyin  s nb o d ng   kenal kuil gedung batu  kuil tionghoa tua semarang  jawa  indonesia  diri jelajah muslim tionghoa zheng he  kenal sanbao   bagi orang indonesia denominasi agama  muslim budha  etnis  tionghoa jawa
340,Desa Wisata Lembah Kalipancur,"Wisata alam tengah menjadi sorotan bagi dunia pariwisata. Wisata alam tidak hanya pegunungan, danau, hutan, air terjun, atau pantai. Tapi juga merambah ke konsep pedesaan, seperti Desa Wisata Lembah Kalipancur. Tempat wisata ini menawarkan rekreasi berkonsep pedesaan yang ada di Kota Semarang. Meskipun berkonsep pedesaan, lokasinya tidak jauh dari pusat kota. Dan objek wisata yang sudah lama berdiri ini, masih tetap diminati oleh wisatawan.",Taman Hiburan,Semarang,0,3.9,https://lh5.googleusercontent.com/p/AF1QipMakKXa1rNeEgcgu5geTYiiWJUZzmVPGdk0kbJp=w408-h258-k-no,"https://google.com/maps/place/Desa+Wisata+Lembah+Kalipancur/@-7.0205245,110.3754605,17z/data=!3m1!4b1!4m6!3m5!1s0x2e708a54554f3133:0x8be5da46441697d3!8m2!3d-7.0205245!4d110.3754605!16s%2Fg%2F12q4wry4h?entry=ttu","Desa Wisata Lembah Kalipancur Taman Hiburan Semarang Wisata alam tengah menjadi sorotan bagi dunia pariwisata. Wisata alam tidak hanya pegunungan, danau, hutan, air terjun, atau pantai. Tapi juga merambah ke konsep pedesaan, seperti Desa Wisata Lembah Kalipancur. Tempat wisata ini menawarkan rekreasi berkonsep pedesaan yang ada di Kota Semarang. Meskipun berkonsep pedesaan, lokasinya tidak jauh dari pusat kota. Dan objek wisata yang sudah lama berdiri ini, masih tetap diminati oleh wisatawan.",desa wisata lembah kalipancur taman hibur semarang wisata alam sorot dunia pariwisata  wisata alam gunung  danau  hutan  air terjun  pantai  rambah konsep desa  desa wisata lembah kalipancur  wisata tawar rekreasi konsep desa kota semarang  konsep desa  lokasi pusat kota  objek wisata diri  mati wisatawan
341,Hutan Wisata Tinjomoyo Semarang,"Awalnya taman wisata hutan Tinjomoyo Semarang (smg) ini merupakan sebuah kebun binatang dengan ragam binatang hutan di dalamnya. Namun terjadi banjir besar, hingga memutuskan jembatan besar yang menjadi akses utama menuju hutan wisata. Hutan Tinjomoyo sendiri memiliki kontur wilayah dengan perpaduan bukit, sungai dan hutan. Tumbuhan yang paling banyak terdapat di sini adalah vegetasi pohon jati serta pinus. Oleh karena itu, tak heran jika kawasan ini cocok sekali dijadikan hutan wisata yang masih alami.Dengan luas lahan 57,5 hektare area tersebut lebih sering dimanfaatkan sebagai tempat berkemah",Cagar Alam,Semarang,3000,4.3,https://lh5.googleusercontent.com/p/AF1QipOxVw-iAHFT22lUWcdk9o8SEag_rqP0rFPoqUo=w408-h510-k-no,"https://www.google.com/maps/place/Hutan+Wisata+Tinjomoyo+Semarang/@-7.0283641,110.4018919,17z/data=!3m1!4b1!4m6!3m5!1s0x2e708b96e09f98a7:0x1309462505debcd4!8m2!3d-7.0283641!4d110.4018919!16s%2Fg%2F11c2j1jk3m?entry=ttu","Hutan Wisata Tinjomoyo Semarang Cagar Alam Semarang Awalnya taman wisata hutan Tinjomoyo Semarang (smg) ini merupakan sebuah kebun binatang dengan ragam binatang hutan di dalamnya. Namun terjadi banjir besar, hingga memutuskan jembatan besar yang menjadi akses utama menuju hutan wisata. Hutan Tinjomoyo sendiri memiliki kontur wilayah dengan perpaduan bukit, sungai dan hutan. Tumbuhan yang paling banyak terdapat di sini adalah vegetasi pohon jati serta pinus. Oleh karena itu, tak heran jika kawasan ini cocok sekali dijadikan hutan wisata yang masih alami.Dengan luas lahan 57,5 hektare area tersebut lebih sering dimanfaatkan sebagai tempat berkemah",hutan wisata tinjomoyo semarang cagar alam semarang taman wisata hutan tinjomoyo semarang  smg  kebun binatang ragam binatang hutan dalam  banjir  putus jembatan akses utama hutan wisata  hutan tinjomoyo milik kontur wilayah padu bukit  sungai hutan  tumbuh vegetasi pohon jati pinus   heran kawasan cocok jadi hutan wisata alami dengan luas lahan 57 5 hektare area manfaat kemah
342,Taman Kasmaran,"Taman Kasmaran terletak di sebelah kiri Pasar Bunga. Gedung food court dan Taman Kasmaran dibangun dua lantai. Lantai bawah utuk spot dijadikan wisata kuliner, sementara lantai atas menjadi taman. Tidak sekadar taman biasa, Taman Kasmaran itu dilengkapi dengan pemandangan yang amat menarik dengan background Kampung Pelangi. Taman Kasmaran cukup luas, dilengkapi perabotan kursi dan meja ala kafe. Lokasi baru ini diyakini akan menjadi spot alternatif selfie terbaru di Kota Semarang.",Taman Hiburan,Semarang,3000,4.5,https://lh5.googleusercontent.com/p/AF1QipOgmCpmscwriDguhN1lASLB0MDPQUfZw4_gSdkd=w408-h544-k-no,"https://www.google.com/maps/place/Taman+Kasmaran/@-6.9909404,110.4065932,17z/data=!3m1!4b1!4m6!3m5!1s0x2e708b2b8f2719dd:0x50362157b9441fc2!8m2!3d-6.9909404!4d110.4065932!16s%2Fg%2F11h7z8z123?entry=ttu","Taman Kasmaran Taman Hiburan Semarang Taman Kasmaran terletak di sebelah kiri Pasar Bunga. Gedung food court dan Taman Kasmaran dibangun dua lantai. Lantai bawah utuk spot dijadikan wisata kuliner, sementara lantai atas menjadi taman. Tidak sekadar taman biasa, Taman Kasmaran itu dilengkapi dengan pemandangan yang amat menarik dengan background Kampung Pelangi. Taman Kasmaran cukup luas, dilengkapi perabotan kursi dan meja ala kafe. Lokasi baru ini diyakini akan menjadi spot alternatif selfie terbaru di Kota Semarang.",taman kasmaran taman hibur semarang taman kasmaran letak belah kiri pasar bunga  gedung food court taman kasmaran bangun lantai  lantai utuk spot jadi wisata kuliner  lantai taman  taman  taman kasmaran lengkap pandang tarik background kampung pelangi  taman kasmaran luas  lengkap perabot kursi meja ala kafe  lokasi yakin spot alternatif selfie baru kota semarang
343,Pantai Baruna,"kunjungi Pantai Baruna yang berada di Kota Semarang, Jawa Tengah! Pantai yang satu ini akan memberikan pengalaman wisata yang berbeda. Pasalnya, di sini tidak ada hamparan pasir. Memang Pantai Baruna merupakan objek wisata ‘tidak resmi’ milik Kota Semarang. Pantai ini berada di belakang kawasan pabrik semen. Sehingga tidak ada kepadatan wisatawan atau tempat berselancar di sini. Yang ada hanyalah hamparan padang rumput dan ilalang di hadapan Laut Jawa yang tenang.",Bahari,Semarang,3000,4,https://lh5.googleusercontent.com/p/AF1QipOLQrIIBTzgxlg6WDCrLVfyYzKby1eQyUiuLi9H=w408-h306-k-no,"https://www.google.com/maps/place/Baruna+Beach/@-6.9451052,110.3982398,17z/data=!4m15!1m8!3m7!1s0x2e70f4ee9d4e8aa3:0x61019e1e9b838262!2sBaruna+Beach!8m2!3d-6.9451052!4d110.3982398!10e5!16s%2Fg%2F11c4bdfh4m!3m5!1s0x2e70f4ee9d4e8aa3:0x61019e1e9b838262!8m2!3d-6.9451052!4d110.3982398!16s%2Fg%2F11c4bdfh4m?entry=ttu","Pantai Baruna Bahari Semarang kunjungi Pantai Baruna yang berada di Kota Semarang, Jawa Tengah! Pantai yang satu ini akan memberikan pengalaman wisata yang berbeda. Pasalnya, di sini tidak ada hamparan pasir. Memang Pantai Baruna merupakan objek wisata ‘tidak resmi’ milik Kota Semarang. Pantai ini berada di belakang kawasan pabrik semen. Sehingga tidak ada kepadatan wisatawan atau tempat berselancar di sini. Yang ada hanyalah hamparan padang rumput dan ilalang di hadapan Laut Jawa yang tenang.",pantai baruna bahari semarang kunjung pantai baruna kota semarang  jawa  pantai alam wisata beda  pasal  hampar pasir  pantai baruna objek wisata  resmi  milik kota semarang  pantai kawasan pabrik semen  padat wisatawan selancar  hampar padang rumput ilalang hadap laut jawa tenang
344,Pantai Marina,"Pantai Marina (bahasa Jawa: ꦥꦱꦶꦱꦶꦂ​ꦩꦫꦶꦤ, translit. Pasisir Marina) adalah salah satu objek wisata pantai yang berada di kota Semarang, Jawa Tengah. Pantai ini menyimpan pemandangan eksotis khas kota Semarang. Dahulu, tempat ini merupakan hutan bakau dan tambak, tapi pemerintah setempat mengubahnya menjadi tempat rekreasi dengan cara reklamasi daratan. Hasil reklamasi dari hutan bakau ini, sekarang berupa perumahan, pertokoan, dan perkantoran, di sebelah selatan pantai.
",Bahari,Semarang,3000,4.2,https://lh5.googleusercontent.com/p/AF1QipN1J6M53Md-cR70FAlqtHb2an-qcHX6he9yM0VG=w408-h297-k-no,"https://www.google.com/maps/place/Marina+Beach/@-6.948877,110.3893285,17z/data=!3m1!4b1!4m6!3m5!1s0x2e70f4e56e4f8ea1:0xcf2bee72d0606dd0!8m2!3d-6.948877!4d110.3893285!16s%2Fg%2F11bz4tntzg?entry=ttu","Pantai Marina Bahari Semarang Pantai Marina (bahasa Jawa: ꦥꦱꦶꦱꦶꦂ​ꦩꦫꦶꦤ, translit. Pasisir Marina) adalah salah satu objek wisata pantai yang berada di kota Semarang, Jawa Tengah. Pantai ini menyimpan pemandangan eksotis khas kota Semarang. Dahulu, tempat ini merupakan hutan bakau dan tambak, tapi pemerintah setempat mengubahnya menjadi tempat rekreasi dengan cara reklamasi daratan. Hasil reklamasi dari hutan bakau ini, sekarang berupa perumahan, pertokoan, dan perkantoran, di sebelah selatan pantai.
",pantai marina bahari semarang pantai marina  bahasa jawa    translit  pasisir marina  salah objek wisata pantai kota semarang  jawa  pantai simpan pandang eksotis khas kota semarang   hutan bakau tambak  perintah ubah rekreasi reklamasi darat  hasil reklamasi hutan bakau  rumah  toko  kantor  belah selatan pantai
345,Kampoeng Djadhoel Semarang,"Kampoeng Djadhoel terletak di Kampung Batik Semarang tepatnya di Kampung Batik Tengah RT 04/ RW 02 Kelurahan Rejomulyo, Kecamatan Semarang Timur. Penamaan Kampoeng Djadhoel ini tercetus sejak 18 Desember 2016 oleh Ignatius Luwiyanto (50) warga Kampung Batik Tengah. Sejarah Indonesia menjadi latar belakang penamaan KampoengDjadhoel.",Budaya,Semarang,10000,4.7,https://lh5.googleusercontent.com/p/AF1QipOl91RjtAbOuLyHm5B1tpj8ZNHmIPgwapMFf981=w408-h408-k-no,"https://www.google.com/maps/place/Kampoeng+Djadhoel+Semarang/@-6.9687727,110.4319387,17z/data=!3m1!4b1!4m6!3m5!1s0x2e70f356b453c369:0x885a5a5f33f9758c!8m2!3d-6.9687727!4d110.4319387!16s%2Fg%2F11g9dd4599?entry=ttu","Kampoeng Djadhoel Semarang Budaya Semarang Kampoeng Djadhoel terletak di Kampung Batik Semarang tepatnya di Kampung Batik Tengah RT 04/ RW 02 Kelurahan Rejomulyo, Kecamatan Semarang Timur. Penamaan Kampoeng Djadhoel ini tercetus sejak 18 Desember 2016 oleh Ignatius Luwiyanto (50) warga Kampung Batik Tengah. Sejarah Indonesia menjadi latar belakang penamaan KampoengDjadhoel.",kampoeng djadhoel semarang budaya semarang kampoeng djadhoel letak kampung batik semarang tepat kampung batik rt 04 rw 02 lurah rejomulyo  camat semarang timur  nama kampoeng djadhoel cetus 18 desember 2016 ignatius luwiyanto  50  warga kampung batik  sejarah indonesia latar nama kampoengdjadhoel
346,Indonesia Kaya Park,"Lokasi Taman Indonesia Kaya yang berada di pusat kota Semarang, membuat taman seluas 5.000 meter persegi ini bisa difungsikan sebagai wadah berkesenian komunitas seniman Jawa Tengah. Di sini ada Panggung Budaya yang dibangun dengan dua sisi yang semuanya bisa digunakan. Lalu ada Taman Pandawa Lima yang dibuat oleh Komroden Haro, Pelataran Penikmat Seni, Amphitheater, Area Hijau, Gerbang Mural karya lima seniman muda Semarang, dan tak ketinggalan ada Air Mancur Menari. Air Mancur Menari ini dibangun oleh Pemerintah Kota Semarang yang dapat bergerak mengikuti alunan musik klasik dan lagu-lagu perjuangan Indonesia. Air Mancur Menari tersebut dijadwalkan akan menyala setiap hari pada pukul 19.00 - 20.00 dan sampai pukul 21.00 di akhir pekan.",Taman Hiburan,Semarang,0,4.6,https://lh5.googleusercontent.com/p/AF1QipNzB1AAtQPuTZT11kWOYP-Mfl--hElBcjLoVHVc=w426-h240-k-no,"https://www.google.com/maps/place/Indonesia+Kaya+Park/@-6.9923897,110.4196516,17z/data=!3m1!4b1!4m6!3m5!1s0x2e708b5dab77ecf1:0x3435c200ac0aa44a!8m2!3d-6.9923897!4d110.4196516!16s%2Fg%2F11h77pq5z0?entry=ttu","Indonesia Kaya Park Taman Hiburan Semarang Lokasi Taman Indonesia Kaya yang berada di pusat kota Semarang, membuat taman seluas 5.000 meter persegi ini bisa difungsikan sebagai wadah berkesenian komunitas seniman Jawa Tengah. Di sini ada Panggung Budaya yang dibangun dengan dua sisi yang semuanya bisa digunakan. Lalu ada Taman Pandawa Lima yang dibuat oleh Komroden Haro, Pelataran Penikmat Seni, Amphitheater, Area Hijau, Gerbang Mural karya lima seniman muda Semarang, dan tak ketinggalan ada Air Mancur Menari. Air Mancur Menari ini dibangun oleh Pemerintah Kota Semarang yang dapat bergerak mengikuti alunan musik klasik dan lagu-lagu perjuangan Indonesia. Air Mancur Menari tersebut dijadwalkan akan menyala setiap hari pada pukul 19.00 - 20.00 dan sampai pukul 21.00 di akhir pekan.",indonesia kaya park taman hibur semarang lokasi taman indonesia kaya pusat kota semarang  taman luas 5 000 meter persegi fungsi wadah nian komunitas seniman jawa  panggung budaya bangun sisi  taman pandawa komroden haro  latar nikmat seni  amphitheater  area hijau  gerbang mural karya seniman muda semarang  tinggal air mancur tari  air mancur tari bangun perintah kota semarang gerak ikut alun musik klasik lagu juang indonesia  air mancur tari jadwal nyala 19 00 - 20 00 21 00 pekan
347,Taman Pandanaran,"Dalam sejarah yang tercatat, dulunya tempat ini merupakan kawasan SPBU yang tak begitu laku. Bekas SPBU tersebut dirombak total menjadi sebuah taman. Konon, luas tanah 600 meter persegi tersebut direnovasi menjadi taman dengan dana sekitar Rp1,8 M. Taman Pandanaran ini beralamatkan di Jalan Pandanaran, Mugassari, Semarang Selatan. Tepatnya, berada di pertigaan antara Jalan Pandanaran dan Jalan MH.Thamrin. Sayangnya, untuk mendapatkan parkir di sini cukup susah. Beberapa pengunjung bahkan harus memarkirkan kendaraannya di depan warung makan di sekitaran taman.",Taman Hiburan,Semarang,0,4.4,https://lh5.googleusercontent.com/p/AF1QipO7uYw8RFp6DTi3hxISRcJ_L9zxvJlszCN_tmyN=w408-h306-k-no,"https://www.google.com/maps/place/Taman+Pandanaran/@-6.9877936,110.4172262,17z/data=!3m1!4b1!4m6!3m5!1s0x2e708b5a5801a9b3:0xb516af815fbe7a1e!8m2!3d-6.9877936!4d110.4172262!16s%2Fg%2F11bxfsl84r?entry=ttu","Taman Pandanaran Taman Hiburan Semarang Dalam sejarah yang tercatat, dulunya tempat ini merupakan kawasan SPBU yang tak begitu laku. Bekas SPBU tersebut dirombak total menjadi sebuah taman. Konon, luas tanah 600 meter persegi tersebut direnovasi menjadi taman dengan dana sekitar Rp1,8 M. Taman Pandanaran ini beralamatkan di Jalan Pandanaran, Mugassari, Semarang Selatan. Tepatnya, berada di pertigaan antara Jalan Pandanaran dan Jalan MH.Thamrin. Sayangnya, untuk mendapatkan parkir di sini cukup susah. Beberapa pengunjung bahkan harus memarkirkan kendaraannya di depan warung makan di sekitaran taman.",taman pandanaran taman hibur semarang sejarah catat  dulunya kawasan spbu laku  bekas spbu rombak total taman  konon  luas tanah 600 meter persegi renovasi taman dana rp1 8 m taman pandanaran alamat jalan pandanaran  mugassari  semarang selatan  tepat  tiga jalan pandanaran jalan mh thamrin  sayang  parkir susah  unjung parkir kendara warung makan sekitar taman
348,Pura Giri Natha,"Awal berdirinya Pura Agung Giri Natha tidak terlepas dari hadirnya pemeluk umat Hindu dari berbagai daerah yang mulai berdatangan dan menetap di Semarang. Sebelum menetap, umat Hindu yang ada di Semarang awalnya datang untuk bekerja dan mencari ilmu. Sekitar tahun 1967/1968 para pemeluk agama Hindu yang ada di Semarang mengusulkan kepada pemerintah Semarang, untuk dibangunnya tempat peribadatan. Karena sebelumnya umat Hindu ketika melaksanakan sembahyang lokasinya dari rumah ke rumah. Setuju dengan usulan tersebut, akhirnya pemerintah Semarang memberikan pilihan beragam lokasi yang sekira tepat dan pas untuk dibangun sebuah tempat suci yakni pura.",Budaya,Semarang,20000,4.8,https://lh5.googleusercontent.com/p/AF1QipOCUpxJVWuMPyUnhevJ2rSMdK1hj8lzn4FHFCXe=w408-h408-k-no,"https://www.google.com/maps/place/Great+Temple+Of+Giri+Natha/@-6.999152,110.410438,17z/data=!3m1!4b1!4m6!3m5!1s0x2e708b68526dc645:0x810834973e7abd20!8m2!3d-6.999152!4d110.410438!16s%2Fg%2F1pzqs2bzz?entry=ttu","Pura Giri Natha Budaya Semarang Awal berdirinya Pura Agung Giri Natha tidak terlepas dari hadirnya pemeluk umat Hindu dari berbagai daerah yang mulai berdatangan dan menetap di Semarang. Sebelum menetap, umat Hindu yang ada di Semarang awalnya datang untuk bekerja dan mencari ilmu. Sekitar tahun 1967/1968 para pemeluk agama Hindu yang ada di Semarang mengusulkan kepada pemerintah Semarang, untuk dibangunnya tempat peribadatan. Karena sebelumnya umat Hindu ketika melaksanakan sembahyang lokasinya dari rumah ke rumah. Setuju dengan usulan tersebut, akhirnya pemerintah Semarang memberikan pilihan beragam lokasi yang sekira tepat dan pas untuk dibangun sebuah tempat suci yakni pura.",pura giri natha budaya semarang diri pura agung giri natha lepas hadir peluk umat hindu daerah tetap semarang  tetap  umat hindu semarang cari ilmu  1967 1968 peluk agama hindu semarang usul perintah semarang  bangun ibadat  umat hindu laksana sembahyang lokasi rumah rumah  tuju usul  perintah semarang pilih agam lokasi sekira pas bangun suci pura
349,Wisata Mangrove Tapak,"Wisata hutan mangrove Semarang hampir tak pernah sepi dikunjungi wisatawan. Tak jarang pengunjung yang datang ke wisata cantik ini baik berswafoto maupun sekedar jalan-jalan menapaik selasar kayu. Obyek ini pun juga instagramable dan pas dibagikan di sosmed, bahkan banyak diburu oleh mereka yang berkecimpung di bidang fotografi.",Cagar Alam,Semarang,5000,4.3,https://lh5.googleusercontent.com/p/AF1QipPuha7r6_nuCqGl8B5t2cFJHBnvKuGY_wF2uLVy=w408-h272-k-no,"https://www.google.com/maps/place/Wisata+Mangrove+Tapak/@-6.9685618,110.3459696,17z/data=!3m1!4b1!4m6!3m5!1s0x2e70f545808ac243:0x2c7c37186b8a4781!8m2!3d-6.9685618!4d110.3459696!16s%2Fg%2F11cs5wr9bh?entry=ttu","Wisata Mangrove Tapak Cagar Alam Semarang Wisata hutan mangrove Semarang hampir tak pernah sepi dikunjungi wisatawan. Tak jarang pengunjung yang datang ke wisata cantik ini baik berswafoto maupun sekedar jalan-jalan menapaik selasar kayu. Obyek ini pun juga instagramable dan pas dibagikan di sosmed, bahkan banyak diburu oleh mereka yang berkecimpung di bidang fotografi.",wisata mangrove tapak cagar alam semarang wisata hutan mangrove semarang sepi kunjung wisatawan  jarang unjung wisata cantik berswafoto dar jalan menapaik selasar kayu  obyek instagramable pas bagi sosmed  buru kecimpung bidang fotografi
350,Pantai Cipta,"Pantai Cipta juga dikenal sebagai Pantai Petikemas, karena jarak dan letaknya dekat dengan Pantai Petikemas. Tempat wisata di semarang Pantai Cipta hanya memiliki sedikit hamparan pasir dan didominasi bebatuan. Pantai Cipta menjadi satu destinasi wisata favorit bagi warga Semarang karena mempunyai keunikan dari pemandangan hingga lingkungan sekitarnya. Berfoto selfie menjadi kegiatan utama di pantai tersebut karena banyak spot menarik yang bisa diabadikan. Pada akhir pekan atau hari libur panjang, para wisatawan sering memenuhi Pantai Cipta untuk sekedar melihat pemandangan pantai. Namun pantai Cipta ini memiliki ombak yang tenang, sehingga aman digunakan untuk berenang. Dipantai Cipta sendiri terdapat banyak ilalang yang menambah indah pemandangan dan menjadi surga para pemburu selfie. Keberadaan ilalang inilah yang menjadi daya tarik para pengunjung untuk datang ke pantai Cipta hanya sekedar untuk berselfie.
",Bahari,Semarang,5000,4,https://lh5.googleusercontent.com/p/AF1QipNdoiQ-DGEmuzwnTNeSM-eA6A8gL_tpE-hsXnZd=w408-h272-k-no,"https://www.google.com/maps/place/Cipta+Beach/@-6.9463542,110.4121849,17z/data=!3m1!4b1!4m6!3m5!1s0x2e70f49111de0feb:0xd0680f4ea8bb5c8c!8m2!3d-6.9463542!4d110.4121849!16s%2Fg%2F11cs0b5pmp?entry=ttu","Pantai Cipta Bahari Semarang Pantai Cipta juga dikenal sebagai Pantai Petikemas, karena jarak dan letaknya dekat dengan Pantai Petikemas. Tempat wisata di semarang Pantai Cipta hanya memiliki sedikit hamparan pasir dan didominasi bebatuan. Pantai Cipta menjadi satu destinasi wisata favorit bagi warga Semarang karena mempunyai keunikan dari pemandangan hingga lingkungan sekitarnya. Berfoto selfie menjadi kegiatan utama di pantai tersebut karena banyak spot menarik yang bisa diabadikan. Pada akhir pekan atau hari libur panjang, para wisatawan sering memenuhi Pantai Cipta untuk sekedar melihat pemandangan pantai. Namun pantai Cipta ini memiliki ombak yang tenang, sehingga aman digunakan untuk berenang. Dipantai Cipta sendiri terdapat banyak ilalang yang menambah indah pemandangan dan menjadi surga para pemburu selfie. Keberadaan ilalang inilah yang menjadi daya tarik para pengunjung untuk datang ke pantai Cipta hanya sekedar untuk berselfie.
",pantai cipta bahari semarang pantai cipta kenal pantai petikemas  jarak letak pantai petikemas  wisata semarang pantai cipta milik hampar pasir dominasi bebatuan  pantai cipta destinasi wisata favorit warga semarang uni pandang lingkung  foto selfie giat utama pantai spot tarik abadi  pekan libur  wisatawan penuh pantai cipta dar pandang pantai  pantai cipta milik ombak tenang  aman renang  pantai cipta ilalang tambah indah pandang surga buru selfie  ada ilalang daya tarik unjung pantai cipta dar berselfie
351,Old City 3D Trick Art Museum,"Destinasi wisata kekinian satu ini memang tengah naik daun di banyak kota termasuk Semarang. Salah satunya Old City 3D Trick Art Museum, museum dengan tema Seni 3 Dimensi yang menyuguhkan sensasi berbeda dari museum biasa. Karena di dalamnya dipamerkan aneka karya seni 3 dimensi yang atraktif untuk berfoto. Destinasi wisata ini masih terus ramai kunjungan lantaran terus berinovasi. Setiap 3 bulan sekali, pihak pengelola akan mengganti tema atau instalasi karya seninya sehingga pengunjung bisa datang berkali-kali tanpa bosan.",Budaya,Semarang,50000,4.4,https://lh5.googleusercontent.com/p/AF1QipMI6oTs2YHAe6orDPgBUVduWxD-byAYgubm4Hk1=w408-h544-k-no,"https://www.google.com/maps/place/Old+City+Art+Space/@-6.9712934,110.4172227,15z/data=!4m10!1m2!2m1!1sold+city+3d+trick+art+museum!3m6!1s0x2e70f356276584c1:0x40455dee93f7c65c!8m2!3d-6.9681055!4d110.4264251!15sChxvbGQgY2l0eSAzZCB0cmljayBhcnQgbXVzZXVtWh4iHG9sZCBjaXR5IDNkIHRyaWNrIGFydCBtdXNldW2SARFtb2Rlcm5fYXJ0X211c2V1bZoBJENoZERTVWhOTUc5blMwVkpRMEZuU1VSVlgwOVlTVFJuUlJBQuABAA!16s%2Fg%2F11cn7kghcn?entry=ttu","Old City 3D Trick Art Museum Budaya Semarang Destinasi wisata kekinian satu ini memang tengah naik daun di banyak kota termasuk Semarang. Salah satunya Old City 3D Trick Art Museum, museum dengan tema Seni 3 Dimensi yang menyuguhkan sensasi berbeda dari museum biasa. Karena di dalamnya dipamerkan aneka karya seni 3 dimensi yang atraktif untuk berfoto. Destinasi wisata ini masih terus ramai kunjungan lantaran terus berinovasi. Setiap 3 bulan sekali, pihak pengelola akan mengganti tema atau instalasi karya seninya sehingga pengunjung bisa datang berkali-kali tanpa bosan.",old city 3d trick art museum budaya semarang destinasi wisata kini daun kota semarang  salah satu old city 3d trick art museum  museum tema seni 3 dimensi suguh sensasi beda museum  dalam pamer aneka karya seni 3 dimensi atraktif foto  destinasi wisata ramai kunjung lantar inovasi  3  kelola ganti tema instalasi karya seni unjung bosan
352,GPIB Immanuel Semarang (Gereja Blenduk),"GPIB Immanuel Semarang (populer dengan nama Gereja Blenduk, kadang-kadang dieja Gereja Blendug, dan sering kali dilafazkan sebagai mBlendhug) (bahasa Jawa: ꦒꦿꦺꦗ​ꦧ꧀ꦭꦼꦤ꧀ꦝꦸꦏ꧀, translit. Gréja Blendhuk) adalah Gereja Kristen tertua di Jawa Tengah yang dibangun oleh masyarakat Belanda yang tinggal di kota itu pada 1753, dengan bentuk oktagonal (persegi delapan). Gereja ini sesungguhnya bernama Gereja GPIB Immanuel, di Jl. Letjend. Suprapto 32. Kubahnya besar, dilapisi perunggu, dan di dalamnya terdapat sebuah orgel Barok. Arsitektur di dalamnya dibuat berdasarkan salib Yunani. Gereja ini direnovasi pada 1894 oleh W. Westmaas dan H.P.A. de Wilde, yang menambahkan kedua menara di depan gedung gereja ini. Nama Blenduk adalah julukan dari masyarakat setempat yang berarti kubah. Gereja ini hingga sekarang masih dipergunakan setiap hari Minggu. Di sekitar gereja ini juga terdapat sejumlah bangunan lain dari masa kolonial Belanda.
",Tempat Ibadah,Semarang,0,4.6,https://lh5.googleusercontent.com/p/AF1QipOGE9EYbZTn01rlB2Jpwx8JEv1WHz1HLqCj92-T=w408-h500-k-no,"https://www.google.com/maps/place/Blenduk+Church/@-6.9683488,110.4274767,17z/data=!3m1!4b1!4m6!3m5!1s0x2e70f34349b8e345:0x8fd1c780aa92f074!8m2!3d-6.9683488!4d110.4274767!16s%2Fm%2F0cm6szl?entry=ttu","GPIB Immanuel Semarang (Gereja Blenduk) Tempat Ibadah Semarang GPIB Immanuel Semarang (populer dengan nama Gereja Blenduk, kadang-kadang dieja Gereja Blendug, dan sering kali dilafazkan sebagai mBlendhug) (bahasa Jawa: ꦒꦿꦺꦗ​ꦧ꧀ꦭꦼꦤ꧀ꦝꦸꦏ꧀, translit. Gréja Blendhuk) adalah Gereja Kristen tertua di Jawa Tengah yang dibangun oleh masyarakat Belanda yang tinggal di kota itu pada 1753, dengan bentuk oktagonal (persegi delapan). Gereja ini sesungguhnya bernama Gereja GPIB Immanuel, di Jl. Letjend. Suprapto 32. Kubahnya besar, dilapisi perunggu, dan di dalamnya terdapat sebuah orgel Barok. Arsitektur di dalamnya dibuat berdasarkan salib Yunani. Gereja ini direnovasi pada 1894 oleh W. Westmaas dan H.P.A. de Wilde, yang menambahkan kedua menara di depan gedung gereja ini. Nama Blenduk adalah julukan dari masyarakat setempat yang berarti kubah. Gereja ini hingga sekarang masih dipergunakan setiap hari Minggu. Di sekitar gereja ini juga terdapat sejumlah bangunan lain dari masa kolonial Belanda.
",gpib immanuel semarang  gereja blenduk  ibadah semarang gpib immanuel semarang  populer nama gereja blenduk  kadang eja gereja blendug  kali dilafazkan mblendhug   bahasa jawa    translit  gr ja blendhuk  gereja kristen tua jawa bangun masyarakat belanda tinggal kota 1753  bentuk oktagonal  persegi delapan   gereja sungguh nama gereja gpib immanuel  jl  letjend  suprapto 32 kubah  lapis perunggu  dalam orgel barok  arsitektur dalam dasar salib yunani  gereja renovasi 1894 w westmaas h p a  de wilde  menara gedung gereja  nama blenduk juluk masyarakat kubah  gereja minggu  gereja bangun kolonial belanda
353,Taman Srigunting,"Merupakan salah satu landmark di Kawasan Kota Lama Semarang, Taman Srigunting pada masa kolonial belanda berwujud parade plein untuk panggung parade, kini menjadi sebuah ruang terbuka berupa taman yang menjadi salah satu tempat untuk berkumpul atau berkegiatan komunitas. Taman Srigunting berada di Jalan Letjen Suprapto 32 Kawasan Kota Lama, di sisi selatan terdapat Gedung Marba, di barat daya terdapat Gedung Jiwasraya, di sisi barat terdapat Gereja Blenduk serta di sisi timur terdapat Gedung Kerta Niaga. Taman ini beberapa kali mengalami renovasi, seperti pada tahun 2001 dan tahun 2004. Pada tahun 2001, Taman Srigunting dikembalikan pada fungsi raung terbuka untuk rekreatif, setelah sebelumnya merupakan taman pasif. Pada tahun 2004 renovasi taman ini dengan membuat jalan masuk pada masing-masing sisi, hingga terdapat empat jalan masuk. Dan di tengah tengah dibuat tiang lampu penerangan yang bercabang empat untuk menerangi empat sisi jalan masuk tersebut.
",Taman Hiburan,Semarang,0,4.7,https://lh5.googleusercontent.com/p/AF1QipPz_oYoE0xlmg6ucZER0wtpc865FBpjLxzN6-2H=w408-h272-k-no,https://lh5.googleusercontent.com/p/AF1QipPz_oYoE0xlmg6ucZER0wtpc865FBpjLxzN6-2H=w408-h272-k-no,"Taman Srigunting Taman Hiburan Semarang Merupakan salah satu landmark di Kawasan Kota Lama Semarang, Taman Srigunting pada masa kolonial belanda berwujud parade plein untuk panggung parade, kini menjadi sebuah ruang terbuka berupa taman yang menjadi salah satu tempat untuk berkumpul atau berkegiatan komunitas. Taman Srigunting berada di Jalan Letjen Suprapto 32 Kawasan Kota Lama, di sisi selatan terdapat Gedung Marba, di barat daya terdapat Gedung Jiwasraya, di sisi barat terdapat Gereja Blenduk serta di sisi timur terdapat Gedung Kerta Niaga. Taman ini beberapa kali mengalami renovasi, seperti pada tahun 2001 dan tahun 2004. Pada tahun 2001, Taman Srigunting dikembalikan pada fungsi raung terbuka untuk rekreatif, setelah sebelumnya merupakan taman pasif. Pada tahun 2004 renovasi taman ini dengan membuat jalan masuk pada masing-masing sisi, hingga terdapat empat jalan masuk. Dan di tengah tengah dibuat tiang lampu penerangan yang bercabang empat untuk menerangi empat sisi jalan masuk tersebut.
",taman srigunting taman hibur semarang salah landmark kawasan kota semarang  taman srigunting kolonial belanda wujud parade plein panggung parade  ruang buka taman salah kumpul giat komunitas  taman srigunting jalan letjen suprapto 32 kawasan kota  sisi selatan gedung marba  barat daya gedung jiwasraya  sisi barat gereja blenduk sisi timur gedung kerta niaga  taman kali alami renovasi  2001 2004 2001  taman srigunting kembali fungsi raung buka rekreatif  taman pasif  2004 renovasi taman jalan masuk sisi  jalan masuk  tiang lampu terang cabang rang sisi jalan masuk
354,Semarang Contemporary Art Gallery,Salah satu wisata yang berbau seni di Semarang bisa kamu temukan di kawasan Kota Lama yakni Semarang Contemporary Art Gallery atau lebih mudahnya disebut sebagai Galsem yang berarti Galeri Semarang. Semarang Gallery ini adalah salah satu museum seni yang cukup terkenal dan sampai saat ini masih sangat populer di kalangan wisatawan terutama para pecinta seni. Karya-karya seni yang dipamerkan disini merupakan hasil tangan dingin para seniman handal dari seluruh penjuru Nusantara.,Budaya,Semarang,10000,4.6,https://lh5.googleusercontent.com/p/AF1QipNF_prXxD2yBxUqoLxi80e-pAuUaTPVoNb6M3aM=w408-h306-k-no,"https://www.google.com/maps/place/Semarang+Contemporary+Art+Gallery/@-6.9675,110.4282,17z/data=!3m1!4b1!4m6!3m5!1s0x2e70f4a73d911371:0x631d81920c82793a!8m2!3d-6.9675!4d110.4282!16s%2Fg%2F1pzrxn8ph?entry=ttu",Semarang Contemporary Art Gallery Budaya Semarang Salah satu wisata yang berbau seni di Semarang bisa kamu temukan di kawasan Kota Lama yakni Semarang Contemporary Art Gallery atau lebih mudahnya disebut sebagai Galsem yang berarti Galeri Semarang. Semarang Gallery ini adalah salah satu museum seni yang cukup terkenal dan sampai saat ini masih sangat populer di kalangan wisatawan terutama para pecinta seni. Karya-karya seni yang dipamerkan disini merupakan hasil tangan dingin para seniman handal dari seluruh penjuru Nusantara.,semarang contemporary art gallery budaya semarang salah wisata bau seni semarang temu kawasan kota semarang contemporary art gallery mudah galsem galeri semarang  semarang gallery salah museum seni kenal populer kalang wisatawan cinta seni  karya seni pamer hasil tangan dingin seniman handal penjuru nusantara
355,Umbul Sidomukti,"Kawasan wisata umbul Sidomukti merupakan salah satu Wisata Alam Pegunungan di Semarang, berada di Desa Sidomukti Kecamatan Bandungan Kabupaten Semarang. Kawasan wisata ini dengan didukung fasiltas & Servis: Outbond Training, Adrenalin Games, Taman Renang Alam, Camping Ground, Pondok Wisata, Pondok Lesehan, serta Meeting Room.",Cagar Alam,Semarang,75000,4.6,https://lh5.googleusercontent.com/p/AF1QipNWcZhFC93JTGiX0vZh-RUwDVVlqsdOLlfb4gQl=w426-h240-k-no,"https://google.com/maps/place/Umbul+Sidomukti/@-7.1945903,110.3733583,17z/data=!3m1!4b1!4m6!3m5!1s0x2e70871c6fdc3481:0xdb78bfcef26cb6b6!8m2!3d-7.1945903!4d110.3733583!16s%2Fg%2F11g8_133r0?entry=ttu","Umbul Sidomukti Cagar Alam Semarang Kawasan wisata umbul Sidomukti merupakan salah satu Wisata Alam Pegunungan di Semarang, berada di Desa Sidomukti Kecamatan Bandungan Kabupaten Semarang. Kawasan wisata ini dengan didukung fasiltas & Servis: Outbond Training, Adrenalin Games, Taman Renang Alam, Camping Ground, Pondok Wisata, Pondok Lesehan, serta Meeting Room.",umbul sidomukti cagar alam semarang kawasan wisata umbul sidomukti salah wisata alam gunung semarang  desa sidomukti camat bandung kabupaten semarang  kawasan wisata dukung fasiltas  servis  outbond training  adrenalin games  taman renang alam  camping ground  pondok wisata  pondok leseh  meeting room
356,Saloka Theme Park,"SALOKA hadir sebagai taman rekreasi terbesar di Tengah Jawa yang masuk dalam daftar destinasi wisata Pesona Indonesia, serta mengusung konsep kearifan lokal berdasarkan legenda rakyat Baru Klinthing.",Taman Hiburan,Semarang,150000,4.5,https://lh5.googleusercontent.com/p/AF1QipPPCBCpSr6hwhGWeDv4YFgojwwuSf_aK4Dt9MHp=w437-h240-k-no,"https://www.google.com/maps/place/Saloka+Theme+Park/@-7.280767,110.459024,17z/data=!3m1!4b1!4m6!3m5!1s0x2e708265970e9af7:0xa572723ddf2098e6!8m2!3d-7.280767!4d110.459024!16s%2Fg%2F1hm219vr1?entry=ttu","Saloka Theme Park Taman Hiburan Semarang SALOKA hadir sebagai taman rekreasi terbesar di Tengah Jawa yang masuk dalam daftar destinasi wisata Pesona Indonesia, serta mengusung konsep kearifan lokal berdasarkan legenda rakyat Baru Klinthing.",saloka theme park taman hibur semarang saloka hadir taman rekreasi besar jawa masuk daftar destinasi wisata pesona indonesia  usung konsep arif lokal dasar legenda rakyat klinthing
357,Wisata Alam Wana Wisata Penggaron,"Berada sekitar 2 KM dari Kota Ungaran atau sekitar 18 KM dari Kota Semarang, Kawasan Wana Wisata Penggaron secara administratif berada di Desa Susukan, Kecamatan Ungaran, Kabupaten semarang. Area ini merupakan salah satu hutan binaan Kesatuan Bisnis Mandiri Wisata, Benih dan Usaha Lain (KBM WBU I) Perum Perhutani Unit I Jateng. Wana Wisata Penggaron atau Wisata Alam Wana Wisata Penggaron merupakan sebuah tempat wisata hutan yang bisa anda gunakan untuk berlibur bersama keluarga anda, salah satunya untuk camping. Tempat ini banyak di jadikan sebagai tempat untuk camping atau berlibur oleh masyarakat Semarang. Wana Wisata Penggaron sebuah hutan yang eksotis, sayangnya surga di kota semarang ini jarang tersentuh mata. Bagi pengunjung yang bertanya kepada penjaga loket, dengan jawaban yang sederhana dan apa adanya “hutan biasa yang sering dipake kemah, tidak ada yang istimewa”, tentunya akan merasa kecewa.",Cagar Alam,Semarang,10000,4.1,https://lh5.googleusercontent.com/p/AF1QipNIoeXRYUZ6pVQeb2wCteyRP3_fmVqLYDQ9zFL-=w408-h334-k-no,"https://www.google.com/maps/place/Wisata+Alam+Wana+Wisata+Penggaron/@-7.1157969,110.4217966,17z/data=!3m1!4b1!4m6!3m5!1s0x2e70f4af9867e327:0x61b48960505b716e!8m2!3d-7.1157969!4d110.4217966!16s%2Fg%2F1hm5_cb_v?entry=ttu","Wisata Alam Wana Wisata Penggaron Cagar Alam Semarang Berada sekitar 2 KM dari Kota Ungaran atau sekitar 18 KM dari Kota Semarang, Kawasan Wana Wisata Penggaron secara administratif berada di Desa Susukan, Kecamatan Ungaran, Kabupaten semarang. Area ini merupakan salah satu hutan binaan Kesatuan Bisnis Mandiri Wisata, Benih dan Usaha Lain (KBM WBU I) Perum Perhutani Unit I Jateng. Wana Wisata Penggaron atau Wisata Alam Wana Wisata Penggaron merupakan sebuah tempat wisata hutan yang bisa anda gunakan untuk berlibur bersama keluarga anda, salah satunya untuk camping. Tempat ini banyak di jadikan sebagai tempat untuk camping atau berlibur oleh masyarakat Semarang. Wana Wisata Penggaron sebuah hutan yang eksotis, sayangnya surga di kota semarang ini jarang tersentuh mata. Bagi pengunjung yang bertanya kepada penjaga loket, dengan jawaban yang sederhana dan apa adanya “hutan biasa yang sering dipake kemah, tidak ada yang istimewa”, tentunya akan merasa kecewa.",wisata alam wana wisata penggaron cagar alam semarang 2 km kota ungar 18 km kota semarang  kawasan wana wisata penggaron administratif desa susu  camat ungar  kabupaten semarang  area salah hutan bina satu bisnis mandiri wisata  benih usaha  kbm wbu i  perum hutan unit i jateng  wana wisata penggaron wisata alam wana wisata penggaron wisata hutan libur keluarga  salah satu camping  jadi camping libur masyarakat semarang  wana wisata penggaron hutan eksotis  sayang surga kota semarang jarang sentuh mata  unjung jaga loket  sederhana  hutan dipake kemah  istimewa   kecewa
358,Masjid Kapal Semarang,"Masjid Safinatun Najah atau pengunjung biasa menyebutnya dengan Masjid Kapal Semarang kini menjadi wisata religi yang ramai dikunjungi saat bulan Ramadan. Masjid yang berlokasi di berlokasi di Jalan Kyai Padak, Podorejo, Kec. Ngaliyan, Kota Semarang mulai ramai didatangi pengunjung saat menjelang buka puasa. Umumnya tujuan utama mereka yang datang kesini untuk beribadah, selain itu juga ada yang berburu foto serta berkuliner di sekitar kawasan masjid.",Tempat Ibadah,Semarang,0,4.1,https://lh5.googleusercontent.com/p/AF1QipPNvMsoWDaQHrHXT8-fnBPuS4nCG4Eo91fxjriG=w408-h306-k-no,"https://google.com/maps/place/Masjid+Kapal+Keselamatan+(Assafinatun+Najah)/@-7.0187892,110.2936709,17z/data=!3m1!4b1!4m6!3m5!1s0x2e706052431ed045:0x8dd000e6d0072112!8m2!3d-7.0187892!4d110.2936709!16s%2Fg%2F11c6vktf27?entry=ttu","Masjid Kapal Semarang Tempat Ibadah Semarang Masjid Safinatun Najah atau pengunjung biasa menyebutnya dengan Masjid Kapal Semarang kini menjadi wisata religi yang ramai dikunjungi saat bulan Ramadan. Masjid yang berlokasi di berlokasi di Jalan Kyai Padak, Podorejo, Kec. Ngaliyan, Kota Semarang mulai ramai didatangi pengunjung saat menjelang buka puasa. Umumnya tujuan utama mereka yang datang kesini untuk beribadah, selain itu juga ada yang berburu foto serta berkuliner di sekitar kawasan masjid.",masjid kapal semarang ibadah semarang masjid safinatun najah unjung sebut masjid kapal semarang wisata religi ramai kunjung ramadan  masjid lokasi lokasi jalan kyai padak  podorejo  kec  ngaliyan  kota semarang ramai datang unjung jelang buka puasa  tuju utama kesini ibadah  buru foto kuliner kawasan masjid
359,Taman Bunga Celosia,"Wisata Semarang menawarkan berbagai tempat wisata menarik. Salah satunya yaitu berkunjung ke Taman Bunga Celosia Bandungan. Lokasinya berada di kaki Gunung Ungaran, Semarang. Menawarkan pemandangan sekitar yang alami dengan panorama pegunungan Ungaran merupakan daya tarik utama taman rekreasi ini. Begitu sampai di sini area parkir yang luas langsung menyambut dan tak ketinggalan gapura selamat datang. Sepanjang perjalanan menuju ke loket tiket, terdapat pagar berbentuk pensil raksasa warna warni. Sebagai tambahan di sekitar pagar terdapat bunga warna-warni yang menghiasi perjalanan menuju loket masuk.",Cagar Alam,Semarang,25000,4.4,https://lh5.googleusercontent.com/p/AF1QipNIdYjMa-4d1cnYlfsegstg4k77NoVqZVEArKXE=w427-h240-k-no,"https://www.google.com/maps/place/Celosia+Flower+Garden/@-7.225245,110.3460936,17z/data=!3m1!4b1!4m6!3m5!1s0x2e7080b3163488d7:0x190ff6c3684e9814!8m2!3d-7.225245!4d110.3460936!16s%2Fg%2F11fy_5sngf?entry=ttu","Taman Bunga Celosia Cagar Alam Semarang Wisata Semarang menawarkan berbagai tempat wisata menarik. Salah satunya yaitu berkunjung ke Taman Bunga Celosia Bandungan. Lokasinya berada di kaki Gunung Ungaran, Semarang. Menawarkan pemandangan sekitar yang alami dengan panorama pegunungan Ungaran merupakan daya tarik utama taman rekreasi ini. Begitu sampai di sini area parkir yang luas langsung menyambut dan tak ketinggalan gapura selamat datang. Sepanjang perjalanan menuju ke loket tiket, terdapat pagar berbentuk pensil raksasa warna warni. Sebagai tambahan di sekitar pagar terdapat bunga warna-warni yang menghiasi perjalanan menuju loket masuk.",taman bunga celosia cagar alam semarang wisata semarang tawar wisata tarik  salah satu kunjung taman bunga celosia bandung  lokasi kaki gunung ungar  semarang  tawar pandang alami panorama gunung ungar daya tarik utama taman rekreasi  area parkir luas langsung sambut tinggal gapura selamat  jalan loket tiket  pagar bentuk pensil raksasa warna warni  tambah pagar bunga warna-warni hias jalan loket masuk
360,Air Terjun Kali Pancur,"Kali Pancur Getasan merupakan kawasan wisata alam Air Terjun Kali Pancur ini berada di Desa Nogosaren, Kecamatan Getasan, Kabupaten Semarang, sekitar 14 km sebelah barat Kota Salatiga. Untuk menuju ke lokasi objek wisata ini tidak ada sarana transportasi umum, jadi harus membawa kendaraan sendiri.",Cagar Alam,Semarang,5000,4.1,https://lh5.googleusercontent.com/p/AF1QipN6jzIrIyS7MumYN-nyFf5eXlGH0evPPwE62-ku=w408-h272-k-no,"https://www.google.com/maps/place/Air+Terjun+Kalipancur/@-7.3580963,110.4210681,17z/data=!3m1!4b1!4m6!3m5!1s0x2e7a7ecba8b32663:0x4a04400144778bd6!8m2!3d-7.3580963!4d110.4210681!16s%2Fg%2F11cnxz1kpv?entry=ttu","Air Terjun Kali Pancur Cagar Alam Semarang Kali Pancur Getasan merupakan kawasan wisata alam Air Terjun Kali Pancur ini berada di Desa Nogosaren, Kecamatan Getasan, Kabupaten Semarang, sekitar 14 km sebelah barat Kota Salatiga. Untuk menuju ke lokasi objek wisata ini tidak ada sarana transportasi umum, jadi harus membawa kendaraan sendiri.",air terjun kali pancur cagar alam semarang kali pancur getas kawasan wisata alam air terjun kali pancur desa nogosaren  camat getas  kabupaten semarang  14 km belah barat kota salatiga  lokasi objek wisata sarana transportasi  bawa kendara
361,Wisata Kampung Krisan Clapar,"Wisata Kampung Krisan Gemah Ripah di Dusun Clapar Desa Duren Kecamatan Bandungan Kabupaten Semarang bisa jadi altenatif liburan. Di tempat ini terhampar kebun bunga warna warni yang memesona. Itu adalah kompleks wisata perkebunan bunga krisan beragam varietas. Setidaknya ada 20 varietas yang dikembangkan oleh Kelompok Tani Gemah Ripah sejak dua tahun terakhir ini. Dan objek tersebut mulai dibuka untuk umum sebagai jujukan wisatawan pada 6 November 2016. Di atas lahan terasering seluas sekitar 12 hektar itu, Anda bakal diajak berkeliling di kebun bunga krisan yang khusus untuk kunjungan wisatawan di luasan lahan 6,5 hektar. Setidaknya ada 3 kebun yang disiapkan pihak pengelola untuk pengunjung.",Taman Hiburan,Semarang,10000,4.1,https://lh5.googleusercontent.com/p/AF1QipPaEnudAEgYn0M0QJdjUqKdr4lL4m6Oy3VmVEEB=w408-h306-k-no,"https://www.google.com/maps/place/Chrysanthemum+Village+Travel+Clapar/@-7.2141582,110.3769541,17z/data=!3m1!4b1!4m6!3m5!1s0x2e7086d61cdbf8b9:0x3f53fb9b64d20bbb!8m2!3d-7.2141582!4d110.3769541!16s%2Fg%2F11c2q4gvzz?entry=ttu","Wisata Kampung Krisan Clapar Taman Hiburan Semarang Wisata Kampung Krisan Gemah Ripah di Dusun Clapar Desa Duren Kecamatan Bandungan Kabupaten Semarang bisa jadi altenatif liburan. Di tempat ini terhampar kebun bunga warna warni yang memesona. Itu adalah kompleks wisata perkebunan bunga krisan beragam varietas. Setidaknya ada 20 varietas yang dikembangkan oleh Kelompok Tani Gemah Ripah sejak dua tahun terakhir ini. Dan objek tersebut mulai dibuka untuk umum sebagai jujukan wisatawan pada 6 November 2016. Di atas lahan terasering seluas sekitar 12 hektar itu, Anda bakal diajak berkeliling di kebun bunga krisan yang khusus untuk kunjungan wisatawan di luasan lahan 6,5 hektar. Setidaknya ada 3 kebun yang disiapkan pihak pengelola untuk pengunjung.",wisata kampung krisan clapar taman hibur semarang wisata kampung krisan gemah ripah dusun clapar desa duren camat bandung kabupaten semarang altenatif libur  hampar kebun bunga warna warni pesona  kompleks wisata kebun bunga krisan agam varietas  20 varietas kembang kelompok tani gemah ripah  objek buka juju wisatawan 6 november 2016 lahan terasering luas 12 hektar  ajak keliling kebun bunga krisan khusus kunjung wisatawan luas lahan 6 5 hektar  3 kebun siap kelola unjung
362,Danau Rawa Pening,"Rawa Pening (pening adalah salah satu varian bahasa Jawa dari kata ""wening"" yang artinya hening, tenang, damai) (bahasa Jawa: ꦫꦮ​ꦥꦼꦤꦶꦁ, translit. Rawa Pening) adalah danau alam di Kabupaten Semarang, Jawa Tengah. Dengan luas 2.670 hektare ia menempati wilayah Kecamatan Ambarawa, Bawen, Tuntang, dan Banyubiru.Rawa Pening terletak di cekungan terendah lereng Gunung Merbabu, Gunung Telomoyo, dan Gunung Ungaran. Danau ini dangkal dan menjadi hulu bagi Sungai Tuntang.
",Cagar Alam,Semarang,15000,4.5,https://lh5.googleusercontent.com/p/AF1QipOhcO6YzeliuXAlW_S8XXu9XWZW1PcNKyjMTwp5=w408-h271-k-no,"https://www.google.com/maps/place/Danau+Rw.+Pening/@-7.2890369,110.4349479,14z/data=!3m1!4b1!4m6!3m5!1s0x2e70818dd91847eb:0x91ca76ca909ec88b!8m2!3d-7.2854929!4d110.4321671!16s%2Fg%2F12vtjxtr9?entry=ttu","Danau Rawa Pening Cagar Alam Semarang Rawa Pening (pening adalah salah satu varian bahasa Jawa dari kata ""wening"" yang artinya hening, tenang, damai) (bahasa Jawa: ꦫꦮ​ꦥꦼꦤꦶꦁ, translit. Rawa Pening) adalah danau alam di Kabupaten Semarang, Jawa Tengah. Dengan luas 2.670 hektare ia menempati wilayah Kecamatan Ambarawa, Bawen, Tuntang, dan Banyubiru.Rawa Pening terletak di cekungan terendah lereng Gunung Merbabu, Gunung Telomoyo, dan Gunung Ungaran. Danau ini dangkal dan menjadi hulu bagi Sungai Tuntang.
",danau rawa pening cagar alam semarang rawa pening  pening salah varian bahasa jawa  wening  hening  tenang  damai   bahasa jawa    translit  rawa pening  danau alam kabupaten semarang  jawa  luas 2 670 hektare tempat wilayah camat ambarawa  bawen  tuntang  banyubiru rawa pening letak cekung rendah lereng gunung merbabu  gunung telomoyo  gunung ungar  danau dangkal hulu sungai tuntang
363,Pantai Maron,"Pantai Maron (bahasa Jawa: ꦥꦱꦶꦱꦶꦂ​ꦩꦫꦺꦴꦤ꧀, translit. Pasisir Maron) yang terletak di sebelah barat Semarang, tepatnya di sekitar muara Sungai Silandak ini, bisa ditempuh dari dua tempat, yaitu dari Bandara Ahmad Yani atau dari Perumahan Graha Padma, Krapyak. Kira-kira berjarak 3 km dari jalan raya kita sudah bisa sampai di lokasi. Jika menggunakan kendaraan bisa ditempuh sekitar 10 menit. Namun jika ingin jalan kaki, dari ujung perumahan Graha Padma saja bisa memakan waktu 30 menit.\nNama Maron sendiri konon karena pantai ini masih merupakan milik Penerbangan TNI Angkatan Darat (Penerbad), karena merah maroon merupakan warna khas baret Penerbad, maka pantai ini disebut Pantai Maron. Memang kurang jelas siapa yang mengelola Pantai Maron. Yang jelas setiap masuk pantai Maron kita cukup membayar 2 ribu rupiah, untuk biaya parkir.\nJika berkunjung ke Pantai Maron pada Sabtu Sore, Minggu Pagi, Minggu Sore, atau hari-hari libur, bisa dipastikan banyak wisatawan dari area Semarang maupun luar kota. Bahkan bisa dikatakan tidak kalah dari jumlah pelancong di Parangtritis, Yogyakarta ataupun Kuta, Bali. Hampir setiap sudut pantai dan warung-warung di tepi pantai penuh oleh pengunjung.",Bahari,Semarang,5000,3.6,https://lh5.googleusercontent.com/p/AF1QipN0v0k4QPT4J7leyOf5OQVOdFmgL9wVkAI_MnYS=w426-h240-k-no,"https://www.google.com/maps/place/Pantai+Maron/@-6.9545686,110.3600951,14z/data=!3m1!4b1!4m6!3m5!1s0x2e70f5142fbbe565:0x1edaedb42a0e63aa!8m2!3d-6.9545687!4d110.3600951!16s%2Fg%2F120z_28c?entry=ttu","Pantai Maron Bahari Semarang Pantai Maron (bahasa Jawa: ꦥꦱꦶꦱꦶꦂ​ꦩꦫꦺꦴꦤ꧀, translit. Pasisir Maron) yang terletak di sebelah barat Semarang, tepatnya di sekitar muara Sungai Silandak ini, bisa ditempuh dari dua tempat, yaitu dari Bandara Ahmad Yani atau dari Perumahan Graha Padma, Krapyak. Kira-kira berjarak 3 km dari jalan raya kita sudah bisa sampai di lokasi. Jika menggunakan kendaraan bisa ditempuh sekitar 10 menit. Namun jika ingin jalan kaki, dari ujung perumahan Graha Padma saja bisa memakan waktu 30 menit.\nNama Maron sendiri konon karena pantai ini masih merupakan milik Penerbangan TNI Angkatan Darat (Penerbad), karena merah maroon merupakan warna khas baret Penerbad, maka pantai ini disebut Pantai Maron. Memang kurang jelas siapa yang mengelola Pantai Maron. Yang jelas setiap masuk pantai Maron kita cukup membayar 2 ribu rupiah, untuk biaya parkir.\nJika berkunjung ke Pantai Maron pada Sabtu Sore, Minggu Pagi, Minggu Sore, atau hari-hari libur, bisa dipastikan banyak wisatawan dari area Semarang maupun luar kota. Bahkan bisa dikatakan tidak kalah dari jumlah pelancong di Parangtritis, Yogyakarta ataupun Kuta, Bali. Hampir setiap sudut pantai dan warung-warung di tepi pantai penuh oleh pengunjung.",pantai maron bahari semarang pantai maron  bahasa jawa    translit  pasisir maron  letak belah barat semarang  tepat muara sungai silandak  tempuh  bandara ahmad yani rumah graha padma  krapyak  jarak 3 km jalan raya lokasi  kendara tempuh 10 menit  jalan kaki  ujung rumah graha padma makan 30 menit nnama maron konon pantai milik terbang tni angkat darat  bad   merah maroon warna khas baret bad  pantai pantai maron  kelola pantai maron  masuk pantai maron bayar 2 ribu rupiah  biaya parkir njika kunjung pantai maron sabtu sore  minggu pagi  minggu sore  hari libur  wisatawan area semarang kota  kalah lancong parangtritis  yogyakarta kuta  bal  sudut pantai warung tepi pantai penuh unjung
364,Water Blaster Bukit Candi Golf,"Buat kamu yang bingung mau rekreasi kemana di Semarang, langsung saja ke Water Blaster Semarang. Waterpark yang menyediakan banyak permainan dan atraksi seru yang semuanya layak untuk dicoba. Dengan total lebih dari 20 wahana air yang siap memberikan pengalaman seru buat pecinta tantangan wahana air. Bendulan, Blaster Warior, Jungle Tree, Great Wall sedikit dari puluhan wahana lain yang bisa dimainkan. Tentu semua ditunjang dengan fasilitas yang lengkap seperti Gazebo, Family Gazebo, Vip Court, dll semua ada untuk menambah kenyamanan setiap pengunjung yang akan bermain di Waterpark kota lumpia ini.",Taman Hiburan,Semarang,80000,4.2,https://lh5.googleusercontent.com/p/AF1QipPL83NBbcniic1_nahqMDB1WON9yUDImy85ejpJ=w408-h306-k-no,"https://www.google.com/maps/place/Water+Blaster/@-7.0218894,110.4383345,17z/data=!3m1!4b1!4m6!3m5!1s0x2e708d368c2bab47:0x7cb65896fa025470!8m2!3d-7.0218894!4d110.4383345!16s%2Fg%2F1hm3wm28g?entry=ttu","Water Blaster Bukit Candi Golf Taman Hiburan Semarang Buat kamu yang bingung mau rekreasi kemana di Semarang, langsung saja ke Water Blaster Semarang. Waterpark yang menyediakan banyak permainan dan atraksi seru yang semuanya layak untuk dicoba. Dengan total lebih dari 20 wahana air yang siap memberikan pengalaman seru buat pecinta tantangan wahana air. Bendulan, Blaster Warior, Jungle Tree, Great Wall sedikit dari puluhan wahana lain yang bisa dimainkan. Tentu semua ditunjang dengan fasilitas yang lengkap seperti Gazebo, Family Gazebo, Vip Court, dll semua ada untuk menambah kenyamanan setiap pengunjung yang akan bermain di Waterpark kota lumpia ini.",water blaster bukit candi golf taman hibur semarang bingung rekreasi mana semarang  langsung water blaster semarang  waterpark sedia main atraksi seru layak coba  total 20 wahana air alam seru cinta tantang wahana air  bendul  blaster warior  jungle tree  great wall puluh wahana main  tunjang fasilitas lengkap gazebo  family gazebo  vip court  dll tambah nyaman unjung main waterpark kota lumpia
365,Waduk Jatibarang,"Waduk Jatibarang merupakan sebuah waduk yang berada di Kota Semarang. Pembangunan waduk ini selesai setelah sekitar empat tahun pembangunan dan memulai proses pengisian air pada tanggal 5 Mei 2014 bertepatan dengan Hari Air Dunia Ke-22 oleh Menteri Pekerjaan Umum Djoko Kirmanto bersama Gubernur Jawa Tengah Ganjar Pranowo dan Kepala Balai Besar Wilayah Sungai Pemali Juwana Imam Santoso.\nWaduk Jatibarang mulai resmi beroperasi pada 11 Mei 2015. Peresmian tersebut dilakukan oleh Direktur Jenderal Sumber Daya Air Kementerian Pekerjaan Umum dan Perumahan Rakyat, Mudjiadi bertepatan dengan peringatan Hari Air Dunia Ke-23 Tingkat Provinsi Jawa Tengah.\nWaduk Jatibarang mempunyai daya tampung 20,4 juta meter kubik . Selain untuk mengatasi masalah banjir, juga menjadi salah satu destinasi wisata Semarang karena di tengah waduk ini terdapat pulau kecil yang di dalamnya terdapat objek wisata lain yaitu Goa Kreo.",Cagar Alam,Semarang,2500,4.6,https://lh5.googleusercontent.com/p/AF1QipNQJeATXkE4vdhXW6xuExeZ3fLN71dou1C7-mHv=w408-h306-k-no,"https://www.google.com/maps/place/Waduk+Jatibarang+Mijen/@-7.0361561,110.3505732,17z/data=!3m1!4b1!4m6!3m5!1s0x2e708babe5f8f59b:0x86d99d57ebb81a8f!8m2!3d-7.0361561!4d110.3505732!16s%2Fg%2F11nn0_jcfz?entry=ttu","Waduk Jatibarang Cagar Alam Semarang Waduk Jatibarang merupakan sebuah waduk yang berada di Kota Semarang. Pembangunan waduk ini selesai setelah sekitar empat tahun pembangunan dan memulai proses pengisian air pada tanggal 5 Mei 2014 bertepatan dengan Hari Air Dunia Ke-22 oleh Menteri Pekerjaan Umum Djoko Kirmanto bersama Gubernur Jawa Tengah Ganjar Pranowo dan Kepala Balai Besar Wilayah Sungai Pemali Juwana Imam Santoso.\nWaduk Jatibarang mulai resmi beroperasi pada 11 Mei 2015. Peresmian tersebut dilakukan oleh Direktur Jenderal Sumber Daya Air Kementerian Pekerjaan Umum dan Perumahan Rakyat, Mudjiadi bertepatan dengan peringatan Hari Air Dunia Ke-23 Tingkat Provinsi Jawa Tengah.\nWaduk Jatibarang mempunyai daya tampung 20,4 juta meter kubik . Selain untuk mengatasi masalah banjir, juga menjadi salah satu destinasi wisata Semarang karena di tengah waduk ini terdapat pulau kecil yang di dalamnya terdapat objek wisata lain yaitu Goa Kreo.",waduk jatibarang cagar alam semarang waduk jatibarang waduk kota semarang  bangun waduk selesai bangun proses isi air tanggal 5 mei 2014 tepat air dunia ke-22 menteri kerja djoko kirmanto gubernur jawa ganjar pranowo kepala balai wilayah sungai pemali juwana imam santoso nwaduk jatibarang resmi operasi 11 mei 2015 resmi direktur jenderal sumber daya air menteri kerja rumah rakyat  mudjiadi tepat ingat air dunia ke-23 tingkat provinsi jawa tengah nwaduk jatibarang daya tampung 20 4 juta meter kubik  atas banjir  salah destinasi wisata semarang waduk pulau dalam objek wisata goa kreo
366,Tirto Argo Siwarak,"Kolam Renang Tirto Argo Siwarak, merupakan kolam renang yang berada di Ungaran. Keberadaannya yang dekat dengan Kota Semarang menjadikan tempat wisata ini cukup populer. Bahkan, tidak jarang wisatawan Semarang dan sekitarnya datang berkunjung. Hadir dengan kolam renang dan taman rekreasi sederhana, justru menjadi daya tarik tersendiri. Terbukti, pengunjung yang datang tidak pernah surut. Bahkan, selalu ada pengunjung dan ramai ketika liburan.",Taman Hiburan,Semarang,20000,4.4,https://lh5.googleusercontent.com/p/AF1QipNZWCe49e1PKZ4IygWacO1843whKa-ksYeYJuN2=w426-h240-k-no,"https://www.google.com/maps/place/Kolam+Renang+Tirto+Argo+Siwarak/@-7.132106,110.394523,17z/data=!3m1!4b1!4m6!3m5!1s0x2e70889bb151d621:0x2bcd6e2d118d7467!8m2!3d-7.132106!4d110.394523!16s%2Fg%2F11bwyt7_mf?entry=ttu","Tirto Argo Siwarak Taman Hiburan Semarang Kolam Renang Tirto Argo Siwarak, merupakan kolam renang yang berada di Ungaran. Keberadaannya yang dekat dengan Kota Semarang menjadikan tempat wisata ini cukup populer. Bahkan, tidak jarang wisatawan Semarang dan sekitarnya datang berkunjung. Hadir dengan kolam renang dan taman rekreasi sederhana, justru menjadi daya tarik tersendiri. Terbukti, pengunjung yang datang tidak pernah surut. Bahkan, selalu ada pengunjung dan ramai ketika liburan.",tirto argo siwarak taman hibur semarang kolam renang tirto argo siwarak  kolam renang ungar  ada kota semarang jadi wisata populer   jarang wisatawan semarang kunjung  hadir kolam renang taman rekreasi sederhana  daya tarik sendiri  bukti  unjung surut   unjung ramai libur
367,Wisata Lereng Kelir,Wisata yang ada di kawasan gunung Kelir ini memang mulai populer sejak awal tahun 2021 dan para wisatawan kerap berbondong-bondong menuju kesana untuk meredam rasa penasaran tentang destinasi baru tersebut. Gunung Kelir memiliki ketinggian lebih dari 2000 mdpl dan wisata Lereng kelir berada diatas ketinggian mencapai 1384 mdpl dan 700mdpl Dari ketinggian tersebut membuat hampir seluruh kawasan kota Ambarawa bisa terlihat dan sebagian kecil wilayah Semarang selatan. Wisata gardu pandang Lereng Kelir memang bisa dikatakan lebih tinggi dari tempat wisata gardu pandang lainnya yang ada di Jawa Tengah.,Cagar Alam,Semarang,7000,4.4,https://lh5.googleusercontent.com/p/AF1QipN0nWbnKHZdhw2gLkYBW9IhZdNtQpMCJaBr9ZGF=w408-h272-k-no,"https://www.google.com/maps/place/Wisata+Lereng+Kelir/@-7.3126613,110.3746785,17z/data=!3m1!4b1!4m6!3m5!1s0x2e7a7f833cf20f11:0x174315cfb8ba4a9f!8m2!3d-7.3126613!4d110.3746785!16s%2Fg%2F11c5_clvj5?entry=ttu",Wisata Lereng Kelir Cagar Alam Semarang Wisata yang ada di kawasan gunung Kelir ini memang mulai populer sejak awal tahun 2021 dan para wisatawan kerap berbondong-bondong menuju kesana untuk meredam rasa penasaran tentang destinasi baru tersebut. Gunung Kelir memiliki ketinggian lebih dari 2000 mdpl dan wisata Lereng kelir berada diatas ketinggian mencapai 1384 mdpl dan 700mdpl Dari ketinggian tersebut membuat hampir seluruh kawasan kota Ambarawa bisa terlihat dan sebagian kecil wilayah Semarang selatan. Wisata gardu pandang Lereng Kelir memang bisa dikatakan lebih tinggi dari tempat wisata gardu pandang lainnya yang ada di Jawa Tengah.,wisata lereng kelir cagar alam semarang wisata kawasan gunung kelir populer 2021 wisatawan kerap bondong kesana redam penasaran destinasi  gunung kelir milik tinggi 2000 mdpl wisata lereng kelir atas tinggi capai 1384 mdpl 700mdpl tinggi kawasan kota ambarawa wilayah semarang selatan  wisata gardu pandang lereng kelir wisata gardu pandang jawa
368,Kampoeng Rawa,"Kampoeng Rawa (disebut juga Kampung Rawa) adalah objek wisata di Ambarawa, Jawa Tengah, yang terletak di sabuk hijau di sekitar Danau Rawa Pening. Dibuka pada Agustus 2012, tempat ini dimiliki dan dioperasikan oleh dua belas kelompok petani dan nelayan yang didanai oleh Artha Prima Credit Union. Kompleks tersebut dimaksudkan untuk mempengaruhi kesejahteraan petani dan melayani lokal disamping mempromosikan ekologi danau di wilayah tersebut. Fasilitasnya meliputi restoran mengapung, pendopo, pusat kerajinan, tempat memancing, dan dok. Pada hari libur, tempat ini dikunjungi oleh ratusan pengunjung. Kompleks ini disengketakan perizinannya karena dibangun di sabuk hijau dan kemungkinan dampak ekologinya.",Cagar Alam,Semarang,3000,4.3,https://lh5.googleusercontent.com/p/AF1QipOTwTCeDHVHnxRL44ltcHw8mimhLZbCghfIcOvA=w408-h306-k-no,"https://www.google.com/maps/place/Kampoeng+Rawa/@-7.2707898,110.4216723,17z/data=!3m1!4b1!4m6!3m5!1s0x2e708188a03a1903:0xed98bf2ca357570d!8m2!3d-7.2707898!4d110.4216723!16s%2Fm%2F0114kjf7?entry=ttu","Kampoeng Rawa Cagar Alam Semarang Kampoeng Rawa (disebut juga Kampung Rawa) adalah objek wisata di Ambarawa, Jawa Tengah, yang terletak di sabuk hijau di sekitar Danau Rawa Pening. Dibuka pada Agustus 2012, tempat ini dimiliki dan dioperasikan oleh dua belas kelompok petani dan nelayan yang didanai oleh Artha Prima Credit Union. Kompleks tersebut dimaksudkan untuk mempengaruhi kesejahteraan petani dan melayani lokal disamping mempromosikan ekologi danau di wilayah tersebut. Fasilitasnya meliputi restoran mengapung, pendopo, pusat kerajinan, tempat memancing, dan dok. Pada hari libur, tempat ini dikunjungi oleh ratusan pengunjung. Kompleks ini disengketakan perizinannya karena dibangun di sabuk hijau dan kemungkinan dampak ekologinya.",kampoeng rawa cagar alam semarang kampoeng rawa  kampung rawa  objek wisata ambarawa  jawa  letak sabuk hijau danau rawa pening  buka agustus 2012  milik operasi belas kelompok tani nelayan dana artha prima credit union  kompleks pengaruh sejahtera tani layan lokal samping promosi ekologi danau wilayah  fasilitas liput restoran apung  pendopo  pusat rajin  pancing  dok  libur  kunjung ratus unjung  kompleks sengketa izin bangun sabuk hijau dampak ekologi
369,Monumen Palagan Ambarawa,"Monumen Palagan Ambarawa adalah sebuah monumen yang terdapat di Ambarawa, Kabupaten Semarang.\nMonumen ini merupakan simbol untuk mengenang sejarah pertempuran Palagan Ambarawa pada tanggal 12 Desember - 15 Desember 1945 Ambarawa. Pasukan Sekutu yang terdesak dari Magelang mengadakan pengunduran ke Ambarawa, dan pasukan TKR yang dipimpin Kolonel Soedirman berhasil menghancurkan Sekutu pada tanggal 15 Desember 1945, di mana kini diperingati sebagai Hari Infanteri.Monumen Palagan Ambarawa dibangun pada tahun 1973 dan diresmikan pada 15 Desember 1974 oleh Presiden Soeharto. Gambaran singkat sejarah pertempuran bisa dilihat pada relief yang dibuat pada dinding Monumen Palagan Ambarawa.\nDi monumen ini Anda dapat menemukan peninggalan pemerintahan Jepang dan Belanda. Anda dapat melihat seragam para tentara Jepang dan Belanda, senjata perang, seragam tentara Indonesia, dan barang bersejarah lain. Untuk ukuran yang agak besar, Anda dapat menemukan beberapa tank kuno, kendaraa angkut personil dan meriam yang digunakan dalam pertempuran tersebut. Yang paling menarik adalah Anda dapat menemukan pesawat Mustang Belanda yang berhasil ditembak jatuh ke dalam Rawa Pening
",Budaya,Semarang,7500,4.5,https://lh5.googleusercontent.com/p/AF1QipMJD8aFl27Qv3i1Wl5hpNlDgtRdVKkVWDKCnsz6=w408-h544-k-no,"https://www.google.com/maps/place/Palagan+Ambarawa+Monument/@-7.2598861,110.4025602,17z/data=!3m1!4b1!4m6!3m5!1s0x2e70810ab48e4ae9:0x8363a6ad9f021eeb!8m2!3d-7.2598861!4d110.4025602!16s%2Fg%2F120hzfhg?entry=ttu","Monumen Palagan Ambarawa Budaya Semarang Monumen Palagan Ambarawa adalah sebuah monumen yang terdapat di Ambarawa, Kabupaten Semarang.\nMonumen ini merupakan simbol untuk mengenang sejarah pertempuran Palagan Ambarawa pada tanggal 12 Desember - 15 Desember 1945 Ambarawa. Pasukan Sekutu yang terdesak dari Magelang mengadakan pengunduran ke Ambarawa, dan pasukan TKR yang dipimpin Kolonel Soedirman berhasil menghancurkan Sekutu pada tanggal 15 Desember 1945, di mana kini diperingati sebagai Hari Infanteri.Monumen Palagan Ambarawa dibangun pada tahun 1973 dan diresmikan pada 15 Desember 1974 oleh Presiden Soeharto. Gambaran singkat sejarah pertempuran bisa dilihat pada relief yang dibuat pada dinding Monumen Palagan Ambarawa.\nDi monumen ini Anda dapat menemukan peninggalan pemerintahan Jepang dan Belanda. Anda dapat melihat seragam para tentara Jepang dan Belanda, senjata perang, seragam tentara Indonesia, dan barang bersejarah lain. Untuk ukuran yang agak besar, Anda dapat menemukan beberapa tank kuno, kendaraa angkut personil dan meriam yang digunakan dalam pertempuran tersebut. Yang paling menarik adalah Anda dapat menemukan pesawat Mustang Belanda yang berhasil ditembak jatuh ke dalam Rawa Pening
",monumen palagan ambarawa budaya semarang monumen palagan ambarawa monumen ambarawa  kabupaten semarang nmonumen simbol kenang sejarah tempur palagan ambarawa tanggal 12 desember - 15 desember 1945 ambarawa  pasu sekutu desak magelang ada undur ambarawa  pasu tkr pimpin kolonel soedirman hasil hancur sekutu tanggal 15 desember 1945  ingat infanteri monumen palagan ambarawa bangun 1973 resmi 15 desember 1974 presiden soeharto  gambar singkat sejarah tempur relief dinding monumen palagan ambarawa ndi monumen temu tinggal perintah jepang belanda  seragam tentara jepang belanda  senjata perang  seragam tentara indonesia  barang sejarah  ukur  temu tank kuno  kendaraa angkut personil meriam tempur  tarik temu pesawat mustang belanda hasil tembak jatuh rawa pening
370,Benteng Pendem,"Benteng Pendem Cilacap (bahasa Belanda: Kustbatterij op de Landtong te Cilacap), adalah benteng peninggalan Belanda di pesisir pantai Teluk Penyu kabupaten Cilacap, Jawa Tengah yang dibangun pada tahun 1861. Bangunan ini merupakan bekas markas pertahanan tentara Hindia Belanda yang dibangun di area seluas 6,5 hektare secara bertahap selama 18 tahun, dari tahun 1861 hingga 1879. Benteng pendem sempat tertutup tanah pesisir pantai dan tidak terurus. Benteng ini kemudian ditemukan dan mulai digali pemerintah Cilacap tahun 1986. Saat ini, pemerintah Kabupaten Cilacap menjadikan benteng ini sebagai tempat wisata sejarah
",Budaya,Semarang,5000,4.3,https://lh5.googleusercontent.com/p/AF1QipOXurEaQu51h6o7PWGKmv5jHnUPW-Uw67L109mA=w426-h240-k-no,"https://www.google.com/maps/place/Benteng+Pendem+Cilacap/@-7.7488894,109.0189604,17z/data=!3m1!4b1!4m6!3m5!1s0x2e651284c34eda95:0x6e3a53a2def818bd!8m2!3d-7.7488894!4d109.0189604!16s%2Fg%2F1223qm72?entry=ttu","Benteng Pendem Budaya Semarang Benteng Pendem Cilacap (bahasa Belanda: Kustbatterij op de Landtong te Cilacap), adalah benteng peninggalan Belanda di pesisir pantai Teluk Penyu kabupaten Cilacap, Jawa Tengah yang dibangun pada tahun 1861. Bangunan ini merupakan bekas markas pertahanan tentara Hindia Belanda yang dibangun di area seluas 6,5 hektare secara bertahap selama 18 tahun, dari tahun 1861 hingga 1879. Benteng pendem sempat tertutup tanah pesisir pantai dan tidak terurus. Benteng ini kemudian ditemukan dan mulai digali pemerintah Cilacap tahun 1986. Saat ini, pemerintah Kabupaten Cilacap menjadikan benteng ini sebagai tempat wisata sejarah
",benteng pendem budaya semarang benteng pendem cilacap  bahasa belanda  kustbatterij op de landtong te cilacap   benteng tinggal belanda pesisir pantai teluk penyu kabupaten cilacap  jawa bangun 1861 bangun bekas markas tahan tentara hindia belanda bangun area luas 6 5 hektare tahap 18  1861 1879 benteng pendem tutup tanah pesisir pantai urus  benteng temu gali perintah cilacap 1986  perintah kabupaten cilacap jadi benteng wisata sejarah
371,Wisata Eling Bening,"Sebuah fasilitas wisata yang dikelola dengan cara modern, untuk menimbulkan kenikmatan berwisata seperti halnya yang diinginkan oleh anak-anak muda. Namun tetap menyatu dengan lingkungan, dengan keindahan alam. Tanpa melakukan kerusakan terhadap alam. Fasilitas wisata ini adalah wisata Eling Bening di perbukitan Ngrawan. Eling Bening sejatinya sebuah Restoran yang mengusung konsep wisata keluarga. Eling Bening menawarkan pemandangan alam yang sangat indah dengan view utama Rawa Pening. Keindahan itu disempurnakan lagi dengan  adanya background Gunung Merbabu, Andong dan Telomoyo, yang terlihat berdiri dengan gagah.
",Cagar Alam,Semarang,25000,4.2,https://lh5.googleusercontent.com/p/AF1QipOcb4Wl85K_UV3VIlxAj1TSbmSXAzCEdQJm4sZd=w426-h240-k-no,"https://www.google.com/maps/place/Eling+Bening/@-7.2523599,110.4249268,17z/data=!3m1!4b1!4m6!3m5!1s0x2e7083d906d7a0e3:0xa7483e6618289f54!8m2!3d-7.2523599!4d110.4249268!16s%2Fg%2F11cm41xqhs?entry=ttu","Wisata Eling Bening Cagar Alam Semarang Sebuah fasilitas wisata yang dikelola dengan cara modern, untuk menimbulkan kenikmatan berwisata seperti halnya yang diinginkan oleh anak-anak muda. Namun tetap menyatu dengan lingkungan, dengan keindahan alam. Tanpa melakukan kerusakan terhadap alam. Fasilitas wisata ini adalah wisata Eling Bening di perbukitan Ngrawan. Eling Bening sejatinya sebuah Restoran yang mengusung konsep wisata keluarga. Eling Bening menawarkan pemandangan alam yang sangat indah dengan view utama Rawa Pening. Keindahan itu disempurnakan lagi dengan  adanya background Gunung Merbabu, Andong dan Telomoyo, yang terlihat berdiri dengan gagah.
",wisata eling bening cagar alam semarang fasilitas wisata kelola modern  timbul nikmat wisata hal anak muda  satu lingkung  indah alam  rusa alam  fasilitas wisata wisata eling bening bukit ngrawan  eling bening sejati restoran usung konsep wisata keluarga  eling bening tawar pandang alam indah view utama rawa pening  indah sempurna background gunung merbabu  andong telomoyo  diri gagah
372,Gua Maria Kerep Ambarawa,"Gua Maria Kerep (Gua Maria Kerep Ambarawa, disinglkat GMKA), adalah sebuah tempat ziarah yang terletak di Jalan Tentara Pelajar, Kelurahan Panjang, Ambarawa. Tempat ini adalah tempat yang cukup baik untuk berdoa, berziarah, dan menyegarkan diri. Jaraknya sekitar 500 m dari Terminal Ambarawa. Karena jauh dari jalan raya, maka daerah ini cukup tenang. Dari tempat ini dapat terlihat pemandangan Gunung Telomoyo, Gunung Merbabu, dan Danau Rawa Pening. Gua Maria Kerep memiliki fasilitas bagi para peziarah, antara lain Jalan Salib, Tempat Doa Lesehan, Gereja, dan sebuah taman.",Cagar Alam,Semarang,2000,4.9,https://lh5.googleusercontent.com/p/AF1QipNn60GPgo13x_j-0uYciPWxFBkIIfJVoZ2J0Zc1=w426-h240-k-no,"https://www.google.com/maps/place/Gua+Maria+Kerep+Ambarawa/@-7.2552412,110.3994847,17z/data=!3m1!4b1!4m6!3m5!1s0x2e70810ae24110f9:0x66bb91a8c7e99ee9!8m2!3d-7.2552412!4d110.3994847!16s%2Fg%2F11d_7ttpyx?entry=ttu","Gua Maria Kerep Ambarawa Cagar Alam Semarang Gua Maria Kerep (Gua Maria Kerep Ambarawa, disinglkat GMKA), adalah sebuah tempat ziarah yang terletak di Jalan Tentara Pelajar, Kelurahan Panjang, Ambarawa. Tempat ini adalah tempat yang cukup baik untuk berdoa, berziarah, dan menyegarkan diri. Jaraknya sekitar 500 m dari Terminal Ambarawa. Karena jauh dari jalan raya, maka daerah ini cukup tenang. Dari tempat ini dapat terlihat pemandangan Gunung Telomoyo, Gunung Merbabu, dan Danau Rawa Pening. Gua Maria Kerep memiliki fasilitas bagi para peziarah, antara lain Jalan Salib, Tempat Doa Lesehan, Gereja, dan sebuah taman.",gua maria kerep ambarawa cagar alam semarang gua maria kerep  gua maria kerep ambarawa  disinglkat gmka   ziarah letak jalan tentara ajar  lurah  ambarawa  doa  ziarah  segar  jarak 500 m terminal ambarawa  jalan raya  daerah tenang  pandang gunung telomoyo  gunung merbabu  danau rawa pening  gua maria kerep milik fasilitas ziarah  jalan salib  doa leseh  gereja  taman
373,Museum Kereta Ambarawa,"Museum Kereta Api Ambarawa (bahasa Inggris: Indonesian Railway Museum, Ambarawa) adalah sebuah stasiun kereta api yang sudah dialihfungsikan menjadi sebuah museum serta merupakan museum perkeretaapian pertama di Indonesia. Museum ini memiliki koleksi kereta api yang pernah berjaya pada zamannya. Museum ini secara administratif berada di Desa Panjang, Ambarawa, Semarang. Museum yang terletak pada ketinggian +474,40 meter ini termasuk dalam Daerah Operasi IV Semarang dan dikelola oleh Unit Pusat Pelestarian dan Desain Arsitektur PT Kereta Api Indonesia bekerja sama dengan Pemerintah Provinsi Jawa Tengah.",Budaya,Semarang,10000,4.6,https://lh5.googleusercontent.com/p/AF1QipNU923XKVOxwZlyzjngggqhoV2nFzs4atZqoUw4=w408-h408-k-no,"https://www.google.com/maps/place/Museum+Kereta+Api+Ambarawa/@-7.2645862,110.4046848,17z/data=!3m1!4b1!4m6!3m5!1s0x2e70819f66cfe1af:0x5d929f537b2631f6!8m2!3d-7.2645862!4d110.4046848!16s%2Fm%2F05b56kj?entry=ttu","Museum Kereta Ambarawa Budaya Semarang Museum Kereta Api Ambarawa (bahasa Inggris: Indonesian Railway Museum, Ambarawa) adalah sebuah stasiun kereta api yang sudah dialihfungsikan menjadi sebuah museum serta merupakan museum perkeretaapian pertama di Indonesia. Museum ini memiliki koleksi kereta api yang pernah berjaya pada zamannya. Museum ini secara administratif berada di Desa Panjang, Ambarawa, Semarang. Museum yang terletak pada ketinggian +474,40 meter ini termasuk dalam Daerah Operasi IV Semarang dan dikelola oleh Unit Pusat Pelestarian dan Desain Arsitektur PT Kereta Api Indonesia bekerja sama dengan Pemerintah Provinsi Jawa Tengah.",museum kereta ambarawa budaya semarang museum kereta api ambarawa  bahasa inggris  indonesian railway museum  ambarawa  stasiun kereta api dialihfungsikan museum museum perkeretaapian indonesia  museum milik koleksi kereta api jaya zaman  museum administratif desa  ambarawa  semarang  museum letak tinggi 474 40 meter daerah operasi iv semarang kelola unit pusat lestari desain arsitektur pt kereta api indonesia perintah provinsi jawa
374,Hutan Pinus Kayon,"Tak dipungkiri Hutan Pinus Kayon Getasan dekat Salatiga ini memang merupakan salah satu tempat wisata yang indah dan memanjakan mata. Pengunjung akan disuguhkan dengan jajaran hutan pinus yang rapi dan asri. Deretan pohon ini pun memang memikat dan tentunya Hutan pinus Kayon atau disebut Hutan pinus Kalipasang bisa menjadi salah satu alternatif wisata keluarga. Selain disana sudah terbilang komplit, jalan-jalan di dalam hutan pun sudah berupa cor. Dengan demikian, tentunya makin memanjakan pengunjung saat explorasi kawasan wisata ini.",Cagar Alam,Semarang,6000,4.4,https://lh5.googleusercontent.com/p/AF1QipPGhhOcRlxqZLNrAOLnh8zE6TpM5IIoQlnra_iw=w509-h240-k-no,"https://www.google.com/maps/place/Hutan+Pinus+Kayon/@-7.395606,110.4517727,17z/data=!3m1!4b1!4m6!3m5!1s0x2e7a7bc27c3337a5:0xc1e726c77e2300b7!8m2!3d-7.395606!4d110.4517727!16s%2Fg%2F11c1wy8zcm?entry=ttu","Hutan Pinus Kayon Cagar Alam Semarang Tak dipungkiri Hutan Pinus Kayon Getasan dekat Salatiga ini memang merupakan salah satu tempat wisata yang indah dan memanjakan mata. Pengunjung akan disuguhkan dengan jajaran hutan pinus yang rapi dan asri. Deretan pohon ini pun memang memikat dan tentunya Hutan pinus Kayon atau disebut Hutan pinus Kalipasang bisa menjadi salah satu alternatif wisata keluarga. Selain disana sudah terbilang komplit, jalan-jalan di dalam hutan pun sudah berupa cor. Dengan demikian, tentunya makin memanjakan pengunjung saat explorasi kawasan wisata ini.",hutan pinus kayon cagar alam semarang dipungkiri hutan pinus kayon getas salatiga salah wisata indah manja mata  unjung suguh jajar hutan pinus rapi asri  deret pohon mikat hutan pinus kayon hutan pinus kalipasang salah alternatif wisata keluarga  sana bilang komplit  jalan hutan cor   manja unjung explorasi kawasan wisata
375,Kota Lama Semarang,"Kota Lama Semarang (bahasa Jawa: ꦏꦸꦛ​ꦭꦩ​ꦱꦼꦩꦫꦁ, translit. Kutha Lama Semarang) adalah suatu kawasan di Semarang yang menjadi pusat perdagangan pada abad 19-20 . Pada masa itu, untuk mengamankan warga dan wilayahnya, kawasan itu dibangun benteng, yang dinamai benteng Vijhoek. Untuk mempercepat jalur perhubungan antar ketiga pintu gerbang dibenteng itu maka dibuat jalan-jalan perhubungan, dengan jalan utamanya dinamai: Heeren Straat. Saat ini bernama Jl. Let Jen Soeprapto. Salah satu lokasi pintu benteng yang ada sampai saat ini adalah Jembatan Berok, yang disebut De Zuider Por.\nKawasan Kota Lama Semarang disebut juga Outstadt. Luas kawasan ini sekitar 31 hektare. Dilihat dari kondisi geografi, tampak bahwa kawasan ini terpisah dengan daerah sekitarnya, sehingga tampak seperti kota tersendiri dengan julukan ""Little Netherland"". Kawasan Kota Lama Semarang ini merupakan saksi bisu sejarah Indonesia masa kolonial Belanda lebih dari 2 abad, dan lokasinya berdampingan dengan kawasan ekonomi. Di tempat ini ada sekitar 50 bangunan kuno yang masih berdiri dengan kukuh dan mempunyai sejarah Kolonialisme di Semarang. Secara umum karakter bangunan di wilayah ini mengikuti bangunan-bangunan di benua Eropa sekitar tahun 1700-an. Hal ini bisa dilihat dari detail bangunan yang khas dan ornamen-ornamen yang identik dengan gaya Eropa. Seperti ukuran pintu dan jendela yang luar biasa besar, penggunaan kaca-kaca berwarna, bentuk atap yang unik, sampai adanya ruang bawah tanah.Seperti kota-kota lainnya yang berada di bawah pemerintahan kolonial Belanda, dibangun pula benteng sebagai pusat militer. Benteng ini berbentuk segi lima dan pertama kali dibangun di sisi barat kota lama Semarang saat ini. Benteng ini hanya memiliki satu gerbang di sisi selatannya dan lima menara pengawas. Masing-masing menara diberinama: Zeeland, Amsterdam, Utrecht, Raamsdonk dan Bunschoten. Pemerintah Belanda memindahkan permukiman Tionghoa pada tahun 1731 di dekat permukiman Belanda, untuk memudahkan penga- wasan terhadap segala aktivitas orang Tionghoa. Oleh sebab itu, Benteng tidak hanya sebagai pusat militer, tetapi juga sebagai menara pengawas bagi segala aktivitas kegiatan orang Tionghoa.\nKota Lama menjadi salah satu ikon primadona bagi warga Kota Semarang sampai Mancanegara turut datang ke Kota Lama ini. Rencananya Kota Lama Semarang akan diajukan oleh Situs Warisan Dunia UNESCO.",Budaya,Semarang,0,4.7,https://lh5.googleusercontent.com/p/AF1QipPgCwihNbkKEYZR7A7UNtIlFnY3dTlcYpKtdtVp=w408-h724-k-no,"https://www.google.com/maps/place/Old+Town+Semarang/@-6.9683012,110.4284367,17z/data=!3m1!4b1!4m6!3m5!1s0x2e70f35649aa5e89:0x36af9cb064c11968!8m2!3d-6.9683012!4d110.4284367!16s%2Fg%2F112yf_64x?entry=ttu","Kota Lama Semarang Budaya Semarang Kota Lama Semarang (bahasa Jawa: ꦏꦸꦛ​ꦭꦩ​ꦱꦼꦩꦫꦁ, translit. Kutha Lama Semarang) adalah suatu kawasan di Semarang yang menjadi pusat perdagangan pada abad 19-20 . Pada masa itu, untuk mengamankan warga dan wilayahnya, kawasan itu dibangun benteng, yang dinamai benteng Vijhoek. Untuk mempercepat jalur perhubungan antar ketiga pintu gerbang dibenteng itu maka dibuat jalan-jalan perhubungan, dengan jalan utamanya dinamai: Heeren Straat. Saat ini bernama Jl. Let Jen Soeprapto. Salah satu lokasi pintu benteng yang ada sampai saat ini adalah Jembatan Berok, yang disebut De Zuider Por.\nKawasan Kota Lama Semarang disebut juga Outstadt. Luas kawasan ini sekitar 31 hektare. Dilihat dari kondisi geografi, tampak bahwa kawasan ini terpisah dengan daerah sekitarnya, sehingga tampak seperti kota tersendiri dengan julukan ""Little Netherland"". Kawasan Kota Lama Semarang ini merupakan saksi bisu sejarah Indonesia masa kolonial Belanda lebih dari 2 abad, dan lokasinya berdampingan dengan kawasan ekonomi. Di tempat ini ada sekitar 50 bangunan kuno yang masih berdiri dengan kukuh dan mempunyai sejarah Kolonialisme di Semarang. Secara umum karakter bangunan di wilayah ini mengikuti bangunan-bangunan di benua Eropa sekitar tahun 1700-an. Hal ini bisa dilihat dari detail bangunan yang khas dan ornamen-ornamen yang identik dengan gaya Eropa. Seperti ukuran pintu dan jendela yang luar biasa besar, penggunaan kaca-kaca berwarna, bentuk atap yang unik, sampai adanya ruang bawah tanah.Seperti kota-kota lainnya yang berada di bawah pemerintahan kolonial Belanda, dibangun pula benteng sebagai pusat militer. Benteng ini berbentuk segi lima dan pertama kali dibangun di sisi barat kota lama Semarang saat ini. Benteng ini hanya memiliki satu gerbang di sisi selatannya dan lima menara pengawas. Masing-masing menara diberinama: Zeeland, Amsterdam, Utrecht, Raamsdonk dan Bunschoten. Pemerintah Belanda memindahkan permukiman Tionghoa pada tahun 1731 di dekat permukiman Belanda, untuk memudahkan penga- wasan terhadap segala aktivitas orang Tionghoa. Oleh sebab itu, Benteng tidak hanya sebagai pusat militer, tetapi juga sebagai menara pengawas bagi segala aktivitas kegiatan orang Tionghoa.\nKota Lama menjadi salah satu ikon primadona bagi warga Kota Semarang sampai Mancanegara turut datang ke Kota Lama ini. Rencananya Kota Lama Semarang akan diajukan oleh Situs Warisan Dunia UNESCO.",kota semarang budaya semarang kota semarang  bahasa jawa    translit  kutha semarang  kawasan semarang pusat dagang abad 19-20   aman warga wilayah  kawasan bangun benteng  nama benteng vijhoek  cepat jalur hubung tiga pintu gerbang benteng jalan hubung  jalan utama nama  heeren straat  nama jl  let jen soeprapto  salah lokasi pintu benteng jembatan berok  de zuider por nkawasan kota semarang outstadt  luas kawasan 31 hektare  kondisi geografi  kawasan pisah daerah  kota sendiri juluk  little netherland   kawasan kota semarang saksi bisu sejarah indonesia kolonial belanda 2 abad  lokasi damping kawasan ekonomi  50 bangun kuno diri kukuh sejarah kolonialisme semarang  karakter bangun wilayah ikut bangun benua eropa 1700-an  detail bangun khas ornamen identik gaya eropa  ukur pintu jendela  guna kaca warna  bentuk atap unik  ruang tanah seperti kota perintah kolonial belanda  bangun benteng pusat militer  benteng bentuk segi kali bangun sisi barat kota semarang  benteng milik gerbang sisi selatan menara awas  menara rama  zeeland  amsterdam  utrecht  raamsdonk bunschoten  perintah belanda pindah mukim tionghoa 1731 mukim belanda  mudah penga- wasan aktivitas orang tionghoa   benteng pusat militer  menara awas aktivitas giat orang tionghoa nkota salah ikon primadona warga kota semarang mancanegara kota  rencana kota semarang aju situs waris dunia unesco
376,Semarang Chinatown,"Terbentuknya Pecinan Semarang tak terlepas dari Geger Pecinan di Batavia (Jakarta tempo dulu) pada 1740. Kala itu warga Tionghoa memberontak pada penguasa Belanda. Buntut dari tragedi tersebut, banyak penduduk keturunan Tiongkok melarikan diri ke sepanjang pantai utara Jawa hingga akhirnya sampai di Semarang. Hingga 1743, pemberontakan masih terus berlangsung hingga akhirnya mampu dihentikan total oleh tentara Belanda. Pemerintah kolonial lantas memutuskan untuk mengumpulkan warga Tionghoa dalam satu lokasi. Setelah sempat menempati daerah Simongan dekat Klenteng Sam Poo Kong, mereka kemudian dipindah ke Kali Semarang hingga akhirnya dikenal sebagai kawasan Pecinan sampai sekarang.",Budaya,Semarang,30000,4.5,https://lh5.googleusercontent.com/p/AF1QipPZm8cZY7Q0fUCqpkwBC505-3dTu9iFjKOCxOQl=w426-h240-k-no,"https://www.google.com/maps/place/Semarang+-+Quartier+Chinois+-+Chinatown/@-6.9749923,110.424954,17z/data=!3m1!4b1!4m6!3m5!1s0x2e70f4aab14d29ab:0xbe7ff6928f077887!8m2!3d-6.9749923!4d110.424954!16s%2Fg%2F11c70dd6bd?entry=ttu","Semarang Chinatown Budaya Semarang Terbentuknya Pecinan Semarang tak terlepas dari Geger Pecinan di Batavia (Jakarta tempo dulu) pada 1740. Kala itu warga Tionghoa memberontak pada penguasa Belanda. Buntut dari tragedi tersebut, banyak penduduk keturunan Tiongkok melarikan diri ke sepanjang pantai utara Jawa hingga akhirnya sampai di Semarang. Hingga 1743, pemberontakan masih terus berlangsung hingga akhirnya mampu dihentikan total oleh tentara Belanda. Pemerintah kolonial lantas memutuskan untuk mengumpulkan warga Tionghoa dalam satu lokasi. Setelah sempat menempati daerah Simongan dekat Klenteng Sam Poo Kong, mereka kemudian dipindah ke Kali Semarang hingga akhirnya dikenal sebagai kawasan Pecinan sampai sekarang.",semarang chinatown budaya semarang bentuk pecinan semarang lepas geger pecinan batavia  jakarta tempo  1740 warga tionghoa berontak kuasa belanda  buntut tragedi  duduk turun tiongkok lari pantai utara jawa semarang  1743  ronta henti total tentara belanda  perintah kolonial lantas putus kumpul warga tionghoa lokasi  tempat daerah simongan klenteng sam poo kong  pindah kali semarang kenal kawasan pecinan
377,La Kana Chapel,"La Kana Chapel menawarkan konsep baru standing party, manjakan selera Anda dengan menu memasak langsung spesial masakan segar ala menit di piring Anda. Ini adalah Tempat Pernikahan Kerajaan di Tempat Terindah di Gunung. Bagi Anda yang menginginkan Sentuhan Kemewahan dan Glamour untuk Pesta Outdoor dan Indoor. Kapel La Kana dapat menampung hingga 48 orang di kapel dan 500 lebih di halaman. Dan ballroom dapat menampung 1000 orang",Taman Hiburan,Semarang,35000,4.5,https://lh5.googleusercontent.com/p/AF1QipOqBiI9ixYuu8QwWL3EDSCaXezWzB5HqYHiixvS=w426-h240-k-no,"https://www.google.com/maps/place/La+Kana+Chapel/@-7.2156923,110.3649392,17z/data=!3m1!4b1!4m6!3m5!1s0x2e708731bd35feed:0xe0f94d28b1ecb25!8m2!3d-7.2156923!4d110.3649392!16s%2Fg%2F1pzsrwch4?entry=ttu","La Kana Chapel Taman Hiburan Semarang La Kana Chapel menawarkan konsep baru standing party, manjakan selera Anda dengan menu memasak langsung spesial masakan segar ala menit di piring Anda. Ini adalah Tempat Pernikahan Kerajaan di Tempat Terindah di Gunung. Bagi Anda yang menginginkan Sentuhan Kemewahan dan Glamour untuk Pesta Outdoor dan Indoor. Kapel La Kana dapat menampung hingga 48 orang di kapel dan 500 lebih di halaman. Dan ballroom dapat menampung 1000 orang",la kana chapel taman hibur semarang la kana chapel tawar konsep standing party  manja selera menu masak langsung spesial masakan segar ala menit piring  nikah raja indah gunung  sentuh mewah glamour pesta outdoor indoor  kapel la kana tampung 48 orang kapel 500 halaman  ballroom tampung 1000 orang
378,Jembatan Biru Ambarawa,"Jembatan ini terletak di Tuntang, Kab. Semarang, Jawa tengah. dekat dengan rawa pening dan Sungai Tuntang. Kalau yang biasa mondar mandir salatiga-semarang, pasti tidak asing dengan yang namanya Jembatan Tuntang. Nah.. Sungai Tuntang ini berada tepat di bawah Jembatan tuntang yang bermuara di Rawa Pening. Bagi pengunjung yang senang berfoto, Wisata Jembatan Biru memiliki beberapa spot foto terbaik, salah satunya adalah di tengah jembatan. Jika beruntung, pengunjung juga akan melihat kereta uap yang melintas di depan tempat Wisata Jembatan Biru. Dari atas jembatan pengunjung juga bisa melihat Gunung Ungaran, Gunung Temoloyo dan juga Gunung Merbabu.",Taman Hiburan,Semarang,0,4.3,https://lh5.googleusercontent.com/p/AF1QipPSyd1o20e1AGbvV1DP4z6VOR_PaYXl7FwyJXOS=w427-h240-k-no,"https://www.google.com/maps/place/Jembatan+Biru+Rawapening/@-7.2678201,110.4483217,17z/data=!3m1!4b1!4m6!3m5!1s0x2e708232bdee3c31:0x3b8da051256f4a64!8m2!3d-7.2678201!4d110.4483217!16s%2Fg%2F11c3_90_6g?entry=ttu","Jembatan Biru Ambarawa Taman Hiburan Semarang Jembatan ini terletak di Tuntang, Kab. Semarang, Jawa tengah. dekat dengan rawa pening dan Sungai Tuntang. Kalau yang biasa mondar mandir salatiga-semarang, pasti tidak asing dengan yang namanya Jembatan Tuntang. Nah.. Sungai Tuntang ini berada tepat di bawah Jembatan tuntang yang bermuara di Rawa Pening. Bagi pengunjung yang senang berfoto, Wisata Jembatan Biru memiliki beberapa spot foto terbaik, salah satunya adalah di tengah jembatan. Jika beruntung, pengunjung juga akan melihat kereta uap yang melintas di depan tempat Wisata Jembatan Biru. Dari atas jembatan pengunjung juga bisa melihat Gunung Ungaran, Gunung Temoloyo dan juga Gunung Merbabu.",jembatan biru ambarawa taman hibur semarang jembatan letak tuntang  kab  semarang  jawa  rawa pening sungai tuntang  mondar mandir salatiga-semarang  asing nama jembatan tuntang   sungai tuntang jembatan tuntang muara rawa pening  unjung senang foto  wisata jembatan biru milik spot foto baik  salah satu jembatan  untung  unjung kereta uap lintas wisata jembatan biru  jembatan unjung gunung ungar  gunung temoloyo gunung merbabu
379,Goa Rong,"Semarang memiliki wisata di ketinggian bernama Goa Rong. Keberadaan kawasan wisata ini menunjukkan bahwa Semarang tak hanya identik dengan Lawang Sewu atau Kota Lama saja. Meskipun bernama Goa Rong, tempat yang menonjol di sini bukanlah gua nya. Melainkan daerah ketinggian dengan pemandangan yang menakjubkan. Sementara di objek wisata ini, bagian gua-nya hanya lorong yang sempit dan tidak memungkinkan dimasuki oleh manusia. Namun sebaliknya, pemandangan yang tersaji dari atas bukitnya begitu menakjubkan. Wisatawan dapat menghabiskan waktu dengan berfoto, menikmati pemandangan, atau kuliner di cafe. Bahkan, tersedia juga fasilitas outbond.",Cagar Alam,Semarang,5000,4.4,https://lh5.googleusercontent.com/p/AF1QipNnPUqq1icGCMHS-d69ck15UVo-dP_8Yx6DRLEb=w408-h408-k-no,"https://www.google.com/maps/place/Goa+Rong+View/@-7.2721621,110.4698457,17z/data=!3m1!4b1!4m6!3m5!1s0x2e708259167202dd:0xcbe04714e3e25dbb!8m2!3d-7.2721621!4d110.4698457!16s%2Fg%2F11bzv5fflv?entry=ttu","Goa Rong Cagar Alam Semarang Semarang memiliki wisata di ketinggian bernama Goa Rong. Keberadaan kawasan wisata ini menunjukkan bahwa Semarang tak hanya identik dengan Lawang Sewu atau Kota Lama saja. Meskipun bernama Goa Rong, tempat yang menonjol di sini bukanlah gua nya. Melainkan daerah ketinggian dengan pemandangan yang menakjubkan. Sementara di objek wisata ini, bagian gua-nya hanya lorong yang sempit dan tidak memungkinkan dimasuki oleh manusia. Namun sebaliknya, pemandangan yang tersaji dari atas bukitnya begitu menakjubkan. Wisatawan dapat menghabiskan waktu dengan berfoto, menikmati pemandangan, atau kuliner di cafe. Bahkan, tersedia juga fasilitas outbond.",goa rong cagar alam semarang semarang milik wisata tinggi nama goa rong  ada kawasan wisata semarang identik lawang sewu kota  nama goa rong  tonjol gua nya  daerah tinggi pandang takjub  objek wisata  gua lorong sempit masuk manusia   pandang saji bukit takjub  wisatawan habis foto  nikmat pandang  kuliner cafe   sedia fasilitas outbond
380,Masjid Agung Ungaran,"Masjid Agung Al-Mabrur berlokasi di Jln. Ahmad Yani, Desa Sidomulyo, Kecamatan Ungaran Tibur, Kabupaten Semarang, Provinsi Jawa Tengah. Masjid ini juga menjadi Masjid Agung Bagi Kabupaten Semarang, Ibukota Provinsi Jawa Tengah. Masjid Agung Al-Mabrur juga dikenal sebelumnya dengan Masjid Ikatan Persaudaraan Haji Indonesia (IPHI). Pembangunan masjid ini dimulai pada tahun 2010 silam dengan pendirian yang mengambil lahan seluas 3.200 meter persegi, dengan luas bangunannya sekitar 1.550 persegi. Karena memang ditujukan untuk menjadi Masjid Agung Kota Semarang, maka bangunan masjid ini pun didirikan tepat menghadap Alun-Alun Kota Semarang, atau lebih dikenal sebagai “Alun-Alun Asmara” dan berseberangan dengan Rumah Dinas Bupati Semarang.",Tempat Ibadah,Semarang,0,4.7,https://lh5.googleusercontent.com/p/AF1QipPC76UPSAuLtFOJUl6YA4mZZX3xnUVDCyiFEDQl=w408-h306-k-no,"https://www.google.com/maps/place/Masjid+Agung+Kabupaten+Semarang/@-7.1350705,110.4088131,17z/data=!3m1!4b1!4m6!3m5!1s0x2e7088a6c9a0838b:0x750092313f6b6696!8m2!3d-7.1350705!4d110.4088131!16s%2Fg%2F11b6zqcql1?entry=ttu","Masjid Agung Ungaran Tempat Ibadah Semarang Masjid Agung Al-Mabrur berlokasi di Jln. Ahmad Yani, Desa Sidomulyo, Kecamatan Ungaran Tibur, Kabupaten Semarang, Provinsi Jawa Tengah. Masjid ini juga menjadi Masjid Agung Bagi Kabupaten Semarang, Ibukota Provinsi Jawa Tengah. Masjid Agung Al-Mabrur juga dikenal sebelumnya dengan Masjid Ikatan Persaudaraan Haji Indonesia (IPHI). Pembangunan masjid ini dimulai pada tahun 2010 silam dengan pendirian yang mengambil lahan seluas 3.200 meter persegi, dengan luas bangunannya sekitar 1.550 persegi. Karena memang ditujukan untuk menjadi Masjid Agung Kota Semarang, maka bangunan masjid ini pun didirikan tepat menghadap Alun-Alun Kota Semarang, atau lebih dikenal sebagai “Alun-Alun Asmara” dan berseberangan dengan Rumah Dinas Bupati Semarang.",masjid agung ungar ibadah semarang masjid agung al-mabrur lokasi jln  ahmad yani  desa sidomulyo  camat ungar tibur  kabupaten semarang  provinsi jawa  masjid masjid agung kabupaten semarang  ibukota provinsi jawa  masjid agung al-mabrur kenal masjid ikat saudara haji indonesia  iphi   bangun masjid 2010 silam diri ambil lahan luas 3 200 meter persegi  luas bangun 1 550 persegi  masjid agung kota semarang  bangun masjid diri hadap alun kota semarang  kenal  alun asmara  berangan rumah dinas bupati semarang
381,Tugu Muda Semarang,"Tugu Muda (""Monumen Pemuda"" Indonesia) adalah sebuah monumen batu di Semarang, Jawa memperingati perjuangan kemerdekaan oleh pemuda Indonesia. Itu didedikasikan oleh Presiden Sukarno pada 20 Mei 1953 untuk memperingati pertempuran lima hari terus menerus antara pemuda Semarang dan batalyon Jepang yang dipimpin oleh Mayor Kido dari 14-19 Oktober 1945. Pasukan Jepang mengusir Belanda dari Indonesia sebagai ""kakak laki-laki Asia""; namun, Jepang lebih kejam terhadap pembangkang daripada rekan-rekan Belanda mereka. Tugu batu tersebut terdiri dari sebuah pondasi, badan dan kepala. Satu sisi tugu dibuat dalam relief, dengan kolam hias dan taman yang mengelilinginya.",Budaya,Semarang,0,4.7,https://lh5.googleusercontent.com/p/AF1QipOOol5vEs2s5pECebtCRKhW1TuHVEHYkKNDC6SO=w408-h272-k-no,"https://www.google.com/maps/place/Tugu+Muda+Semarang/@-6.9843176,110.4093244,17z/data=!3m1!4b1!4m6!3m5!1s0x2e708bbd7f1a5095:0xf65ef341c1525c5a!8m2!3d-6.9843176!4d110.4093244!16s%2Fm%2F0kbhnq7?entry=ttu","Tugu Muda Semarang Budaya Semarang Tugu Muda (""Monumen Pemuda"" Indonesia) adalah sebuah monumen batu di Semarang, Jawa memperingati perjuangan kemerdekaan oleh pemuda Indonesia. Itu didedikasikan oleh Presiden Sukarno pada 20 Mei 1953 untuk memperingati pertempuran lima hari terus menerus antara pemuda Semarang dan batalyon Jepang yang dipimpin oleh Mayor Kido dari 14-19 Oktober 1945. Pasukan Jepang mengusir Belanda dari Indonesia sebagai ""kakak laki-laki Asia""; namun, Jepang lebih kejam terhadap pembangkang daripada rekan-rekan Belanda mereka. Tugu batu tersebut terdiri dari sebuah pondasi, badan dan kepala. Satu sisi tugu dibuat dalam relief, dengan kolam hias dan taman yang mengelilinginya.",tugu muda semarang budaya semarang tugu muda   monumen pemuda  indonesia  monumen batu semarang  jawa ingat juang merdeka pemuda indonesia  dedikasi presiden sukarno 20 mei 1953 ingat tempur terus pemuda semarang batalyon jepang pimpin mayor kido 14-19 oktober 1945 pasu jepang usir belanda indonesia  kakak laki asia    jepang kejam bangkang rekan belanda  tugu batu pondasi  badan kepala  sisi tugu relief  kolam hias taman keliling
382,Kampoeng Kopi Banaran,"Kampoeng Kopi Banaran, sebuah agro wisata perkebunan kopi di Kabupaten Semarang. Tempat wisata ini memiliki luas 462 hektar yang sebagian dijadikan resort dan tempat wisata. Lokasinya berada di Areal Perkebunan Kopi Kebun Getas Afdeling Assinan tepatnya Jl. Raya Semarang – Solo Km. 35. Lokasi Kampoeng Kopi Banaran yang berada di ketinggian 480 – 600m dpl membuat suhu udara disana sejuk antara 23ºC – 27ºC. Jadi cocok banget buat pelesir mencari udara dingin dan segar dengan pemandangan indah. Menghilangkan penat kesibukan Kota besar, di tengah perkebunan yang asri.",Taman Hiburan,Semarang,200000,4.4,https://lh5.googleusercontent.com/p/AF1QipMQLQMBsir_9LyWn6D9X6e-T-jTL2_nocYXd0ku=w408-h306-k-no,"https://www.google.com/maps/place/Kampoeng+Kopi+Banaran/@-7.2538882,110.4418764,17z/data=!3m1!4b1!4m6!3m5!1s0x2e7a707c0265d2fb:0x739dbafd46b129d1!8m2!3d-7.2538882!4d110.4418764!16s%2Fg%2F1hf2cpj6d?entry=ttu","Kampoeng Kopi Banaran Taman Hiburan Semarang Kampoeng Kopi Banaran, sebuah agro wisata perkebunan kopi di Kabupaten Semarang. Tempat wisata ini memiliki luas 462 hektar yang sebagian dijadikan resort dan tempat wisata. Lokasinya berada di Areal Perkebunan Kopi Kebun Getas Afdeling Assinan tepatnya Jl. Raya Semarang – Solo Km. 35. Lokasi Kampoeng Kopi Banaran yang berada di ketinggian 480 – 600m dpl membuat suhu udara disana sejuk antara 23ºC – 27ºC. Jadi cocok banget buat pelesir mencari udara dingin dan segar dengan pemandangan indah. Menghilangkan penat kesibukan Kota besar, di tengah perkebunan yang asri.",kampoeng kopi banar taman hibur semarang kampoeng kopi banar  agro wisata kebun kopi kabupaten semarang  wisata milik luas 462 hektar jadi resort wisata  lokasi areal kebun kopi kebun getas afdeling assinan tepat jl  raya semarang  solo km  35 lokasi kampoeng kopi banar tinggi 480  600m dpl suhu udara sana sejuk 23 c  27 c  cocok banget pelesir cari udara dingin segar pandang indah  hilang penat sibuk kota  kebun asri
383,Taman Tabanas,"Taman Tabanas merupakan sebuah taman yang letaknya berada di Tanjakan Gombel Semarang. Dari Taman Tabanas Semarang ini pengunjung bisa melihat landscape pemandangan kota Semarang menjadikan Taman Tabanas ini menjadi salah satu daya tarik untuk dikunjungi. Di sekitar Taman Tabanas Semarang ini terdapat Cafe, Resto dan Hotel, yang menambah indah dan menjadi satu daya tarik tersendiri Taman Tabanas Semarang. Taman Tabanas juga memiliki nama Gardu Pandang Gombel Semarang meski warga Semarang sendiri lebih mengnal taman ini dengan nama Taman Tabanas.",Taman Hiburan,Semarang,0,4.4,https://lh5.googleusercontent.com/p/AF1QipP_0qTaVtEEyfhwcYyAv4NQU4jZlejwNKuy7zFs=w408-h544-k-no,"https://www.google.com/maps/place/Tabanas+Park+Semarang/@-7.0388032,110.4215576,17z/data=!3m1!4b1!4m6!3m5!1s0x2e708bf48af86f7f:0x8e19cfaf93303d94!8m2!3d-7.0388032!4d110.4215576!16s%2Fg%2F11g8yccpzt?entry=ttu","Taman Tabanas Taman Hiburan Semarang Taman Tabanas merupakan sebuah taman yang letaknya berada di Tanjakan Gombel Semarang. Dari Taman Tabanas Semarang ini pengunjung bisa melihat landscape pemandangan kota Semarang menjadikan Taman Tabanas ini menjadi salah satu daya tarik untuk dikunjungi. Di sekitar Taman Tabanas Semarang ini terdapat Cafe, Resto dan Hotel, yang menambah indah dan menjadi satu daya tarik tersendiri Taman Tabanas Semarang. Taman Tabanas juga memiliki nama Gardu Pandang Gombel Semarang meski warga Semarang sendiri lebih mengnal taman ini dengan nama Taman Tabanas.",taman tabanas taman hibur semarang taman tabanas taman letak tanjak gombel semarang  taman tabanas semarang unjung landscape pandang kota semarang jadi taman tabanas salah daya tarik kunjung  taman tabanas semarang cafe  resto hotel  tambah indah daya tarik sendiri taman tabanas semarang  taman tabanas milik nama gardu pandang gombel semarang warga semarang mengnal taman nama taman tabanas
384,Kampung Tematik Jawi,"Tak dipungkiri lagi kalau Kampung Jawi Gunungpati Semarang memang sudah viral bahkan banyak dikunjungi masyarakat. Padahal wisata kuliner ini berawal dari kampung kecil, namun kini sudah banyak didatangi baik dari penduduk lokal hingga luar kota. Ketenaran pun kini juga kerap menghiasi lama sosmed. Saat mengunjungi Kampung Jawi Gunungpati ini kamu bisa merasakan atmosfer pedesaan tempo dulu. Selain itu, nuansa malam juga damai dan malam plus pencahayaan yang remang-remang, karena memang pakai lampu Sentir (lampu minyak). Jadi asik banget kalau untuk nongkrong lama-lama.",Budaya,Semarang,0,4.6,https://lh5.googleusercontent.com/p/AF1QipM2YizTD47aoPRAvX7BHoHFMHSp_Pan0UiJFmDp=w426-h240-k-no,"https://www.google.com/maps/place/Thematic+Attraction+Kampung+Jawi/@-7.0290974,110.3775382,17z/data=!3m1!4b1!4m6!3m5!1s0x2e708bad52967f5b:0xb796b648aa51c4ee!8m2!3d-7.0290974!4d110.3775382!16s%2Fg%2F11g6xh1pgj?entry=ttu","Kampung Tematik Jawi Budaya Semarang Tak dipungkiri lagi kalau Kampung Jawi Gunungpati Semarang memang sudah viral bahkan banyak dikunjungi masyarakat. Padahal wisata kuliner ini berawal dari kampung kecil, namun kini sudah banyak didatangi baik dari penduduk lokal hingga luar kota. Ketenaran pun kini juga kerap menghiasi lama sosmed. Saat mengunjungi Kampung Jawi Gunungpati ini kamu bisa merasakan atmosfer pedesaan tempo dulu. Selain itu, nuansa malam juga damai dan malam plus pencahayaan yang remang-remang, karena memang pakai lampu Sentir (lampu minyak). Jadi asik banget kalau untuk nongkrong lama-lama.",kampung tematik jawi budaya semarang dipungkiri kampung jawi gunungpati semarang viral kunjung masyarakat  wisata kuliner kampung  datang duduk lokal kota  tenar kerap hias sosmed  unjung kampung jawi gunungpati rasa atmosfer desa tempo   nuansa malam damai malam plus cahaya remang  pakai lampu sentir  lampu minyak   asik banget nongkrong lama
385,Kampung Batik Gedong Semarang,"Kampung Batik Semarang merupakan salah satu kampung di Kota Semarang yang unik dan menarik yang selalu dikaitkan dengan batik Semarang sejak zaman dulu hingga sekarang. Kampung Batik Semarang ini letaknya ada di seputar daerah Bubagan Semarang. Kampung Batik Semarang dalam sejarah dari tahun 1970 sampai 1980 an, pada saat itu mati total tidak ada aktivitas membatik. Baru kemudian pada tahun 2005 mulai ada kegiatan, hal ini berlangsung karena ada anggapan “kok namanya Kampung Batik Semarang”. Akan tetapi, kok tidak ada orang yang membatik, maka mulailah kegiatan seperti pelatihan membatik sering digalakan, hal ini bertujuan untuk memfasilitasi dan merevitalisasi Kampung Batik Semarang. Pada waktu itu terkenal dengan Batik Krajan, Batik Gedong, Batik Tengah, Batik Malang, Batik Kubur Sari dan Batik Kandang Wedus yang terkenal dengan motifnya sendiri-sendiri. Akan tetapi sayang motif itu tidak terekam secara visual, dan ini sebenarnya menjadi harta karun yang belum ditemukan sampai sekarang visual pada motif batik-batik ini.",Budaya,Semarang,0,4.4,https://lh5.googleusercontent.com/p/AF1QipNGYDpb36XS_h1zVrwns1u_4orgdDTZgr_2U-eB=w426-h240-k-no,"https://www.google.com/maps/place/Kampung+Batik+Gedong+Semarang/@-6.9688821,110.4318692,17z/data=!3m1!4b1!4m6!3m5!1s0x2e70f356bb103405:0x5be6eccb461174cf!8m2!3d-6.9688821!4d110.4318692!16s%2Fg%2F11c31rw21m?entry=ttu","Kampung Batik Gedong Semarang Budaya Semarang Kampung Batik Semarang merupakan salah satu kampung di Kota Semarang yang unik dan menarik yang selalu dikaitkan dengan batik Semarang sejak zaman dulu hingga sekarang. Kampung Batik Semarang ini letaknya ada di seputar daerah Bubagan Semarang. Kampung Batik Semarang dalam sejarah dari tahun 1970 sampai 1980 an, pada saat itu mati total tidak ada aktivitas membatik. Baru kemudian pada tahun 2005 mulai ada kegiatan, hal ini berlangsung karena ada anggapan “kok namanya Kampung Batik Semarang”. Akan tetapi, kok tidak ada orang yang membatik, maka mulailah kegiatan seperti pelatihan membatik sering digalakan, hal ini bertujuan untuk memfasilitasi dan merevitalisasi Kampung Batik Semarang. Pada waktu itu terkenal dengan Batik Krajan, Batik Gedong, Batik Tengah, Batik Malang, Batik Kubur Sari dan Batik Kandang Wedus yang terkenal dengan motifnya sendiri-sendiri. Akan tetapi sayang motif itu tidak terekam secara visual, dan ini sebenarnya menjadi harta karun yang belum ditemukan sampai sekarang visual pada motif batik-batik ini.",kampung batik gedong semarang budaya semarang kampung batik semarang salah kampung kota semarang unik tarik kait batik semarang zaman  kampung batik semarang letak putar daerah bubagan semarang  kampung batik semarang sejarah 1970 1980 an  mati total aktivitas batik  2005 giat  anggap  nama kampung batik semarang    orang batik  giat latih batik gala  tuju fasilitas revitalisasi kampung batik semarang  kenal batik krajan  batik gedong  batik  batik malang  batik kubur sari batik kandang wedus kenal motif sendiri  sayang motif rekam visual  harta karun temu visual motif batik
386,Air Terjun Semirang,"Terletak di lereng Gunung Ungaran bagian utara, terdapat sebuah air terjun yang eksotis dengan kolam renang yang berwarna hijau yang dikelilingi popohonan dan kesejukan udara pegunungan. Nama lokasi tersebut adalah Air Terjun Semirang atau disebut juga Curug Semirang. Dan masyarakat Semarang menyebutnya dengan Curug Semarang. Karena keindahannya lokasi wisata ini sering dikunjungi oleh para wisatawan pada saat hari-hari biasa, apalagi saat liburan tiba. Air terjun Semirang atau Curug Semirang berada di kawasan hutan lindung dengan luas 10 hektar di bawah pengelolaan perum perhutani. Adapun air terjun ini memiliki ketinggian sekitar 45 meter. Jarak lokasi parkiran dengan lokasi air terjun sekitar 500 meter. Dan selama perjalanan, para pengunjung akan disuguhkan pemandangan alam yang masih asri dengan kesegaran udara yang sangat sejuk.",Cagar Alam,Semarang,9000,4.5,https://lh5.googleusercontent.com/p/AF1QipMEX1OtYT1DVTytTev3fJ3CPH6IpKIoSvdn_5HD=w1016-h240-k-no,"https://www.google.com/maps/place/Semirang+Waterfall/@-7.1662971,110.381068,17z/data=!3m1!4b1!4m6!3m5!1s0x2e70864c087fff87:0xd9f813952d57e558!8m2!3d-7.1662971!4d110.381068!16s%2Fg%2F11fyzg4k05?entry=ttu","Air Terjun Semirang Cagar Alam Semarang Terletak di lereng Gunung Ungaran bagian utara, terdapat sebuah air terjun yang eksotis dengan kolam renang yang berwarna hijau yang dikelilingi popohonan dan kesejukan udara pegunungan. Nama lokasi tersebut adalah Air Terjun Semirang atau disebut juga Curug Semirang. Dan masyarakat Semarang menyebutnya dengan Curug Semarang. Karena keindahannya lokasi wisata ini sering dikunjungi oleh para wisatawan pada saat hari-hari biasa, apalagi saat liburan tiba. Air terjun Semirang atau Curug Semirang berada di kawasan hutan lindung dengan luas 10 hektar di bawah pengelolaan perum perhutani. Adapun air terjun ini memiliki ketinggian sekitar 45 meter. Jarak lokasi parkiran dengan lokasi air terjun sekitar 500 meter. Dan selama perjalanan, para pengunjung akan disuguhkan pemandangan alam yang masih asri dengan kesegaran udara yang sangat sejuk.",air terjun semirang cagar alam semarang letak lereng gunung ungar utara  air terjun eksotis kolam renang warna hijau keliling popohonan sejuk udara gunung  nama lokasi air terjun semirang curug semirang  masyarakat semarang sebut curug semarang  indah lokasi wisata kunjung wisatawan hari  libur  air terjun semirang curug semirang kawasan hutan lindung luas 10 hektar kelola perum hutan  air terjun milik tinggi 45 meter  jarak lokasi parkir lokasi air terjun 500 meter  jalan  unjung suguh pandang alam asri segar udara sejuk
387,Obyek Wisata Goa Kreo,"Goa Kreo Semarang yang berada di ibukota Jawa Tengah ini begitu hit di kalangan netizen. Tak heran jika cuaca cerah, antrian menuju ke sana begitu mengular. Meski tak ada angkutan umum menuju ke sana, tak menghalangi rasa penasaran wisatawan. Gua ini terbentuk secara alami yang membedakan gua ini dengan gua lainnya adalah letaknya. lokasinya terletak di tengah waduk jatibarang, sebuah bendungan yang membendung Sungai Kreo.",Cagar Alam,Semarang,5500,4.3,https://lh5.googleusercontent.com/p/AF1QipNrtg7Y8Bg5YFGw_fncOobe-t-NC9Bq6rfMJA0D=w408-h272-k-no,"https://www.google.com/maps/place/Obyek+Wisata+Goa+Kreo/@-7.0388104,110.3509462,17z/data=!3m1!4b1!4m6!3m5!1s0x2e708a3f2cf58ddb:0x2e396176ca27c669!8m2!3d-7.0388104!4d110.3509462!16s%2Fg%2F12b02lq9g?entry=ttu","Obyek Wisata Goa Kreo Cagar Alam Semarang Goa Kreo Semarang yang berada di ibukota Jawa Tengah ini begitu hit di kalangan netizen. Tak heran jika cuaca cerah, antrian menuju ke sana begitu mengular. Meski tak ada angkutan umum menuju ke sana, tak menghalangi rasa penasaran wisatawan. Gua ini terbentuk secara alami yang membedakan gua ini dengan gua lainnya adalah letaknya. lokasinya terletak di tengah waduk jatibarang, sebuah bendungan yang membendung Sungai Kreo.",obyek wisata goa kreo cagar alam semarang goa kreo semarang ibukota jawa hit kalang netizen  heran cuaca cerah  antri ular  angkut  halang penasaran wisatawan  gua bentuk alami beda gua gua letak  lokasi letak waduk jatibarang  bendung bendung sungai kreo
388,Watu Gunung Ungaran,"Objek wisata alam memang sangat cocok dikunjungi, terlebih saat akhir pekan. Ditambah lagi, lokasi objek wisata yang tidak terlalu jauh dari pusat kota. Seperti objek wisata Watu Gunung yang ada di Ungaran, Kota Semarang. Berkunjung ke wisata alam dapat membuat pikiran menjadi segar. Terlebih, objek wisata ini menawarkan wisata alam dan air yang menawan. Selain itu, dipadukan juga dengan nuansa adat Jawa yang khas. Dulunya, kawasan Watu Gunung ini bukanlah suatu objek wisata. Hanya tanah yang ditumbuhi pohon pala dan cengkeh yang lebat. Sayangnya, kawasan tersebut gersang dan susah mendapatkan air. Kemudian, di tahun 2004 sang pemilik berinisiatif untuk mendirikan villa pribadi. Dan lama kelamaan, dibuatlah objek wisata yang dibuka untuk umum. Dengan tetap mempertahankan bangunan joglo sebagai ciri khasnya.",Cagar Alam,Semarang,25000,4.3,https://lh5.googleusercontent.com/p/AF1QipObKbrkFVQVOpVynupQWe6wWaN6IPYrCv-RETb2=w408-h302-k-no,"https://www.google.com/maps/place/Watu+Gunung/@-7.1298066,110.388832,17z/data=!3m1!4b1!4m6!3m5!1s0x2e70818626b52037:0x6e0804ea44384d66!8m2!3d-7.1298066!4d110.388832!16s%2Fg%2F11b6slr2nz?entry=ttu","Watu Gunung Ungaran Cagar Alam Semarang Objek wisata alam memang sangat cocok dikunjungi, terlebih saat akhir pekan. Ditambah lagi, lokasi objek wisata yang tidak terlalu jauh dari pusat kota. Seperti objek wisata Watu Gunung yang ada di Ungaran, Kota Semarang. Berkunjung ke wisata alam dapat membuat pikiran menjadi segar. Terlebih, objek wisata ini menawarkan wisata alam dan air yang menawan. Selain itu, dipadukan juga dengan nuansa adat Jawa yang khas. Dulunya, kawasan Watu Gunung ini bukanlah suatu objek wisata. Hanya tanah yang ditumbuhi pohon pala dan cengkeh yang lebat. Sayangnya, kawasan tersebut gersang dan susah mendapatkan air. Kemudian, di tahun 2004 sang pemilik berinisiatif untuk mendirikan villa pribadi. Dan lama kelamaan, dibuatlah objek wisata yang dibuka untuk umum. Dengan tetap mempertahankan bangunan joglo sebagai ciri khasnya.",watu gunung ungar cagar alam semarang objek wisata alam cocok kunjung  pekan  tambah  lokasi objek wisata pusat kota  objek wisata watu gunung ungar  kota semarang  kunjung wisata alam pikir segar   objek wisata tawar wisata alam air tawan   padu nuansa adat jawa khas  dulunya  kawasan watu gunung objek wisata  tanah tumbuh pohon pala cengkeh lebat  sayang  kawasan gersang susah air   2004 sang milik inisiatif diri villa pribadi   buat objek wisata buka  tahan bangun joglo ciri khas
389,Brown Canyon,"Di Indonesia, Brown Canyon adalah sebuah bekas penambangan tanah di Meteseh, Tembalang, Semarang. Lokasi ini menjadi salah satu lokasi (bukan tempat wisata) yang populer di Semarang dan dianggap mirip dengan Grand Canyon di Amerika Serikat. Kemiripan ini terletak pada bukit-bukit yang berubah menjadi tebing-tebing curam.",Cagar Alam,Semarang,0,4.2,https://lh5.googleusercontent.com/p/AF1QipN0lJQtD3btgoJKS9e8AnhY_z2qi7Vzvt3MkstB=w426-h240-k-no,"https://www.google.com/maps/place/Brown+Canyon/@-7.0565164,110.4862531,17z/data=!3m1!4b1!4m6!3m5!1s0x2e708e7e1d16e6c7:0x38cd451e8fbddbc4!8m2!3d-7.0565164!4d110.4862531!16s%2Fg%2F11css5ykx5?entry=ttu","Brown Canyon Cagar Alam Semarang Di Indonesia, Brown Canyon adalah sebuah bekas penambangan tanah di Meteseh, Tembalang, Semarang. Lokasi ini menjadi salah satu lokasi (bukan tempat wisata) yang populer di Semarang dan dianggap mirip dengan Grand Canyon di Amerika Serikat. Kemiripan ini terletak pada bukit-bukit yang berubah menjadi tebing-tebing curam.",brown canyon cagar alam semarang indonesia  brown canyon bekas tambang tanah meteseh  tembalang  semarang  lokasi salah lokasi  wisata  populer semarang anggap grand canyon amerika serikat  mirip letak bukit ubah tebing curam
390,Durian Gardens and Tourism Education Watu Simbar,"Perlu diketahui, watu simbar ini merupakan lokasi wisata yang menawarkan edukasi dari berbagai macam pohon durian. Walaupun terkesan biasa saja, hal tersebut lah yang sebenarnya menjadi keunikan tempat ini. Apabila seseorang datang kemari, orang tersebut akan bisa mempelajari banyak hal tentang pohon durian. Selain bisa mempelejari berbagai macam hal tentang pohon durian tersebut, tentu lah para pengunjung pun bisa membeli durian yang berada disana.",Cagar Alam,Semarang,5000,4.1,https://lh5.googleusercontent.com/p/AF1QipOnBMMJQByAObYpNoW8CXKYZhlztGHlIFHb2PQw=w408-h305-k-no,"https://google.com/maps/place/Kebun+Durian+dan+Wisata+Edukasi+Watu+Simbar/@-7.096292,110.3903471,17z/data=!3m1!4b1!4m6!3m5!1s0x2e70890faff95e3d:0x4ced19da23f42e4f!8m2!3d-7.096292!4d110.3903471!16s%2Fg%2F1pzr5rc3q?entry=ttu","Durian Gardens and Tourism Education Watu Simbar Cagar Alam Semarang Perlu diketahui, watu simbar ini merupakan lokasi wisata yang menawarkan edukasi dari berbagai macam pohon durian. Walaupun terkesan biasa saja, hal tersebut lah yang sebenarnya menjadi keunikan tempat ini. Apabila seseorang datang kemari, orang tersebut akan bisa mempelajari banyak hal tentang pohon durian. Selain bisa mempelejari berbagai macam hal tentang pohon durian tersebut, tentu lah para pengunjung pun bisa membeli durian yang berada disana.",durian gardens and tourism education watu simbar cagar alam semarang  watu simbar lokasi wisata tawar edukasi pohon durian  kes  uni  kemari  orang ajar pohon durian  lejar pohon durian  unjung beli durian sana
391,Flower Farm Setiya Aji,"Di taman bunga Setiya Aji Flower Farm kita bisa melihat warna-warni bunga krisan yang terlihat sangat cantik. Selain itu lokasinya yang berada di dataran tinggi membuat udara di kebun bunga Bandungan ini terasa cukup segar. Taman bunga Setiya Aji Flower Farm Bandungan ini dalam sekejab menarik perhatian wisatawan, terutama kalangan anak muda yang penasaran ingin melihat keindahan bunga-bunga di tempat wisata Semarang tersebut. Kini Setiya Aji Flower Farm menjadi salah satu tempat wisata favorit di Bandungan yang wajib dikunjungi, terutama bagi wisatawan yang sedang mencari objek wisata romantis di Kabupaten Semarang selain di Gedong Songo.",Cagar Alam,Semarang,7500,4.1,https://lh5.googleusercontent.com/p/AF1QipP8pUMu7UxffZ_WemZ_Xk8yjXT37skRbyjZQRJM=w408-h306-k-no,"https://www.google.com/maps/place/setiya+aji+flower+farm/@-7.2298507,110.3801637,17z/data=!3m1!4b1!4m6!3m5!1s0x2e7080d579350f21:0x6820e1d4a4b422!8m2!3d-7.2298507!4d110.3801637!16s%2Fg%2F11c31tj_dw?entry=ttu","Flower Farm Setiya Aji Cagar Alam Semarang Di taman bunga Setiya Aji Flower Farm kita bisa melihat warna-warni bunga krisan yang terlihat sangat cantik. Selain itu lokasinya yang berada di dataran tinggi membuat udara di kebun bunga Bandungan ini terasa cukup segar. Taman bunga Setiya Aji Flower Farm Bandungan ini dalam sekejab menarik perhatian wisatawan, terutama kalangan anak muda yang penasaran ingin melihat keindahan bunga-bunga di tempat wisata Semarang tersebut. Kini Setiya Aji Flower Farm menjadi salah satu tempat wisata favorit di Bandungan yang wajib dikunjungi, terutama bagi wisatawan yang sedang mencari objek wisata romantis di Kabupaten Semarang selain di Gedong Songo.",flower farm setiya aji cagar alam semarang taman bunga setiya aji flower farm warna-warni bunga krisan cantik  lokasi datar udara kebun bunga bandung segar  taman bunga setiya aji flower farm bandung jab tarik perhati wisatawan  kalang anak muda penasaran indah bunga wisata semarang  setiya aji flower farm salah wisata favorit bandung wajib kunjung  wisatawan cari objek wisata romantis kabupaten semarang gedong songo
392,Ekowisata Mangrove Wonorejo,"Hutan Wisata Mangrove Surabaya merupakan wisata yang menggabungkan wisata rekreasi dan edukasi. Di area dengan luas kurang lebih 200 hektar ini ditanami berbagai tanaman bakau. Lokasi wisata ini dikelola dengan baik oleh pemerintah Kota Surabaya. Sehingga wisata ini diminati pengunjung karena tertata rapi dan bersih. Aktivitas wisata yang bisa dilakukan antara lain berkeliling hutan mangrove baik menggunakan perahu atau berjalan kaki . Serta wisata edukasi mengenai ekosistem sekitar.
",Cagar Alam,Surabaya,0,4.3,https://lh5.googleusercontent.com/p/AF1QipMhp9Z3Y8X5TMKrLzCPSbhwgJH-Iqla0OK-G7Xi=w408-h544-k-no,"https://www.google.com/maps/place/Mangrove+Wonorejo+Ecotourism/@-7.3074377,112.822921,17z/data=!3m1!4b1!4m6!3m5!1s0x2dd7f064d69009bd:0xb47f9fdd085dae10!8m2!3d-7.3074377!4d112.822921!16s%2Fg%2F11g9w5qv7m?entry=ttu","Ekowisata Mangrove Wonorejo Cagar Alam Surabaya Hutan Wisata Mangrove Surabaya merupakan wisata yang menggabungkan wisata rekreasi dan edukasi. Di area dengan luas kurang lebih 200 hektar ini ditanami berbagai tanaman bakau. Lokasi wisata ini dikelola dengan baik oleh pemerintah Kota Surabaya. Sehingga wisata ini diminati pengunjung karena tertata rapi dan bersih. Aktivitas wisata yang bisa dilakukan antara lain berkeliling hutan mangrove baik menggunakan perahu atau berjalan kaki . Serta wisata edukasi mengenai ekosistem sekitar.
",ekowisata mangrove wonorejo cagar alam surabaya hutan wisata mangrove surabaya wisata gabung wisata rekreasi edukasi  area luas 200 hektar tanam tanam bakau  lokasi wisata kelola perintah kota surabaya  wisata mati unjung tata rapi bersih  aktivitas wisata keliling hutan mangrove perahu jalan kaki  wisata edukasi ekosistem
393,Taman Harmoni Keputih,"Tempat tersebut ialah Taman Hatmoni Keputih Surabaya yang memiliki segudang koleksi bunga warna-warni. Dulunya tempat ini merupakan lokasi pembuangan sampah atau TPA, namun kini bertransformasi menjadi sebuah wisata taman yang sangat cantik. Bukan hanya cantik, namun bunga-bunga yang bermekaran di Taman Harmoni terlihat sangat instagramable, sehingga tak heran jika mayoritas pengunjung tempat ini merupakan para kaum kawula muda penggiat sosial media. Lantas berapa sih budget untuk memasuki kawasan Taman Harmoni Surabaya ini? Kamu nggak perlu khawatir, karena harga tiket masuk Taman Harmoni Keputih Surabaya ini gratis. Kamu hanya perlu menyiapkan kocek untuk membayar karcis parkir saja.",Cagar Alam,Surabaya,0,4.5,https://lh5.googleusercontent.com/p/AF1QipMz_XR-We8fC17dCWYg_ON8pbxP19wtVeIE7e_h=w426-h240-k-no,"https://www.google.com/maps/place/Taman+Harmoni+Keputih/@-7.2952211,112.8035603,17z/data=!3m1!4b1!4m6!3m5!1s0x2dd7fa7a177ebfbd:0x94c826f638ea1d55!8m2!3d-7.2952211!4d112.8035603!16s%2Fg%2F11cjj1kf5k?entry=ttu","Taman Harmoni Keputih Cagar Alam Surabaya Tempat tersebut ialah Taman Hatmoni Keputih Surabaya yang memiliki segudang koleksi bunga warna-warni. Dulunya tempat ini merupakan lokasi pembuangan sampah atau TPA, namun kini bertransformasi menjadi sebuah wisata taman yang sangat cantik. Bukan hanya cantik, namun bunga-bunga yang bermekaran di Taman Harmoni terlihat sangat instagramable, sehingga tak heran jika mayoritas pengunjung tempat ini merupakan para kaum kawula muda penggiat sosial media. Lantas berapa sih budget untuk memasuki kawasan Taman Harmoni Surabaya ini? Kamu nggak perlu khawatir, karena harga tiket masuk Taman Harmoni Keputih Surabaya ini gratis. Kamu hanya perlu menyiapkan kocek untuk membayar karcis parkir saja.",taman harmoni putih cagar alam surabaya taman hatmoni putih surabaya milik gudang koleksi bunga warna-warni  dulunya lokasi buang sampah tpa  transformasi wisata taman cantik  cantik  bunga mekar taman harmoni instagramable  heran mayoritas unjung kaum kawula muda giat sosial media  lantas sih budget pasuk kawasan taman harmoni surabaya  nggak khawatir  harga tiket masuk taman harmoni putih surabaya gratis  kocek bayar karcis parkir
394,Air Mancur Menari,"Jembatan Kenjeran dengan air mancur menarinya sejatinya bukan hanya sebuah jembatan penghubung jalan saja, namun juga dimanfaatkan sebagai destinasi wisata oleh pemerintah kota Surabaya. Posisi air mancur menari sendiri berada di ujung jembatan Kenjeran dekat dengan anjungan penyeberangan atau di Taman Hiburan Pantai (THP). Lokasi ini sangat ramah kaum difabel karena tersedia lift yang dapat mereka gunakan untuk mempermudah perjalanan mereka. Sembari menunggu pertunjukan air mancur menari yang spektakuler di jembatan Kenjeran ini, Anda dapat menikmati pemandangan indah matahari terbenam (sunset) di jembatan ini. Jangan lewatkan untuk berfoto dengan laut lepas yang memesona sebagai latar belakangnya. Anda juga dapat menikmati berbagai kuliner lezat khas Jawa Timur di lokasi ini karena banyak pedagang kaki lima yang berjualan di sini. Berbagai mainan anak-anak pun dijual di lokasi ini. Jadi tidak perlu kuatir bahwa anak-anak akan merasa bosan menunggu pertunjukan air mancur menari yang mereka tunggu-tunggu. Silakan atur jadwal kunjungan Anda untuk menyaksikan taman air mancur menari Kenjeran ini dan buktikan sendiri keindahannya. Pastikan bahwa mobilitas Anda terjamin dengan sewa mobil Surabaya karena di lokasi ini masih minim transportasi online pada malam hari.",Taman Hiburan,Surabaya,35000,4.5,https://lh5.googleusercontent.com/p/AF1QipO5rrohzbOpSBhhqpyL8dZJPa8L7t_ME-GStZCo=w408-h275-k-no,"https://www.google.com/maps/place/Taman+Air+Mancur+Menari+Kenjeran/@-7.237401,112.7152545,11.75z/data=!4m10!1m2!2m1!1sair+mancur+menari!3m6!1s0x2dd7f9c4fb73a6d3:0x3f849d545ee0ea29!8m2!3d-7.2356933!4d112.7955234!15sChFhaXIgbWFuY3VyIG1lbmFyaVoTIhFhaXIgbWFuY3VyIG1lbmFyaZIBEnRvdXJpc3RfYXR0cmFjdGlvbuABAA!16s%2Fg%2F11cly1qhkp?entry=ttu","Air Mancur Menari Taman Hiburan Surabaya Jembatan Kenjeran dengan air mancur menarinya sejatinya bukan hanya sebuah jembatan penghubung jalan saja, namun juga dimanfaatkan sebagai destinasi wisata oleh pemerintah kota Surabaya. Posisi air mancur menari sendiri berada di ujung jembatan Kenjeran dekat dengan anjungan penyeberangan atau di Taman Hiburan Pantai (THP). Lokasi ini sangat ramah kaum difabel karena tersedia lift yang dapat mereka gunakan untuk mempermudah perjalanan mereka. Sembari menunggu pertunjukan air mancur menari yang spektakuler di jembatan Kenjeran ini, Anda dapat menikmati pemandangan indah matahari terbenam (sunset) di jembatan ini. Jangan lewatkan untuk berfoto dengan laut lepas yang memesona sebagai latar belakangnya. Anda juga dapat menikmati berbagai kuliner lezat khas Jawa Timur di lokasi ini karena banyak pedagang kaki lima yang berjualan di sini. Berbagai mainan anak-anak pun dijual di lokasi ini. Jadi tidak perlu kuatir bahwa anak-anak akan merasa bosan menunggu pertunjukan air mancur menari yang mereka tunggu-tunggu. Silakan atur jadwal kunjungan Anda untuk menyaksikan taman air mancur menari Kenjeran ini dan buktikan sendiri keindahannya. Pastikan bahwa mobilitas Anda terjamin dengan sewa mobil Surabaya karena di lokasi ini masih minim transportasi online pada malam hari.",air mancur tari taman hibur surabaya jembatan kenjeran air mancur tar sejati jembatan hubung jalan  manfaat destinasi wisata perintah kota surabaya  posisi air mancur tari ujung jembatan kenjeran anjung seberang taman hibur pantai  thp   lokasi ramah kaum difabel sedia lift mudah jalan  sembari tunggu tunjuk air mancur tari spektakuler jembatan kenjeran  nikmat pandang indah matahari benam  sunset  jembatan  lewat foto laut lepas pesona latar belakang  nikmat kuliner lezat khas jawa timur lokasi dagang kaki jual  main anak jual lokasi  kuatir anak bosan tunggu tunjuk air mancur tari tunggu  sila atur jadwal kunjung saksi taman air mancur tari kenjeran bukti indah  pasti mobilitas jamin sewa mobil surabaya lokasi minim transportasi online malam
395,Taman Prestasi,"Taman Prestasi Surabaya merupakan salah satu taman yang begitu terkenal di Kota Pahlawan dan banyak dikunjungi, sehingga tak heran jika menjadi tempat favorit bagi keluarga terutama pada saat weekend. di tempat lain juga ada loh nama stadion dan taman yang sama persis dengan yang di Surabaya ini, di Bontang, Kaltim yang punya Stadion dengan nama stadion “Taman Prestasi”. Jalan Ahmad Yani, Sukarasa, Kota Tangerang, Banten 15111, juga ada sebuah taman bernama “Taman Prestasi” persis bukan? Di Jogja juga ada sebuah taman yang serupa bernama “Taman Pintar”.",Taman Hiburan,Surabaya,0,4.6,https://lh5.googleusercontent.com/p/AF1QipPpbS3m0FAYllzoyHLGKgQCh97hnC6fESWKu_6n=w408-h725-k-no,"https://www.google.com/maps/place/Taman+Prestasi+Surabaya/@-7.2614722,112.7428284,17z/data=!3m1!4b1!4m6!3m5!1s0x2dd7f966cbf14633:0xa3125b26dcc2d9ea!8m2!3d-7.2614722!4d112.7428284!16s%2Fg%2F11bxfw7cgj?entry=ttu","Taman Prestasi Taman Hiburan Surabaya Taman Prestasi Surabaya merupakan salah satu taman yang begitu terkenal di Kota Pahlawan dan banyak dikunjungi, sehingga tak heran jika menjadi tempat favorit bagi keluarga terutama pada saat weekend. di tempat lain juga ada loh nama stadion dan taman yang sama persis dengan yang di Surabaya ini, di Bontang, Kaltim yang punya Stadion dengan nama stadion “Taman Prestasi”. Jalan Ahmad Yani, Sukarasa, Kota Tangerang, Banten 15111, juga ada sebuah taman bernama “Taman Prestasi” persis bukan? Di Jogja juga ada sebuah taman yang serupa bernama “Taman Pintar”.",taman prestasi taman hibur surabaya taman prestasi surabaya salah taman kenal kota pahlawan kunjung  heran favorit keluarga weekend  loh nama stadion taman persis surabaya  bontang  kaltim stadion nama stadion  taman prestasi   jalan ahmad yani  sukarasa  kota tangerang  banten 15111  taman nama  taman prestasi  persis  jogja taman nama  taman pintar
396,Monumen Kapal Selam,"Monumen Kapal Selam, atau disingkat Monkasel, adalah sebuah museum kapal selam yang terdapat di Embong Kaliasin, Genteng, Surabaya. Terletak di pusat kota, monumen ini sebenarnya merupakan kapal selam KRI Pasopati 410, salah satu armada Angkatan Laut Republik Indonesia buatan Uni Soviet tahun 1952. Kapal selam ini pernah dilibatkan dalam Pertempuran Laut Aru untuk membebaskan Irian Barat dari pendudukan Belanda.\nKapal selam ini kemudian dibawa ke darat dan dijadikan monumen untuk memperingati keberanian pahlawan Indonesia. Monkasel berada di Jalan Pemuda, tepat di sebelah Plaza Surabaya. Selain interior kapal selam, di sini juga diadakan pemutaran film tentang proses peperangan yang terjadi di Laut Aru. Jika ingin mengunjungi tempat wisata ini, maka akan ditemani oleh seorang pemandu lokal yang terdapat di sana.\nAda cerita unik di balik hadirnya monumen Kapal Selam ini. Pada suatu malam Pak Drajat Budiyanto yang merupakan mantan KKM KRI Pasopati 410 (buatan Rusia) ini dan juga mantan KKM KRI Cakra 401 (buatan Jerman Barat), bermimpi diperintahkan oleh KSAL pada waktu itu untuk membawa kapal selam ini melayari Kali Mas. Ternyata mimpi itu menjadi kenyataan. Dia ditugaskan untuk memajang kapal selam di samping Surabaya Plaza. Caranya dengan memotong kapal selam ini menjadi beberapa bagian, kemudian diangkut ke darat, dan dirangkai dan disambung kembali menjadi kapal selam yang utuh.",Budaya,Surabaya,15000,4.5,https://lh5.googleusercontent.com/p/AF1QipMV-UzjtjXORSwgKFW9vwxE2QgCklrmZYalXfWm=w408-h306-k-no,"https://www.google.com/maps/place/Surabaya+Submarine+Monument/@-7.2655447,112.7502803,17z/data=!3m1!4b1!4m6!3m5!1s0x2dd7f9628df520e5:0x577443720136fb0b!8m2!3d-7.2655447!4d112.7502803!16s%2Fg%2F121_5bz_?entry=ttu","Monumen Kapal Selam Budaya Surabaya Monumen Kapal Selam, atau disingkat Monkasel, adalah sebuah museum kapal selam yang terdapat di Embong Kaliasin, Genteng, Surabaya. Terletak di pusat kota, monumen ini sebenarnya merupakan kapal selam KRI Pasopati 410, salah satu armada Angkatan Laut Republik Indonesia buatan Uni Soviet tahun 1952. Kapal selam ini pernah dilibatkan dalam Pertempuran Laut Aru untuk membebaskan Irian Barat dari pendudukan Belanda.\nKapal selam ini kemudian dibawa ke darat dan dijadikan monumen untuk memperingati keberanian pahlawan Indonesia. Monkasel berada di Jalan Pemuda, tepat di sebelah Plaza Surabaya. Selain interior kapal selam, di sini juga diadakan pemutaran film tentang proses peperangan yang terjadi di Laut Aru. Jika ingin mengunjungi tempat wisata ini, maka akan ditemani oleh seorang pemandu lokal yang terdapat di sana.\nAda cerita unik di balik hadirnya monumen Kapal Selam ini. Pada suatu malam Pak Drajat Budiyanto yang merupakan mantan KKM KRI Pasopati 410 (buatan Rusia) ini dan juga mantan KKM KRI Cakra 401 (buatan Jerman Barat), bermimpi diperintahkan oleh KSAL pada waktu itu untuk membawa kapal selam ini melayari Kali Mas. Ternyata mimpi itu menjadi kenyataan. Dia ditugaskan untuk memajang kapal selam di samping Surabaya Plaza. Caranya dengan memotong kapal selam ini menjadi beberapa bagian, kemudian diangkut ke darat, dan dirangkai dan disambung kembali menjadi kapal selam yang utuh.",monumen kapal selam budaya surabaya monumen kapal selam  singkat monkasel  museum kapal selam embong kaliasin  genteng  surabaya  letak pusat kota  monumen kapal selam kri pasopati 410  salah armada angkat laut republik indonesia buat uni soviet 1952 kapal selam libat tempur laut aru bebas iri barat duduk belanda nkapal selam bawa darat jadi monumen ingat berani pahlawan indonesia  monkasel jalan pemuda  belah plaza surabaya  interior kapal selam  ada putar film proses peperangan laut aru  unjung wisata  tani pandu lokal sana nada cerita unik hadir monumen kapal selam  malam drajat budiyanto mantan kkm kri pasopati 410  buat rusia  mantan kkm kri cakra 401  buat jerman barat   mimpi perintah ksal bawa kapal selam layar kali mas  mimpi nyata  tugas pajang kapal selam samping surabaya plaza  potong kapal selam  angkut darat  rangkai sambung kapal selam utuh
397,Taman Kunang-Kunang,"Taman Kunang – Kunang di Surabaya ini mempunyai luas 400 meter persegi dan Taman Kunang – Kunang di Surabaya ini diresmikan oleh walikota Surabaya, Ibu Tri Rismaharini pada hari sabtu 28 Oktober 2010. Lokasi Taman Kunang – Kunang di Surabaya ini terletak di Jalan Panjaringan Timur, Panjaringan Sari, Kecamatan Rungkut, Kota Surabaya. Taman Kunang – Kunang di Surabaya ini letaknya persis berada di antara dua bangunan rumah susun dan terdapat tulisan “Taman Kunang – Kunang,” dengan latar belakang putih. Taman Kunang – Kunang di Surabaya mempunyai banyak fasilitas publik yang cukup lengkap diantaranya adalah lapangan futsal, lapangan basket, dan area bermain untuk anak – anak. Taman Kunang – Kunang di Surabaya ini telah menjadi kawasan bermain di Surabaya untuk semua kalangan, mulai dari anak – anak, remaja, maupun dewasa. Bahkan Taman Kunang – Kunang di Surabaya ini juga tidak jarang dikunjungi oleh para lansia.",Taman Hiburan,Surabaya,0,4.4,https://lh5.googleusercontent.com/p/AF1QipNnv0dsa-0dCzgybJ0_XqsZsog9gEDXRnYB0OZ9=w408-h604-k-no,"https://www.google.com/maps/place/Kunang+Kunang+Park/@-7.3182409,112.7842473,17z/data=!3m1!4b1!4m6!3m5!1s0x2dd7faecf437a521:0xc20515bde56f72ce!8m2!3d-7.3182409!4d112.7842473!16s%2Fg%2F11b6cphwhr?entry=ttu","Taman Kunang-Kunang Taman Hiburan Surabaya Taman Kunang – Kunang di Surabaya ini mempunyai luas 400 meter persegi dan Taman Kunang – Kunang di Surabaya ini diresmikan oleh walikota Surabaya, Ibu Tri Rismaharini pada hari sabtu 28 Oktober 2010. Lokasi Taman Kunang – Kunang di Surabaya ini terletak di Jalan Panjaringan Timur, Panjaringan Sari, Kecamatan Rungkut, Kota Surabaya. Taman Kunang – Kunang di Surabaya ini letaknya persis berada di antara dua bangunan rumah susun dan terdapat tulisan “Taman Kunang – Kunang,” dengan latar belakang putih. Taman Kunang – Kunang di Surabaya mempunyai banyak fasilitas publik yang cukup lengkap diantaranya adalah lapangan futsal, lapangan basket, dan area bermain untuk anak – anak. Taman Kunang – Kunang di Surabaya ini telah menjadi kawasan bermain di Surabaya untuk semua kalangan, mulai dari anak – anak, remaja, maupun dewasa. Bahkan Taman Kunang – Kunang di Surabaya ini juga tidak jarang dikunjungi oleh para lansia.",taman nang taman hibur surabaya taman nang  nang surabaya luas 400 meter persegi taman nang  nang surabaya resmi walikota surabaya  tri rismaharini sabtu 28 oktober 2010 lokasi taman nang  nang surabaya letak jalan panjaringan timur  panjaringan sari  camat rungkut  kota surabaya  taman nang  nang surabaya letak persis bangun rumah susun tulis  taman nang  nang   latar putih  taman nang  nang surabaya fasilitas publik lengkap lapang futsal  lapang basket  area main anak  anak  taman nang  nang surabaya kawasan main surabaya kalang  anak  anak  remaja  dewasa  taman nang  nang surabaya jarang kunjung lansia
398,Taman Buah Surabaya,"Wisata Taman Buah Undaan di Surabaya adalah salah satu tempat wisata yang berada di blok m suturejo utara, kabupaten surabaya, provinsi jawa timur, negara indonesia. Wisata Taman Buah Undaan di Surabaya adalah tempat wisata yang ramai dengan wisatawan pada hari biasa maupun hari liburan. Tempat ini sangat indah dan bisa memberikan sensasi yang berbeda dengan aktivitas kita sehari hari. Wisata Taman Buah Undaan di Surabaya memiliki pesona keindahan yang sangat menarik untuk dikunjungi. Sangat di sayangkan jika anda berada di kota surabaya tidak mengunjungi wisata taman yang mempunyai keindahan yang tiada duanya tersebut. Wisata Taman Buah Undaan di Surabaya sangat cocok untuk mengisi kegiatan liburan anda, apalagi saat liburan panjang seperti libur nasional, ataupun hari ibur lainnya. Keindahan Wisata Taman Buah Undaan di Surabaya ini sangatlah baik bagi anda semua yang berada di dekat atau di kejauhan untuk merapat mengunjungi tempat Wisata Taman Buah Undaan di Surabaya di kota surabaya.",Taman Hiburan,Surabaya,0,4.2,https://lh5.googleusercontent.com/p/AF1QipNGCPBdiuwyCbNSNUcybWlbXF2hz57Vl-tgG0k3=w408-h544-k-no,"https://www.google.com/maps/place/Taman+Buah/@-7.2662139,112.795281,17z/data=!3m1!4b1!4m6!3m5!1s0x2dd7fa1daed3496f:0x56f16ff0753bd4db!8m2!3d-7.2662139!4d112.795281!16s%2Fg%2F11cjhbpr36?entry=ttu","Taman Buah Surabaya Taman Hiburan Surabaya Wisata Taman Buah Undaan di Surabaya adalah salah satu tempat wisata yang berada di blok m suturejo utara, kabupaten surabaya, provinsi jawa timur, negara indonesia. Wisata Taman Buah Undaan di Surabaya adalah tempat wisata yang ramai dengan wisatawan pada hari biasa maupun hari liburan. Tempat ini sangat indah dan bisa memberikan sensasi yang berbeda dengan aktivitas kita sehari hari. Wisata Taman Buah Undaan di Surabaya memiliki pesona keindahan yang sangat menarik untuk dikunjungi. Sangat di sayangkan jika anda berada di kota surabaya tidak mengunjungi wisata taman yang mempunyai keindahan yang tiada duanya tersebut. Wisata Taman Buah Undaan di Surabaya sangat cocok untuk mengisi kegiatan liburan anda, apalagi saat liburan panjang seperti libur nasional, ataupun hari ibur lainnya. Keindahan Wisata Taman Buah Undaan di Surabaya ini sangatlah baik bagi anda semua yang berada di dekat atau di kejauhan untuk merapat mengunjungi tempat Wisata Taman Buah Undaan di Surabaya di kota surabaya.",taman buah surabaya taman hibur surabaya wisata taman buah unda surabaya salah wisata blok m suturejo utara  kabupaten surabaya  provinsi jawa timur  negara indonesia  wisata taman buah unda surabaya wisata ramai wisatawan libur  indah sensasi beda aktivitas hari  wisata taman buah unda surabaya milik pesona indah tarik kunjung  sayang kota surabaya unjung wisata taman indah tiada dua  wisata taman buah unda surabaya cocok isi giat libur  libur libur nasional  ibur  indah wisata taman buah unda surabaya jauh rapat unjung wisata taman buah unda surabaya kota surabaya
399,Taman Pelangi,"Kalau pelangi biasanya ada di siang hari pasca hujan, maka di Taman Pelangi Yogyakarta pengunjung justru bisa menikmatinya setiap malam hari. Ya, ini lantaran taman ini merupakan Taman Lampion beraneka warna dan rupa. Buka sejak petang, Taman ini memang sangat cocok dijadikan pilihan destinasi rekreasi keluarga saat malam hari. Namun karena merupakan taman outdoor alias terbuka, maka pilihan paling tepat untuk datang ialah saat cuaca tidak hujan.",Taman Hiburan,Surabaya,0,4.5,https://lh5.googleusercontent.com/p/AF1QipPWoaxjVC2NsyMz3bMhYNT17tIzyXZqXR7FZ_DE=w408-h306-k-no,"https://www.google.com/maps/place/Taman+Pelangi/@-7.3275604,112.7312242,17z/data=!3m1!4b1!4m6!3m5!1s0x2dd7fb69dbf567ff:0x2993db27b0539b3d!8m2!3d-7.3275604!4d112.7312242!16s%2Fg%2F11b721z8jg?entry=ttu","Taman Pelangi Taman Hiburan Surabaya Kalau pelangi biasanya ada di siang hari pasca hujan, maka di Taman Pelangi Yogyakarta pengunjung justru bisa menikmatinya setiap malam hari. Ya, ini lantaran taman ini merupakan Taman Lampion beraneka warna dan rupa. Buka sejak petang, Taman ini memang sangat cocok dijadikan pilihan destinasi rekreasi keluarga saat malam hari. Namun karena merupakan taman outdoor alias terbuka, maka pilihan paling tepat untuk datang ialah saat cuaca tidak hujan.",taman pelangi taman hibur surabaya pelangi siang pasca hujan  taman pelangi yogyakarta unjung nikmat malam  ya  lantar taman taman lampion aneka warna rupa  buka petang  taman cocok jadi pilih destinasi rekreasi keluarga malam  taman outdoor alias buka  pilih cuaca hujan
400,Hutan Bambu Keputih,"Surabaya menjadi kota metropolitan kedua setelah Jakarta. Kepadatan penduduk Surabaya pun cukup tinggi, dan karena terletak di pesisir, suhu kota terasa panas. Meski begitu, masih ada tempat sejuk, teduh, dan asri di tengah Kota Surabaya. Ialah Hutan Bambu Surabaya, tepatnya berada di Keputih. Mendengar nama “Hutan Bambu”, mungkin yang terlintas adalah hutan di pedesaan. Tapi jangan salah, di tengah kota pun dapat terwujud tempat asri seperti ini. Suasananya yang asri membuat pengunjung berbondong-bondong datang ke lokasi ini. Dan sekarang, taman rekreasi ini tengah menjadi favorit pengunjung menghabiskan waktu luang.",Cagar Alam,Surabaya,0,4.3,https://lh5.googleusercontent.com/p/AF1QipNS-u0qB7YLxRKZWlaj4c7CbS4lJRfGSG3wXBxJ=w408-h408-k-no,"https://www.google.com/maps/place/Hutan+Bambu+Keputih+Surabaya/@-7.2941909,112.8017238,17z/data=!3m1!4b1!4m6!3m5!1s0x2dd7f900d37fae9b:0x637bddc13af0df47!8m2!3d-7.2941909!4d112.8017238!16s%2Fg%2F11b7rtm8fv?entry=ttu","Hutan Bambu Keputih Cagar Alam Surabaya Surabaya menjadi kota metropolitan kedua setelah Jakarta. Kepadatan penduduk Surabaya pun cukup tinggi, dan karena terletak di pesisir, suhu kota terasa panas. Meski begitu, masih ada tempat sejuk, teduh, dan asri di tengah Kota Surabaya. Ialah Hutan Bambu Surabaya, tepatnya berada di Keputih. Mendengar nama “Hutan Bambu”, mungkin yang terlintas adalah hutan di pedesaan. Tapi jangan salah, di tengah kota pun dapat terwujud tempat asri seperti ini. Suasananya yang asri membuat pengunjung berbondong-bondong datang ke lokasi ini. Dan sekarang, taman rekreasi ini tengah menjadi favorit pengunjung menghabiskan waktu luang.",hutan bambu putih cagar alam surabaya surabaya kota metropolitan jakarta  padat duduk surabaya  letak pesisir  suhu kota panas   sejuk  teduh  asri kota surabaya  hutan bambu surabaya  tepat putih  dengar nama  hutan bambu   lintas hutan desa  salah  kota wujud asri  suasana asri unjung bondong lokasi   taman rekreasi favorit unjung habis luang
401,Taman Keputran,"Ntah, mengapa nama taman ini disebut dengan taman keputran, namun jika dikaitkan dengan lokasi taman, berada di persimpangan jalan Keputran Surabaya. Selain itu, di seberang sungai terdapat juga sebuah taman yang bernama Taman Lalu Lintas Surabaya. Keunikan Taman Keputran dibandingkan dengan taman lainnya adalah adanya lampu yang kerangka tiangnya mirip dengan manusia, dengan gaya pose yang berbeda-beda itu, membuat taman ini terlihat ada sentuhan kreatif dan inovatif. Lampu-lampu itu terang dan indah pada malam hari. Untuknya, taman ini cukup representatif sebagai pilihan mendapatkan tempat tongkrongan yang tenang pada malam hari. Tak hanya itu, jalur pijat refleksi kaki juga tersedia disana. Cocok untuk pengunjung yang ingin mencoba pengobatan refleksi kaki sederhana. Melalui pemahaman tentang jalur refleksi secara mendalam, sebagian orang memilih sarana ini dalam usaha menyembuhkan penyakit.
",Taman Hiburan,Surabaya,0,4.2,https://lh5.googleusercontent.com/p/AF1QipNvXyQegFDsGSlS8-ysqLqBtAYupa-cT3E6WlqP=w426-h240-k-no,"https://www.google.com/maps/place/Taman+Keputran/@-7.2732153,112.744102,17z/data=!3m1!4b1!4m6!3m5!1s0x2dd7fbdc6d18b9e1:0xb65ab72ac77ca66a!8m2!3d-7.2732153!4d112.744102!16s%2Fg%2F11g9qh8fd1?entry=ttu","Taman Keputran Taman Hiburan Surabaya Ntah, mengapa nama taman ini disebut dengan taman keputran, namun jika dikaitkan dengan lokasi taman, berada di persimpangan jalan Keputran Surabaya. Selain itu, di seberang sungai terdapat juga sebuah taman yang bernama Taman Lalu Lintas Surabaya. Keunikan Taman Keputran dibandingkan dengan taman lainnya adalah adanya lampu yang kerangka tiangnya mirip dengan manusia, dengan gaya pose yang berbeda-beda itu, membuat taman ini terlihat ada sentuhan kreatif dan inovatif. Lampu-lampu itu terang dan indah pada malam hari. Untuknya, taman ini cukup representatif sebagai pilihan mendapatkan tempat tongkrongan yang tenang pada malam hari. Tak hanya itu, jalur pijat refleksi kaki juga tersedia disana. Cocok untuk pengunjung yang ingin mencoba pengobatan refleksi kaki sederhana. Melalui pemahaman tentang jalur refleksi secara mendalam, sebagian orang memilih sarana ini dalam usaha menyembuhkan penyakit.
",taman keputran taman hibur surabaya ntah  nama taman taman keputran  kait lokasi taman  simpang jalan keputran surabaya   seberang sungai taman nama taman lintas surabaya  uni taman keputran banding taman lampu kerangka tiang manusia  gaya pose beda  taman sentuh kreatif inovatif  lampu terang indah malam  untuk  taman representatif pilih tongkrong tenang malam   jalur pijat refleksi kaki sedia sana  cocok unjung coba obat refleksi kaki sederhana  paham jalur refleksi dalam  orang pilih sarana usaha sembuh sakit
402,Food Junction Grand Pakuwon,"Food Junction Grand Pakuwon sebetulnya merupakan suatu pujasera dengan konsep yang sedikit berbeda dengan tempat lainnya. Tempatnya yang terletak di area Tandes, Surabaya Barat (strategis dengan suasana romantis dan unik) dimana jika dari arah pusat kota hanya membutuhkan waktu 20 menit untuk sampai ke lokasi. Sehingga tidak heran apabila banyak warga Surabaya yang menghabiskan waktu sore hari ditempat ini.",Pusat Perbelanjaan,Surabaya,0,4.6,https://lh5.googleusercontent.com/p/AF1QipOEFbV6jlocM5kZyBZHUWpVFnf3ST9hIAsJ5ile=w408-h306-k-no,"https://www.google.com/maps/place/Food+Junction+Grand+Pakuwon/@-7.251022,112.6620053,17z/data=!3m1!4b1!4m6!3m5!1s0x2dd7fe5e03b36bd9:0x87afc2e0d1d7c464!8m2!3d-7.251022!4d112.6620053!16s%2Fg%2F11cjhzwt4m?entry=ttu","Food Junction Grand Pakuwon Pusat Perbelanjaan Surabaya Food Junction Grand Pakuwon sebetulnya merupakan suatu pujasera dengan konsep yang sedikit berbeda dengan tempat lainnya. Tempatnya yang terletak di area Tandes, Surabaya Barat (strategis dengan suasana romantis dan unik) dimana jika dari arah pusat kota hanya membutuhkan waktu 20 menit untuk sampai ke lokasi. Sehingga tidak heran apabila banyak warga Surabaya yang menghabiskan waktu sore hari ditempat ini.",food junction grand pakuwon pusat belanja surabaya food junction grand pakuwon pujasera konsep beda  tempat letak area tandes  surabaya barat  strategis suasana romantis unik  mana arah pusat kota butuh 20 menit lokasi  heran warga surabaya habis sore tempat
403,Taman Barunawati,"Taman Barunawati yang lokasinya berada di kota Surabaya bagian utara. Taman yang satu ini bisa menjadi referensi untuk dikunjungi karena cukup recommended terutama bagi warga Surabaya atau bahkan warga luar Surabaya. Layaknya taman pada umumnya, memanglah menjadi tempat berlibur yang paling murah namun ada manfaat tersendiri yang bisa dirasakan oleh pengunjung seperti pikiran jadi tenang. Selain itu kita juga bisa mengajak anak atau anggota keluarga yang masih kecil untuk sekedar bermain di playground yang ada di dalam Taman Barunawati. Taman yang diresmikan pada 9 Oktober 2019 itu sekarang kondisinya nampak indah dan asri sehingga dapat mengalihkan perhatian bagi siapa saja yang melewati jalan Perak Barat Surabaya. Berkunjung ke taman ini pun kita tidak perlu merogoh kocek sepeser pun, namun pengunjung masih dapat menikmati pemandangan dan semua fasilitas yang ada di dalamnya.",Taman Hiburan,Surabaya,0,4.3,https://lh5.googleusercontent.com/p/AF1QipMceXoUdSVuYSK6YIzEN8bDKVP8foYEzK4JRt8J=w408-h306-k-no,"https://www.google.com/maps/place/Taman+Barunawati/@-7.2220559,112.7319967,17z/data=!3m1!4b1!4m6!3m5!1s0x2dd7f8dbe21fd6e7:0x3c62c2a288e92d0b!8m2!3d-7.2220559!4d112.7319967!16s%2Fg%2F11b6dpg7t_?entry=ttu","Taman Barunawati Taman Hiburan Surabaya Taman Barunawati yang lokasinya berada di kota Surabaya bagian utara. Taman yang satu ini bisa menjadi referensi untuk dikunjungi karena cukup recommended terutama bagi warga Surabaya atau bahkan warga luar Surabaya. Layaknya taman pada umumnya, memanglah menjadi tempat berlibur yang paling murah namun ada manfaat tersendiri yang bisa dirasakan oleh pengunjung seperti pikiran jadi tenang. Selain itu kita juga bisa mengajak anak atau anggota keluarga yang masih kecil untuk sekedar bermain di playground yang ada di dalam Taman Barunawati. Taman yang diresmikan pada 9 Oktober 2019 itu sekarang kondisinya nampak indah dan asri sehingga dapat mengalihkan perhatian bagi siapa saja yang melewati jalan Perak Barat Surabaya. Berkunjung ke taman ini pun kita tidak perlu merogoh kocek sepeser pun, namun pengunjung masih dapat menikmati pemandangan dan semua fasilitas yang ada di dalamnya.",taman barunawati taman hibur surabaya taman barunawati lokasi kota surabaya utara  taman referensi kunjung recommended warga surabaya warga surabaya  layak taman  memang libur murah manfaat sendiri rasa unjung pikir tenang  ajak anak anggota keluarga dar main playground taman barunawati  taman resmi 9 oktober 2019 kondisi nampak indah asri alih perhati lewat jalan perak barat surabaya  kunjung taman rogoh kocek peser  unjung nikmat pandang fasilitas dalam
404,Kenjeran Park,"Kenjeran Park merupakan salah satu tempat wisata kekinian di Surabaya. Tempat wisata ini berlokasi tepat di Jalan Sukolilo, Desa Sukolilo Baru, Kecamatan Bulak, Surabaya, Jawa Timur. Dulunya, Kenjeran Park merupakan tempat yang kumuh dan kurang terawat. Tetapi, tempat ini kembali terawat hingga bertransformasi menjadi destinasi wisata modern dan kekinian di tengah Kota Surabaya. Kenjeran Park terdiri dari beberapa kawasan wisata yang bisa pengunjung pilih. Bagi yang membawa anak-anak dan suka berenang, pengunjung bisa mengunjungi Atlantis Land Kenjeran. Lalu, pengunjung juga bisa menyambangi beberapa tempat yang ikonik dari Kenjeran Park. Salah satunya adalah Pagoda Tian Ti. Pagoda Tian Ti ini punya desain yang terinspirasi dari Pagoda Tian Tan di Beijing, China. Namun, Pagoda Tian Ti terdiri dari tiga lantai dengan diameter 60 meter dan tinggi 58 meter. Tempat ikonik lainnya adalah Patung Buddha 4 Wajah. Patung Buddha memiliki ketinggian 36 meter. Tempat menarik lainnya yang bisa pengunjung sambangi adalah Klenteng Sanggar Agung. Di klenteng ini, pengunjung bisa melihat patung Dewi Kwan Im dan sepasang naga merah keemasan yang langsung menghadap ke pantai.",Taman Hiburan,Surabaya,35000,4.2,https://lh5.googleusercontent.com/p/AF1QipOxKKhyAECZ3oEbqC2GkZ2jY98dI3Wjj7J3p1v0=w408-h305-k-no,"https://www.google.com/maps/place/Kenjeran+Park/@-7.2522964,112.7966952,17z/data=!3m1!4b1!4m6!3m5!1s0x2dd7f9efbb9ec3d5:0x671745ebef4daa!8m2!3d-7.2522964!4d112.7966952!16s%2Fg%2F11g68_jjk_?entry=ttu","Kenjeran Park Taman Hiburan Surabaya Kenjeran Park merupakan salah satu tempat wisata kekinian di Surabaya. Tempat wisata ini berlokasi tepat di Jalan Sukolilo, Desa Sukolilo Baru, Kecamatan Bulak, Surabaya, Jawa Timur. Dulunya, Kenjeran Park merupakan tempat yang kumuh dan kurang terawat. Tetapi, tempat ini kembali terawat hingga bertransformasi menjadi destinasi wisata modern dan kekinian di tengah Kota Surabaya. Kenjeran Park terdiri dari beberapa kawasan wisata yang bisa pengunjung pilih. Bagi yang membawa anak-anak dan suka berenang, pengunjung bisa mengunjungi Atlantis Land Kenjeran. Lalu, pengunjung juga bisa menyambangi beberapa tempat yang ikonik dari Kenjeran Park. Salah satunya adalah Pagoda Tian Ti. Pagoda Tian Ti ini punya desain yang terinspirasi dari Pagoda Tian Tan di Beijing, China. Namun, Pagoda Tian Ti terdiri dari tiga lantai dengan diameter 60 meter dan tinggi 58 meter. Tempat ikonik lainnya adalah Patung Buddha 4 Wajah. Patung Buddha memiliki ketinggian 36 meter. Tempat menarik lainnya yang bisa pengunjung sambangi adalah Klenteng Sanggar Agung. Di klenteng ini, pengunjung bisa melihat patung Dewi Kwan Im dan sepasang naga merah keemasan yang langsung menghadap ke pantai.",kenjeran park taman hibur surabaya kenjeran park salah wisata kini surabaya  wisata lokasi jalan sukolilo  desa sukolilo  camat bulak  surabaya  jawa timur  dulunya  kenjeran park kumuh awat   awat transformasi destinasi wisata modern kini kota surabaya  kenjeran park kawasan wisata unjung pilih  bawa anak suka renang  unjung unjung atlantis land kenjeran   unjung sambang ikonik kenjeran park  salah satu pagoda tian ti  pagoda tian ti desain inspirasi pagoda tian tan beijing  china   pagoda tian ti lantai diameter 60 meter 58 meter  ikonik patung buddha 4 wajah  patung buddha milik tinggi 36 meter  tarik unjung sambang klenteng sanggar agung  klenteng  unjung patung dewi kwan im pasang naga merah emas langsung hadap pantai
405,Surabaya North Quay,"Surabaya menjadi kota besar yang sering menjadi tempat tujuan wisata. Berbagai tempat belanja dari tradisional hingga modern ada di Ibukota Jawa Timur ini. Namun, apakah tidak bosan wisata belanja saja di Surabaya? Jika bosan, datanglah ke Surabaya North Quay, objek wisata baru di Surabaya. Surabaya North Quay sebenarnya adalah terminal bagi kapal pesiar mewah yang bersandar. Namun, tempat ini sengaja dibenahi supaya dapat menjadi tempat wisata bagi warga Surabaya dan sekitarnya. Bahkan, tak sedikit yang berasal dari luar daerah yang penasaran ingin menikmati pemandangan menakjubkan. Lautan lepas dengan kapal pesiar mewah yang bersandar di terminal ini, menjadi daya tarik utamanya.",Taman Hiburan,Surabaya,50000,4.4,https://lh5.googleusercontent.com/p/AF1QipNcIar6Y2o0SECmwK5ZJtQTn2EsQpR0kfOnHq0t=w408-h272-k-no,"https://www.google.com/maps/place/Surabaya+North+Quay/@-7.1970895,112.7323027,17z/data=!3m1!4b1!4m6!3m5!1s0x2e778f2099fd4fa9:0xc1c1d0cff4cc2710!8m2!3d-7.1970895!4d112.7323027!16s%2Fg%2F11clycmn5j?entry=ttu","Surabaya North Quay Taman Hiburan Surabaya Surabaya menjadi kota besar yang sering menjadi tempat tujuan wisata. Berbagai tempat belanja dari tradisional hingga modern ada di Ibukota Jawa Timur ini. Namun, apakah tidak bosan wisata belanja saja di Surabaya? Jika bosan, datanglah ke Surabaya North Quay, objek wisata baru di Surabaya. Surabaya North Quay sebenarnya adalah terminal bagi kapal pesiar mewah yang bersandar. Namun, tempat ini sengaja dibenahi supaya dapat menjadi tempat wisata bagi warga Surabaya dan sekitarnya. Bahkan, tak sedikit yang berasal dari luar daerah yang penasaran ingin menikmati pemandangan menakjubkan. Lautan lepas dengan kapal pesiar mewah yang bersandar di terminal ini, menjadi daya tarik utamanya.",surabaya north quay taman hibur surabaya surabaya kota tuju wisata  belanja tradisional modern ibukota jawa timur   bosan wisata belanja surabaya  bosan  datang surabaya north quay  objek wisata surabaya  surabaya north quay terminal kapal pesiar mewah sandar   sengaja benah wisata warga surabaya   asal daerah penasaran nikmat pandang takjub  laut lepas kapal pesiar mewah sandar terminal  daya tarik utama
406,Kebun Bibit Wonorejo,"Meskipun namanya kebun bibit, namun kawasan ini rasanya lebih cocok disebut sebagai taman. Kawasan Kebun Bibit Wonorejo ini terbagi menjadi 2 bagian, yaitu Taman Aktif dan Taman Pasif yang total keduanya mempunyai luas sebesar 5.9 hektare. Cuaca panas yang bikin gerah memang paling enak didinginkan dengan berkunjung ke tempat adem. Selain mall, taman kota di Surabaya seperti Kebun Bibit Wonorejo ini juga pilihan yang tepat. Pengunjung akan dimanjakan dengan udara sejuk. Hal ini karena banyaknya pepohonan yang menjulang tinggi.",Cagar Alam,Surabaya,0,4.5,https://lh5.googleusercontent.com/p/AF1QipNHWyReWLbA4PrSGsGzydQA-RZPnlph9vrPgSJY=w408-h544-k-no,"https://www.google.com/maps/place/Kebun+Bibit+Wonorejo/@-7.312533,112.789126,17z/data=!3m1!4b1!4m6!3m5!1s0x2dd7fa8cf321a5d3:0xa20235fc28e1ca1a!8m2!3d-7.312533!4d112.789126!16s%2Fg%2F11b75nr3gh?entry=ttu","Kebun Bibit Wonorejo Cagar Alam Surabaya Meskipun namanya kebun bibit, namun kawasan ini rasanya lebih cocok disebut sebagai taman. Kawasan Kebun Bibit Wonorejo ini terbagi menjadi 2 bagian, yaitu Taman Aktif dan Taman Pasif yang total keduanya mempunyai luas sebesar 5.9 hektare. Cuaca panas yang bikin gerah memang paling enak didinginkan dengan berkunjung ke tempat adem. Selain mall, taman kota di Surabaya seperti Kebun Bibit Wonorejo ini juga pilihan yang tepat. Pengunjung akan dimanjakan dengan udara sejuk. Hal ini karena banyaknya pepohonan yang menjulang tinggi.",kebun bibit wonorejo cagar alam surabaya nama kebun bibit  kawasan cocok taman  kawasan kebun bibit wonorejo bagi 2  taman aktif taman pasif total luas 5 9 hektare  cuaca panas bikin gerah enak dingin kunjung adem  mall  taman kota surabaya kebun bibit wonorejo pilih  unjung manja udara sejuk  banyak pohon julang
407,Taman Ekspresi Dan Perpustakaan,"Taman Ekspresi Surabaya tidak hanya menyuguhkan taman yang rindang dan asri. Taman di Jalan Gentengkali ini juga punya fasilitas penunjang berupa perpustakaan di sisi barat. Perpustakaan yang dikelola Dinas Perpustakaan dan Kearsipan Kota Surabaya tersebut memiliki 3.412 koleksi buku. Buku-buku yang ada di perpustakaan sangat lengkap dan baru, dari cetakan 2009 sampai terbaru 2019. Mulai buku bahasa, filsafat, psikologi, agama, matematika, ilmu alam, ilmu sosial, keluarga, teknologi, seni, sastra, geografis, sejarah, hingga bacaan untuk anak-anak.",Taman Hiburan,Surabaya,0,4.5,https://lh5.googleusercontent.com/p/AF1QipMxouScIcCBtd0YmkZvhijI89cDqRK_D-rL9G43=w408-h306-k-no,"https://www.google.com/maps/place/Taman+Ekspresi+Dan+Perpustakaan/@-7.2573072,112.7437199,17z/data=!3m1!4b1!4m6!3m5!1s0x2dd7f966192051db:0x73421d48f52c1f0f!8m2!3d-7.2573072!4d112.7437199!16s%2Fg%2F11bwh9_1gl?entry=ttu","Taman Ekspresi Dan Perpustakaan Taman Hiburan Surabaya Taman Ekspresi Surabaya tidak hanya menyuguhkan taman yang rindang dan asri. Taman di Jalan Gentengkali ini juga punya fasilitas penunjang berupa perpustakaan di sisi barat. Perpustakaan yang dikelola Dinas Perpustakaan dan Kearsipan Kota Surabaya tersebut memiliki 3.412 koleksi buku. Buku-buku yang ada di perpustakaan sangat lengkap dan baru, dari cetakan 2009 sampai terbaru 2019. Mulai buku bahasa, filsafat, psikologi, agama, matematika, ilmu alam, ilmu sosial, keluarga, teknologi, seni, sastra, geografis, sejarah, hingga bacaan untuk anak-anak.",taman ekspresi pustaka taman hibur surabaya taman ekspresi surabaya suguh taman rindang asri  taman jalan gentengkali fasilitas tunjang pustaka sisi barat  pustaka kelola dinas pustaka arsip kota surabaya milik 3 412 koleksi buku  buku pustaka lengkap  cetak 2009 baru 2019 buku bahasa  filsafat  psikologi  agama  matematika  ilmu alam  ilmu sosial  keluarga  teknologi  seni  sastra  geografis  sejarah  baca anak
408,Kebun Binatang Surabaya,"Kebun Binatang Surabaya (KBS) (Dialek Arekan: Kebon Binatang Suroboyo) adalah salah satu kebun binatang yang populer di Indonesia dan terletak di Surabaya. KBS merupakan kebun binatang yang pernah terlengkap se-Asia Tenggara, di dalamnya terdapat lebih dari 981 spesies satwa yang berbeda yang terdiri lebih dari 2.806 binatang. Termasuk di dalamnya satwa langka Indonesia maupun dunia terdiri dari Mamalia, Aves, Reptilia, dan Pisces.
",Cagar Alam,Surabaya,15000,4.4,https://lh5.googleusercontent.com/p/AF1QipNX_3TWTIUkMIZFeZX6z39VNnZtzI4FcoDDz_lL=w408-h306-k-no,"https://www.google.com/maps/place/Surabaya+Zoo/@-7.296163,112.7366473,17z/data=!3m1!4b1!4m6!3m5!1s0x2dd7fb97917c2fad:0x21b1122d5fe174cc!8m2!3d-7.296163!4d112.7366473!16s%2Fm%2F0j51vc7?entry=ttu","Kebun Binatang Surabaya Cagar Alam Surabaya Kebun Binatang Surabaya (KBS) (Dialek Arekan: Kebon Binatang Suroboyo) adalah salah satu kebun binatang yang populer di Indonesia dan terletak di Surabaya. KBS merupakan kebun binatang yang pernah terlengkap se-Asia Tenggara, di dalamnya terdapat lebih dari 981 spesies satwa yang berbeda yang terdiri lebih dari 2.806 binatang. Termasuk di dalamnya satwa langka Indonesia maupun dunia terdiri dari Mamalia, Aves, Reptilia, dan Pisces.
",kebun binatang surabaya cagar alam surabaya kebun binatang surabaya  kbs   dialek are  kebon binatang suroboyo  salah kebun binatang populer indonesia letak surabaya  kbs kebun binatang lengkap se-asia tenggara  dalam 981 spesies satwa beda 2 806 binatang  dalam satwa langka indonesia dunia mamalia  aves  reptilia  pisces
409,Rumah Batik,"Di rumah batik ini terdapat sekitar 2000 lembar batik yang memiliki ragam corak yang beraneka macam. Aneka batik tersebut terbuat dari berbagai macam jenis bahan yaitu seperti prima, primis, santio, sutra, prishmina dan sarimpit. Tidak hanya kain batik saja yang dapat anda temukan di rumah batik ini melainkan juga ada sarung batik, baju batik, celana batik, rok batik, selendang batik, dan lain sebagainya. Untuk anda yang ingin segera mengunjungi rumah batik di Surabaya ini maka berikut informasi alamat dari rumah batik itu sendiri. Jadi rumah batik tersebut pada mulanya terletak di jalan tambak, dukuh 1, no.4, rt.01, rw.09, kelurahan kapasari, kecamatan genteng, Surabaya. Di tempat ini anda akan melihat berbagai macam batik yang di pajang yaitu mulai dari batik Surabaya, bangkalan, sidoarjo, sumenep, mojokerto, ponorogo, tuban, jombang, dan bojonegoro. Karena koleksi yang di miliki di rumah batik Surabaya ini sangat beragam tentu saja membuat banyak pengunjung yang ingin datang ke lokasi ini. Setelah itu rumah batik ini di pindah di lokasi jalan margorejo, no. 143, Surabaya.
",Budaya,Surabaya,0,4.7,https://lh5.googleusercontent.com/p/AF1QipMz1vHLWfMjpQEnnvfky9CgGSqaMi3RtGsG6_xZ=w520-h240-k-no,"https://www.google.com/maps/place/Kampung+Batik/@-7.278736,112.718453,17z/data=!3m1!4b1!4m6!3m5!1s0x2dd7fbf779a0c10d:0x99449722b9eaf749!8m2!3d-7.278736!4d112.718453!16s%2Fg%2F11c0r4_nhy?entry=ttu","Rumah Batik Budaya Surabaya Di rumah batik ini terdapat sekitar 2000 lembar batik yang memiliki ragam corak yang beraneka macam. Aneka batik tersebut terbuat dari berbagai macam jenis bahan yaitu seperti prima, primis, santio, sutra, prishmina dan sarimpit. Tidak hanya kain batik saja yang dapat anda temukan di rumah batik ini melainkan juga ada sarung batik, baju batik, celana batik, rok batik, selendang batik, dan lain sebagainya. Untuk anda yang ingin segera mengunjungi rumah batik di Surabaya ini maka berikut informasi alamat dari rumah batik itu sendiri. Jadi rumah batik tersebut pada mulanya terletak di jalan tambak, dukuh 1, no.4, rt.01, rw.09, kelurahan kapasari, kecamatan genteng, Surabaya. Di tempat ini anda akan melihat berbagai macam batik yang di pajang yaitu mulai dari batik Surabaya, bangkalan, sidoarjo, sumenep, mojokerto, ponorogo, tuban, jombang, dan bojonegoro. Karena koleksi yang di miliki di rumah batik Surabaya ini sangat beragam tentu saja membuat banyak pengunjung yang ingin datang ke lokasi ini. Setelah itu rumah batik ini di pindah di lokasi jalan margorejo, no. 143, Surabaya.
",rumah batik budaya surabaya rumah batik 2000 lembar batik milik ragam corak aneka  aneka batik buat jenis bahan prima  primis  santio  sutra  prishmina sarimpit  kain batik temu rumah batik sarung batik  baju batik  celana batik  rok batik  selendang batik   unjung rumah batik surabaya informasi alamat rumah batik  rumah batik letak jalan tambak  dukuh 1  no 4  rt 01  rw 09  lurah kapasari  camat genteng  surabaya  batik pajang batik surabaya  bangkal  sidoarjo  sumenep  mojokerto  ponorogo  tuban  jombang  bojonegoro  koleksi milik rumah batik surabaya agam unjung lokasi  rumah batik pindah lokasi jalan margorejo  no  143  surabaya
410,Ciputra Waterpark,"Ciputra Waterpark Surabaya – Bermain air di waterpark memang bisa menjadi alternatif rekreasi kaum urban di berbagai kota besar. Tidak hanya Jakarta, Surabaya sebagai salah satu kota metropolis di Indonesia juga sudah mulai bergeliat membangun tempat rekreasi keluarga. Salah satunya waterpark yang bisa menjadi tujuan wisata keluarga adalah Ciputra Waterpark Surabaya. Berlokasi di Waterpark Boulevard, Citraland “The Singapore of Surabaya”, Surabaya, waterpark yang berdiri di areal seluas 5 hektar menawarkan beragam aktivitas dan atraksi menarik. Tidak salah jika waterpark yang satu ini mengklaim sebagai water attraction terbesar Indonesia.",Taman Hiburan,Surabaya,95000,4.3,https://lh5.googleusercontent.com/p/AF1QipPTe_VV4G0J3vr3FIGDuYKQRdIgjngXjmtQSbia=w408-h577-k-no,"https://www.google.com/maps/place/Ciputra+Waterpark/@-7.2861707,112.6333338,17z/data=!3m1!4b1!4m6!3m5!1s0x2dd7fdefdb3a15c9:0x8018af18aeb3ee6e!8m2!3d-7.2861707!4d112.6333338!16s%2Fm%2F0414vfq?entry=ttu","Ciputra Waterpark Taman Hiburan Surabaya Ciputra Waterpark Surabaya – Bermain air di waterpark memang bisa menjadi alternatif rekreasi kaum urban di berbagai kota besar. Tidak hanya Jakarta, Surabaya sebagai salah satu kota metropolis di Indonesia juga sudah mulai bergeliat membangun tempat rekreasi keluarga. Salah satunya waterpark yang bisa menjadi tujuan wisata keluarga adalah Ciputra Waterpark Surabaya. Berlokasi di Waterpark Boulevard, Citraland “The Singapore of Surabaya”, Surabaya, waterpark yang berdiri di areal seluas 5 hektar menawarkan beragam aktivitas dan atraksi menarik. Tidak salah jika waterpark yang satu ini mengklaim sebagai water attraction terbesar Indonesia.",ciputra waterpark taman hibur surabaya ciputra waterpark surabaya  main air waterpark alternatif rekreasi kaum urban kota  jakarta  surabaya salah kota metropolis indonesia geliat bangun rekreasi keluarga  salah satu waterpark tuju wisata keluarga ciputra waterpark surabaya  lokasi waterpark boulevard  citraland  the singapore of surabaya   surabaya  waterpark diri areal luas 5 hektar tawar agam aktivitas atraksi tarik  salah waterpark klaim water attraction besar indonesia
411,Masjid Muhammad Cheng Hoo,"Masjid Cheng Hoo Surabaya adalah Masjid bernuansa Muslim Tionghoa yang berlokasi di Jalan Gading, Ketabang, Genteng, Surabaya atau 1.000 m utara Gedung Balaikota Surabaya. Masjid ini didirikan atas prakarsa para sespuh, penasehat, pengurus PITI, dan pengurus Yayasan Haji Muhammad Cheng Ho Indonesia Jawa Timur serta tokoh masyarakat Tionghoa di Surabaya. Pembangunan masjid ini diawali dengan peletakkan batu pertama 15 Oktober 2001 bertepatan dengan Isra' Mi'raj Nabi Muhammad SAW. Sedangkan pembangunannya baru dilaksanakan 10 Maret 2002 dan baru diresmikan pada 13 Oktober 2002. Masjid Cheng Ho, atau juga dikenal dengan nama Masjid Muhammad Cheng Ho Surabaya, ialah bangunan masjid yang menyerupai kelenteng (rumah ibadah umat Tri Dharma). Gedung ini terletak di areal komplek gedung serba guna PITI (Pembina Imam Tauhid Islam) Jawa Timur Jalan Gading No.2 (Belakang Taman Makam Pahlawan Kusuma Bangsa), Surabaya. Masjid ini didominasi warna merah, hijau, dan kuning. Ornamennya kental nuansa Tiongkok lama. Pintu masuknya menyerupai bentuk pagoda, terdapat juga relief naga dan patung singa dari lilin dengan lafaz Allah dalam huruf Arab di puncak pagoda. Di sisi kiri bangunan terdapat sebuah beduk sebagai pelengkap bangunan masjid.Selain Surabaya di Palembang juga telah ada masjid serupa dengan nama Masjid Cheng Ho Palembang atau Masjid Al Islam Muhammad Cheng Hoo Sriwijaya Palembang. Nama masjid ini merupakan bentuk penghormatan pada Cheng Ho, Laksamana asal Cina yang beragama Islam. Dalam perjalanannya di kawasan Asia Tenggara, Cheng Ho bukan hanya berdagang dan menjalin persahabatan, juga menyebarkan agama Islam.",Tempat Ibadah,Surabaya,0,4.7,https://lh5.googleusercontent.com/p/AF1QipP5F5BLnyPKNB5XlO2gZi1vDU0kC4gKbw7gNcY=w408-h305-k-no,https://lh5.googleusercontent.com/p/AF1QipP5F5BLnyPKNB5XlO2gZi1vDU0kC4gKbw7gNcY=w408-h305-k-no,"Masjid Muhammad Cheng Hoo Tempat Ibadah Surabaya Masjid Cheng Hoo Surabaya adalah Masjid bernuansa Muslim Tionghoa yang berlokasi di Jalan Gading, Ketabang, Genteng, Surabaya atau 1.000 m utara Gedung Balaikota Surabaya. Masjid ini didirikan atas prakarsa para sespuh, penasehat, pengurus PITI, dan pengurus Yayasan Haji Muhammad Cheng Ho Indonesia Jawa Timur serta tokoh masyarakat Tionghoa di Surabaya. Pembangunan masjid ini diawali dengan peletakkan batu pertama 15 Oktober 2001 bertepatan dengan Isra' Mi'raj Nabi Muhammad SAW. Sedangkan pembangunannya baru dilaksanakan 10 Maret 2002 dan baru diresmikan pada 13 Oktober 2002. Masjid Cheng Ho, atau juga dikenal dengan nama Masjid Muhammad Cheng Ho Surabaya, ialah bangunan masjid yang menyerupai kelenteng (rumah ibadah umat Tri Dharma). Gedung ini terletak di areal komplek gedung serba guna PITI (Pembina Imam Tauhid Islam) Jawa Timur Jalan Gading No.2 (Belakang Taman Makam Pahlawan Kusuma Bangsa), Surabaya. Masjid ini didominasi warna merah, hijau, dan kuning. Ornamennya kental nuansa Tiongkok lama. Pintu masuknya menyerupai bentuk pagoda, terdapat juga relief naga dan patung singa dari lilin dengan lafaz Allah dalam huruf Arab di puncak pagoda. Di sisi kiri bangunan terdapat sebuah beduk sebagai pelengkap bangunan masjid.Selain Surabaya di Palembang juga telah ada masjid serupa dengan nama Masjid Cheng Ho Palembang atau Masjid Al Islam Muhammad Cheng Hoo Sriwijaya Palembang. Nama masjid ini merupakan bentuk penghormatan pada Cheng Ho, Laksamana asal Cina yang beragama Islam. Dalam perjalanannya di kawasan Asia Tenggara, Cheng Ho bukan hanya berdagang dan menjalin persahabatan, juga menyebarkan agama Islam.",masjid muhammad cheng hoo ibadah surabaya masjid cheng hoo surabaya masjid nuansa muslim tionghoa lokasi jalan gading  ketabang  genteng  surabaya 1 000 m utara gedung balaikota surabaya  masjid diri prakarsa sespuh  nasehat  urus pit  urus yayasan haji muhammad cheng ho indonesia jawa timur tokoh masyarakat tionghoa surabaya  bangun masjid awal letak batu 15 oktober 2001 tepat isra  mi raj nabi muhammad saw  bangun laksana 10 maret 2002 resmi 13 oktober 2002 masjid cheng ho  kenal nama masjid muhammad cheng ho surabaya  bangun masjid rupa kelenteng  rumah ibadah umat tri dharma   gedung letak areal komplek gedung serba pit  bina imam tauhid islam  jawa timur jalan gading no 2  taman makam pahlawan kusuma bangsa   surabaya  masjid dominasi warna merah  hijau  kuning  ornamen kental nuansa tiongkok  pintu masuk rupa bentuk pagoda  relief naga patung singa lilin lafaz allah huruf arab puncak pagoda  sisi kiri bangun beduk lengkap bangun masjid selain surabaya palembang masjid nama masjid cheng ho palembang masjid al islam muhammad cheng hoo sriwijaya palembang  nama masjid bentuk hormat cheng ho  laksamana cina agama islam  jalan kawasan asia tenggara  cheng ho dagang jalin sahabat  sebar agama islam
412,Masjid Nasional Al-Akbar,"Masjid Nasional Al Akbar (atau biasa disebut Masjid Agung Surabaya) ialah masjid terbesar kedua di Indonesia yang berlokasi di Kota Surabaya, Jawa Timur setelah Masjid Istiqlal di Jakarta. Posisi masjid ini berada di wilayah Kelurahan Pagesangan, Kecamatan Jambangan, Surabaya dan tepat di samping Jalan Tol Surabaya-Gempol. Ciri yang mudah dilihat adalah kubahnya yang besar didampingi 4 kubah kecil yang berwarna biru. Serta memiliki satu menara yang tingginya 99 meter. Masjid Nasional Al-Akbar Surabaya dibangun sejak tanggal 4 Agustus 1995, atas gagasan Wali Kota Surabaya saat itu, H. Soenarto Soemoprawiro. Pembangunan Masjid ini ditandai dengan peletakan batu pertama oleh Wakil Presiden RI Try Sutrisno. Namun karena krisis moneter pembangunannya dihentikan sementara waktu. Tahun 1999, masjid ini dibangun lagi dan selesai tahun 2001. Pada 10 November 2000, Masjid ini diresmikan oleh Presiden RI KH. Abdurrahman Wahid.
",Tempat Ibadah,Surabaya,0,4.9,https://lh5.googleusercontent.com/p/AF1QipOI05VI19Xo7zRMf-TKILUINSdwG5XQQbEYwv20=w408-h306-k-no,"https://www.google.com/maps/place/al-Akbar+National+Mosque+Surabaya/@-7.3364424,112.7150203,17z/data=!3m1!4b1!4m6!3m5!1s0x2dd7fba9cfb6dfab:0x6fe7210ef241206!8m2!3d-7.3364424!4d112.7150203!16s%2Fg%2F120yl6q8?entry=ttu","Masjid Nasional Al-Akbar Tempat Ibadah Surabaya Masjid Nasional Al Akbar (atau biasa disebut Masjid Agung Surabaya) ialah masjid terbesar kedua di Indonesia yang berlokasi di Kota Surabaya, Jawa Timur setelah Masjid Istiqlal di Jakarta. Posisi masjid ini berada di wilayah Kelurahan Pagesangan, Kecamatan Jambangan, Surabaya dan tepat di samping Jalan Tol Surabaya-Gempol. Ciri yang mudah dilihat adalah kubahnya yang besar didampingi 4 kubah kecil yang berwarna biru. Serta memiliki satu menara yang tingginya 99 meter. Masjid Nasional Al-Akbar Surabaya dibangun sejak tanggal 4 Agustus 1995, atas gagasan Wali Kota Surabaya saat itu, H. Soenarto Soemoprawiro. Pembangunan Masjid ini ditandai dengan peletakan batu pertama oleh Wakil Presiden RI Try Sutrisno. Namun karena krisis moneter pembangunannya dihentikan sementara waktu. Tahun 1999, masjid ini dibangun lagi dan selesai tahun 2001. Pada 10 November 2000, Masjid ini diresmikan oleh Presiden RI KH. Abdurrahman Wahid.
",masjid nasional al-akbar ibadah surabaya masjid nasional al akbar  masjid agung surabaya  masjid besar indonesia lokasi kota surabaya  jawa timur masjid istiqlal jakarta  posisi masjid wilayah lurah pagesangan  camat jambang  surabaya samping jalan tol surabaya-gempol  ciri mudah kubah damping 4 kubah warna biru  milik menara tinggi 99 meter  masjid nasional al-akbar surabaya bangun tanggal 4 agustus 1995  gagas wali kota surabaya  h soenarto soemoprawiro  bangun masjid tanda leta batu wakil presiden ri try sutrisno  krisis moneter bangun henti  1999  masjid bangun selesai 2001 10 november 2000  masjid resmi presiden ri kh  abdurrahman wahid
413,Museum TNI AL Loka Jala Crana,"Museum Loka Jala Crana berdiri pada tanggal 19 September 1969 oleh Ibu R. Mulyadi, isteri panglima Angkatan Laut Laksamana R. Moeljadi, dengan nama Museum Akabri Laut. Pada tahun 1973, tepatnya pada tanggal 10 Juli 1973, statusnya ditingkatkan menjadi Museum TNI Angkatan Laut. Selanjutnya tanggal 6 Oktober 1979 namanya berubah kembali menjadi Museum TNI Angkatan Laut Loka Jala Crana. Loka jala Crana berarti tempat untuk menyimpan, mengabadikan dan menyajikan peralatan atau sarana yang dipergunakan oleh TNI Angkatan Laut. Di dalam museum ini terdapat beberapa koleksi peralatan pertempuran Angkatan Laut, disamping itu juga satu koleksi berupa planetarium dan astronavigasi. Museum ini menyuguhkan dan menyelamatkan objek benda-benda bersejarah yang pernah dimiliki serta dipakai oleh prajurit-prajurit TNI Angkatan Laut sejak dari zaman revolusi fisik hingga saat ini, di antaranya berupa berbagai jenis meriam kapal perang, pesawat, helikopter, artileri medan, replica KRI Dewaruci. Ada juga benda bersejarah lain seperti meriam kapal ""HRMS De Zeven Provencien“.
",Budaya,Surabaya,2000,4.5,https://lh5.googleusercontent.com/p/AF1QipO-CTFkTx5sgA2C0bjD0-JV5JQUnVy5PnFHYTJO=w427-h240-k-no,"https://google.com/maps/place/Museum+TNI+AL+Loka+Jala+Crana/@-7.227185,112.718997,17z/data=!3m1!4b1!4m6!3m5!1s0x2dd7f92a55555555:0x26519de6b6dac08!8m2!3d-7.227185!4d112.718997!16s%2Fg%2F1pzq39nbs?entry=ttu","Museum TNI AL Loka Jala Crana Budaya Surabaya Museum Loka Jala Crana berdiri pada tanggal 19 September 1969 oleh Ibu R. Mulyadi, isteri panglima Angkatan Laut Laksamana R. Moeljadi, dengan nama Museum Akabri Laut. Pada tahun 1973, tepatnya pada tanggal 10 Juli 1973, statusnya ditingkatkan menjadi Museum TNI Angkatan Laut. Selanjutnya tanggal 6 Oktober 1979 namanya berubah kembali menjadi Museum TNI Angkatan Laut Loka Jala Crana. Loka jala Crana berarti tempat untuk menyimpan, mengabadikan dan menyajikan peralatan atau sarana yang dipergunakan oleh TNI Angkatan Laut. Di dalam museum ini terdapat beberapa koleksi peralatan pertempuran Angkatan Laut, disamping itu juga satu koleksi berupa planetarium dan astronavigasi. Museum ini menyuguhkan dan menyelamatkan objek benda-benda bersejarah yang pernah dimiliki serta dipakai oleh prajurit-prajurit TNI Angkatan Laut sejak dari zaman revolusi fisik hingga saat ini, di antaranya berupa berbagai jenis meriam kapal perang, pesawat, helikopter, artileri medan, replica KRI Dewaruci. Ada juga benda bersejarah lain seperti meriam kapal ""HRMS De Zeven Provencien“.
",museum tni al loka jala crana budaya surabaya museum loka jala crana diri tanggal 19 september 1969 r mulyadi  isteri panglima angkat laut laksamana r moeljadi  nama museum akabri laut  1973  tepat tanggal 10 juli 1973  status tingkat museum tni angkat laut  tanggal 6 oktober 1979 nama ubah museum tni angkat laut loka jala crana  loka jala crana simpan  abadi saji alat sarana tni angkat laut  museum koleksi alat tempur angkat laut  samping koleksi planetarium astronavigasi  museum suguh selamat objek benda sejarah milik pakai prajurit tni angkat laut zaman revolusi fisik  jenis meriam kapal perang  pesawat  helikopter  artileri medan  replica kri dewaruci  benda sejarah meriam kapal  hrms de zeven provencien
414,Jembatan Merah,"Jembatan Merah merupakan salah satu monumen sejarah di Surabaya, Jawa Timur yang dibiarkan seperti adanya: sebagai jembatan. Jembatan yang menjadi salah satu judul lagu ciptaan Gesang ini, semasa zaman VOC dahulu dinilai penting karena menjadi sarana perhubungan paling vital melewati Kalimas menuju Gedung Karesidenan Surabaya, yang sudah tidak berbekas lagi.\nKawasan Jembatan Merah merupakan daerah perniagaan yang mulai berkembang sebagai akibat dari Perjanjian Paku Buwono II dari Mataram dengan VOC pada 11 November 1743. Dalam perjanjian itu sebagian daerah pantai utara, termasuk Surabaya, diserahkan penguasaannya kepada VOC. Sejak saat itulah Surabaya berada sepenuhnya dalam kekuasaan Belanda. Kini, posisinya sebagai pusat perniagaan terus berlangsung. Di sekitar jembatan terdapat indikator-indikator ekonomi, termasuk salah satunya Plaza Jembatan Merah.\nPerubahan fisiknya terjadi sekitar tahun 1890-an, ketika pagar pembatasnya dengan sungai diubah dari kayu menjadi besi. Kini kondisi jembatan yang menghubungkan Jalan Rajawali dan Jalan Kembang Jepun di sisi utara Surabaya itu, hampir sama persis dengan jembatan lainnya. Pembedanya hanyalah warna merah.",Budaya,Surabaya,0,4.6,https://lh5.googleusercontent.com/p/AF1QipNLaF6prH9GjpnHG9WXjZPgLtdHLN94OqLjHPTE=w408-h544-k-no,"https://www.google.com/maps/place/Jembatan+Merah+Surabaya/@-7.2366885,112.7383609,17z/data=!3m1!4b1!4m6!3m5!1s0x2dd7f943896352f7:0x7d62cf3eadc749b9!8m2!3d-7.2366885!4d112.7383609!16s%2Fg%2F11jzxjgcpp?entry=ttu","Jembatan Merah Budaya Surabaya Jembatan Merah merupakan salah satu monumen sejarah di Surabaya, Jawa Timur yang dibiarkan seperti adanya: sebagai jembatan. Jembatan yang menjadi salah satu judul lagu ciptaan Gesang ini, semasa zaman VOC dahulu dinilai penting karena menjadi sarana perhubungan paling vital melewati Kalimas menuju Gedung Karesidenan Surabaya, yang sudah tidak berbekas lagi.\nKawasan Jembatan Merah merupakan daerah perniagaan yang mulai berkembang sebagai akibat dari Perjanjian Paku Buwono II dari Mataram dengan VOC pada 11 November 1743. Dalam perjanjian itu sebagian daerah pantai utara, termasuk Surabaya, diserahkan penguasaannya kepada VOC. Sejak saat itulah Surabaya berada sepenuhnya dalam kekuasaan Belanda. Kini, posisinya sebagai pusat perniagaan terus berlangsung. Di sekitar jembatan terdapat indikator-indikator ekonomi, termasuk salah satunya Plaza Jembatan Merah.\nPerubahan fisiknya terjadi sekitar tahun 1890-an, ketika pagar pembatasnya dengan sungai diubah dari kayu menjadi besi. Kini kondisi jembatan yang menghubungkan Jalan Rajawali dan Jalan Kembang Jepun di sisi utara Surabaya itu, hampir sama persis dengan jembatan lainnya. Pembedanya hanyalah warna merah.",jembatan merah budaya surabaya jembatan merah salah monumen sejarah surabaya  jawa timur biar  jembatan  jembatan salah judul lagu cipta gesang  zaman voc nilai sarana hubung vital lewat kalimas gedung karesidenan surabaya  bekas lagi nkawasan jembatan merah daerah niaga kembang akibat janji paku buwono ii mataram voc 11 november 1743 janji daerah pantai utara  surabaya  serah kuasa voc  surabaya sepenuh kuasa belanda   posisi pusat niaga  jembatan indikator ekonomi  salah satu plaza jembatan merah nperubahan fisik 1890-an  pagar batas sungai ubah kayu besi  kondisi jembatan hubung jalan rajawali jalan kembang jepun sisi utara surabaya  persis jembatan  beda warna merah
415,Museum De Javasche Bank,"Museum Bank Indonesia (Bahasa Indonesia: Museum Bank Indonesia) adalah museum bank yang terletak di Surabaya, Indonesia. Secara resmi didirikan oleh Bank Indonesia dan dibuka pada 27 Januari 2012 setelah direstorasi. Museum ini menempati gedung yang dulunya bernama De Javasche Bank, bank sentral Hindia Belanda. Setelah Kemerdekaan Indonesia gedung ini terus berfungsi sebagai kantor cabang Bank Indonesia di Surabaya hingga tahun 1973. Museum tutup pada hari Senin dan hari libur nasional. Tidak ada biaya masuk.",Budaya,Surabaya,5000,4.6,https://lh5.googleusercontent.com/p/AF1QipPlljjymALIwr-geLuKYljlN9GLpn-lxpRWHXSV=w408-h306-k-no,"https://www.google.com/maps/place/De+Javasche+Bank/@-7.2353939,112.7367646,17z/data=!3m1!4b1!4m6!3m5!1s0x2dd7f922ef7a959d:0xddbdd454fd8f7afc!8m2!3d-7.2353939!4d112.7367646!16s%2Fm%2F012w498d?entry=ttu","Museum De Javasche Bank Budaya Surabaya Museum Bank Indonesia (Bahasa Indonesia: Museum Bank Indonesia) adalah museum bank yang terletak di Surabaya, Indonesia. Secara resmi didirikan oleh Bank Indonesia dan dibuka pada 27 Januari 2012 setelah direstorasi. Museum ini menempati gedung yang dulunya bernama De Javasche Bank, bank sentral Hindia Belanda. Setelah Kemerdekaan Indonesia gedung ini terus berfungsi sebagai kantor cabang Bank Indonesia di Surabaya hingga tahun 1973. Museum tutup pada hari Senin dan hari libur nasional. Tidak ada biaya masuk.",museum de javasche bank budaya surabaya museum bank indonesia  bahasa indonesia  museum bank indonesia  museum bank letak surabaya  indonesia  resmi diri bank indonesia buka 27 januari 2012 restorasi  museum tempat gedung dulunya nama de javasche bank  bank sentral hindia belanda  merdeka indonesia gedung fungsi kantor cabang bank indonesia surabaya 1973 museum tutup senin libur nasional  biaya masuk
416,Keraton Surabaya,"Kawasan yang berjuluk Kampung Keraton ini terdiri dari empat gang. Gang ini rata-rata berukuran sempit, lebarnya 2 hingga 3 meter. Saking sempitnya, pengendara sepeda motor terkadang turun dari kendaraan dan harus berjalan kaki. Sementara, panjang jalan sekitar 200 meter. Memang, tak banyak sisa peninggalan Keraton Surabaya ini. Yang tampak kini adalah sisa bangunan peninggalan kolonial Belanda. Kampung Keraton saat ini merupakan salah satu kawasan perdagangan yang sangat ramai di Surabaya, utamanya di Jalan Kramat Gantung. Segala macam kebutuhan rumah tangga dijual di jalan ini.",Budaya,Surabaya,0,4.4,https://lh5.googleusercontent.com/p/AF1QipNfD3FVVtk-t-UzrUN9R3wsG5GCvj8J7kxaBfqb=w408-h544-k-no,"https://www.google.com/maps/place/Oude+Poort+%22+G%C3%AArbang+Kadipat%C3%A9n+%22+in+de+gemeente+Soerabaia/@-7.2496902,112.7210878,14z/data=!4m10!1m2!2m1!1skeraton+surabaya!3m6!1s0x2dd7f941d39bfeb1:0xa6021005b4235253!8m2!3d-7.2496902!4d112.7385973!15sChBrZXJhdG9uIHN1cmFiYXlhWhIiEGtlcmF0b24gc3VyYWJheWGSAQZtdXNldW2aASNDaFpEU1VoTk1HOW5TMFZKUTBGblNVTTJYMUJIYVVOUkVBReABAA!16s%2Fg%2F11c6dvr1nr?entry=ttu","Keraton Surabaya Budaya Surabaya Kawasan yang berjuluk Kampung Keraton ini terdiri dari empat gang. Gang ini rata-rata berukuran sempit, lebarnya 2 hingga 3 meter. Saking sempitnya, pengendara sepeda motor terkadang turun dari kendaraan dan harus berjalan kaki. Sementara, panjang jalan sekitar 200 meter. Memang, tak banyak sisa peninggalan Keraton Surabaya ini. Yang tampak kini adalah sisa bangunan peninggalan kolonial Belanda. Kampung Keraton saat ini merupakan salah satu kawasan perdagangan yang sangat ramai di Surabaya, utamanya di Jalan Kramat Gantung. Segala macam kebutuhan rumah tangga dijual di jalan ini.",keraton surabaya budaya surabaya kawasan juluk kampung keraton gang  gang rata ukur sempit  lebar 2 3 meter  saking sempit  kendara sepeda motor terkadang turun kendara jalan kaki   jalan 200 meter   sisa tinggal keraton surabaya  sisa bangun tinggal kolonial belanda  kampung keraton salah kawasan dagang ramai surabaya  utama jalan kramat gantung  butuh rumah tangga jual jalan
417,Klenteng Sanggar Agung,"Kelenteng Sanggar Agung atau Klenteng Hong San Tang adalah sebuah klenteng di Kota Surabaya. Alamatnya berada di Jalan Sukolilo Nomor 100, Pantai Ria Kenjeran, Surabaya. Kuil ini, selain menjadi tempat ibadah bagi pemeluk Tridharma, juga menjadi tempat tujuan wisata bagi para wisatawan. Klenteng ini dibuka pada tahun 1999.\nCiri khas dari klenteng ini adalah sebuah patung Kwan Im setinggi 20 meter yang terletak di tepi laut. Klenteng ini dipersembahkan kepada Nan Hai Guan Shi Yin Pu Sa atau Bodhisatwa Kwan Im Laut Selatan. Patung ini dibangun setelah seorang karyawan Sanggar Agung melihat sesosok wanita berjubah putih berjalan di atas air pada saat ia sedang menutup Klenteng di malam hari. Penampakan tersebut dipercaya sebagai penampakan Kwan Im sendiri. Ikon lain dari Sanggar Agung adalah patung Phra Phrom raksasa berlapis emas.",Budaya,Surabaya,10000,4.5,https://lh3.googleusercontent.com/gps-proxy/ALd4DhHmN-VD_QRuVNC0bdRAhfwE4eDTF_GrxVWsC6GbB62p9CsJyu2bvT-FRyKMNH7sMrAZQbBAC5IyGSsBIwKHfGsw-tPAjorC6LFV65ra6LL2HPm6jgBALQ18AN3-a-JEE8knGSKXNT3JZr8Qi1aaYAEJ73kzZM6FeKOSF13DTIDOcwxyRq0tZFM=w408-h272-k-no,"https://www.google.com/maps/place/Sanggar+Agung+Temple/@-7.2472413,112.8022226,17z/data=!3m1!4b1!4m6!3m5!1s0x2dd7f9b908223be3:0x323ac83a2ab1ff6a!8m2!3d-7.2472413!4d112.8022226!16s%2Fm%2F0k9bhcs?entry=ttu","Klenteng Sanggar Agung Budaya Surabaya Kelenteng Sanggar Agung atau Klenteng Hong San Tang adalah sebuah klenteng di Kota Surabaya. Alamatnya berada di Jalan Sukolilo Nomor 100, Pantai Ria Kenjeran, Surabaya. Kuil ini, selain menjadi tempat ibadah bagi pemeluk Tridharma, juga menjadi tempat tujuan wisata bagi para wisatawan. Klenteng ini dibuka pada tahun 1999.\nCiri khas dari klenteng ini adalah sebuah patung Kwan Im setinggi 20 meter yang terletak di tepi laut. Klenteng ini dipersembahkan kepada Nan Hai Guan Shi Yin Pu Sa atau Bodhisatwa Kwan Im Laut Selatan. Patung ini dibangun setelah seorang karyawan Sanggar Agung melihat sesosok wanita berjubah putih berjalan di atas air pada saat ia sedang menutup Klenteng di malam hari. Penampakan tersebut dipercaya sebagai penampakan Kwan Im sendiri. Ikon lain dari Sanggar Agung adalah patung Phra Phrom raksasa berlapis emas.",klenteng sanggar agung budaya surabaya kelenteng sanggar agung klenteng hong san tang klenteng kota surabaya  alamat jalan sukolilo nomor 100  pantai ria kenjeran  surabaya  kuil  ibadah peluk tridharma  tuju wisata wisatawan  klenteng buka 1999 nciri khas klenteng patung kwan im 20 meter letak tepi laut  klenteng sembah nan hai guan shi yin pu sa bodhisatwa kwan im laut selatan  patung bangun karyawan sanggar agung sosok wanita jubah putih jalan air tutup klenteng malam  tampak percaya tampak kwan im  ikon sanggar agung patung phra phrom raksasa lap emas
418,Museum Sepuluh Nopember Kota Surabaya,"Museum Sepuluh November Surabaya adalah salah satu museum yang terletak di Kota Surabaya, dibangun pada tahun 1945. Museum ini dibangun dengan tujuan untuk mempelajari dan memperdalam peristiwa Pertempuran Sepuluh November 1945, Museum Sepuluh November beralamat di Jalan Pahlawan, Surabaya.
",Budaya,Surabaya,5000,4.7,https://lh5.googleusercontent.com/p/AF1QipNUb8_dsovfJH4MehP4Rv0o0fFAdFcPHrL7OfVA=w408-h271-k-no,"https://www.google.com/maps/place/Monumen+Tugu+Pahlawan+dan+Museum+Sepuluh+Nopember+Surabaya/@-7.245555,112.7378627,17z/data=!3m1!4b1!4m6!3m5!1s0x2dd7f93fc001bc5d:0x110e38d8a6c23fbe!8m2!3d-7.245555!4d112.7378627!16s%2Fg%2F11f01txlq2?entry=ttu","Museum Sepuluh Nopember Kota Surabaya Budaya Surabaya Museum Sepuluh November Surabaya adalah salah satu museum yang terletak di Kota Surabaya, dibangun pada tahun 1945. Museum ini dibangun dengan tujuan untuk mempelajari dan memperdalam peristiwa Pertempuran Sepuluh November 1945, Museum Sepuluh November beralamat di Jalan Pahlawan, Surabaya.
",museum puluh nopember kota surabaya budaya surabaya museum puluh november surabaya salah museum letak kota surabaya  bangun 1945 museum bangun tuju ajar dalam peristiwa tempur puluh november 1945  museum puluh november alamat jalan pahlawan  surabaya
419,Monumen Tugu Pahlawan,"Tugu Pahlawan (bahasa Indonesia: Tugu Pahlawan) adalah sebuah monumen di Surabaya, Indonesia. Itu adalah lambang utama kota yang didedikasikan untuk orang-orang yang tewas dalam Pertempuran Surabaya pada 10 November 1945. Museum 10 November terletak di bawah monumen. Monumen ini memiliki tinggi 41,15 meter dan berbentuk lingga. Dibangun untuk memperingati peristiwa 10 November 1945 di Pertempuran Surabaya. Itu adalah tempat setiap 10 November untuk memperingati peristiwa 1945, ketika banyak pahlawan tewas dalam perang kemerdekaan. Peletakan batu pertama dipimpin oleh Soekarno, Presiden Indonesia pertama, didampingi Walikota Surabaya, Doel Arnowo pada 10 November 1951. Diresmikan setahun kemudian, juga oleh Soekarno, pada 10 November 1952 disaksikan oleh Walikota Surabaya, R. Moestadjab Soemowidigdo. Museum 10 November dibangun untuk menjelaskan makna di balik Tugu Pahlawan. Bangunannya terdiri dari 2 lantai, dengan pameran yang melambangkan semangat perjuangan masyarakat Surabaya. Ada auditorium di lantai satu. Museum ini berisi reproduksi foto-foto dokumenter, dan terdapat diorama yang menyajikan delapan peristiwa yang terjadi sekitar bentrokan 10 November 1945.",Budaya,Surabaya,0,4.7,https://lh5.googleusercontent.com/p/AF1QipNUb8_dsovfJH4MehP4Rv0o0fFAdFcPHrL7OfVA=w408-h271-k-no,"https://www.google.com/maps/place/Monumen+Tugu+Pahlawan+dan+Museum+Sepuluh+Nopember+Surabaya/@-7.245555,112.7378627,17z/data=!4m6!3m5!1s0x2dd7f93fc001bc5d:0x110e38d8a6c23fbe!8m2!3d-7.245555!4d112.7378627!16s%2Fg%2F11f01txlq2?entry=ttu","Monumen Tugu Pahlawan Budaya Surabaya Tugu Pahlawan (bahasa Indonesia: Tugu Pahlawan) adalah sebuah monumen di Surabaya, Indonesia. Itu adalah lambang utama kota yang didedikasikan untuk orang-orang yang tewas dalam Pertempuran Surabaya pada 10 November 1945. Museum 10 November terletak di bawah monumen. Monumen ini memiliki tinggi 41,15 meter dan berbentuk lingga. Dibangun untuk memperingati peristiwa 10 November 1945 di Pertempuran Surabaya. Itu adalah tempat setiap 10 November untuk memperingati peristiwa 1945, ketika banyak pahlawan tewas dalam perang kemerdekaan. Peletakan batu pertama dipimpin oleh Soekarno, Presiden Indonesia pertama, didampingi Walikota Surabaya, Doel Arnowo pada 10 November 1951. Diresmikan setahun kemudian, juga oleh Soekarno, pada 10 November 1952 disaksikan oleh Walikota Surabaya, R. Moestadjab Soemowidigdo. Museum 10 November dibangun untuk menjelaskan makna di balik Tugu Pahlawan. Bangunannya terdiri dari 2 lantai, dengan pameran yang melambangkan semangat perjuangan masyarakat Surabaya. Ada auditorium di lantai satu. Museum ini berisi reproduksi foto-foto dokumenter, dan terdapat diorama yang menyajikan delapan peristiwa yang terjadi sekitar bentrokan 10 November 1945.",monumen tugu pahlawan budaya surabaya tugu pahlawan  bahasa indonesia  tugu pahlawan  monumen surabaya  indonesia  lambang utama kota dedikasi orang tewas tempur surabaya 10 november 1945 museum 10 november letak monumen  monumen milik 41 15 meter bentuk lingga  bangun ingat peristiwa 10 november 1945 tempur surabaya  10 november ingat peristiwa 1945  pahlawan tewas perang merdeka  leta batu pimpin soekarno  presiden indonesia  damping walikota surabaya  doel arnowo 10 november 1951 resmi tahun  soekarno  10 november 1952 saksi walikota surabaya  r moestadjab soemowidigdo  museum 10 november bangun makna tugu pahlawan  bangun 2 lantai  pamer melambang semangat juang masyarakat surabaya  auditorium lantai  museum isi reproduksi foto dokumenter  diorama saji delapan peristiwa bentrok 10 november 1945
420,Surabaya Museum (Gedung Siola),"Saat ini Museum Surabaya Siola menjelma menjadi sebuah destinasi wisata sejarah yang unik dan menarik untuk dikunjungi. Bukan hanya menyuguhkan cerita masa lampau yang ditampilkan dengan berbagai macam bentuk, Museum Surabaya Siola juga menjadi tempat incaran untuk berburu foto. Bagi pengunjung yang ingin mendatangi Museum Surabaya Siola ini maka tidak harus membayar tiket masuk alias gratis. Siapa saja boleh masuk kedalam Museum Surabaya Siola, karena tempat ini terbuka untuk semua kalangan mulai dari anak-anak sampai dewasa. Manjajal Museum Surabaya untuk dijadikan sebagai destinasi wisata akhir pekanmu sepertinya tidak ada salahnya. Selain bisa mempelajari sejarah Kota Pahlawan, kamu pun akan mendapatkan ilmu pengetahuan yang bermanfaat.",Budaya,Surabaya,0,4.6,https://lh5.googleusercontent.com/p/AF1QipM5TWCzZx06Jkq9t6j7Jj3Ab6qoJIP5BnCH4ea9=w408-h544-k-no,"https://www.google.com/maps/place/Siola+Surabaya+Museum/@-7.2561991,112.7378506,17z/data=!3m1!4b1!4m6!3m5!1s0x2dd7f942c75df75b:0xc57e15b6db89588b!8m2!3d-7.2561991!4d112.7378506!16s%2Fg%2F1pzsyxbxv?entry=ttu","Surabaya Museum (Gedung Siola) Budaya Surabaya Saat ini Museum Surabaya Siola menjelma menjadi sebuah destinasi wisata sejarah yang unik dan menarik untuk dikunjungi. Bukan hanya menyuguhkan cerita masa lampau yang ditampilkan dengan berbagai macam bentuk, Museum Surabaya Siola juga menjadi tempat incaran untuk berburu foto. Bagi pengunjung yang ingin mendatangi Museum Surabaya Siola ini maka tidak harus membayar tiket masuk alias gratis. Siapa saja boleh masuk kedalam Museum Surabaya Siola, karena tempat ini terbuka untuk semua kalangan mulai dari anak-anak sampai dewasa. Manjajal Museum Surabaya untuk dijadikan sebagai destinasi wisata akhir pekanmu sepertinya tidak ada salahnya. Selain bisa mempelajari sejarah Kota Pahlawan, kamu pun akan mendapatkan ilmu pengetahuan yang bermanfaat.",surabaya museum  gedung siola  budaya surabaya museum surabaya siola jelma destinasi wisata sejarah unik tarik kunjung  suguh cerita lampau tampil bentuk  museum surabaya siola incar buru foto  unjung museum surabaya siola bayar tiket masuk alias gratis  masuk dalam museum surabaya siola  buka kalang anak dewasa  manjajal museum surabaya jadi destinasi wisata pekan salah  ajar sejarah kota pahlawan  ilmu tahu manfaat
421,Museum Kesehatan Dr. Adhyatma,"Museum Kesehatan Dr. Adhyatma, MPH adalah museum kesehatan yang dirintis Pemerintah indonesia melalui Departemen Kesehatan pada tanggal 16 Desember 2003. Museum Kesehatan Puslitbang Pelayanan dan Tehnologi kesehatan (PUSLITBANG YANTEKKES) diresmikan oleh Menteri Kesehatan pada tanggal 14 September 2004, sehingga diberi nama Museum Kesehatan Dr. Adhyatma, MPH.Museum Kesehatan Dr. Adhyatma, MPH, berlokasi di Jl. Indrapura 17 Surabaya Jawa Timur.",Budaya,Surabaya,10000,4.4,https://lh5.googleusercontent.com/p/AF1QipPwY-DbyTKvtz5E1_fK2KzSe8JXhH0q9csfH3hw=w408-h306-k-no,"https://www.google.com/maps/place/Museum+Kesehatan+Dr.+Adhyatma,+MPH/@-7.240328,112.731431,17z/data=!3m1!4b1!4m6!3m5!1s0x2dd7f924ee526f07:0x96c9afdc7c30999d!8m2!3d-7.240328!4d112.731431!16s%2Fg%2F1pv2q6k9y?entry=ttu","Museum Kesehatan Dr. Adhyatma Budaya Surabaya Museum Kesehatan Dr. Adhyatma, MPH adalah museum kesehatan yang dirintis Pemerintah indonesia melalui Departemen Kesehatan pada tanggal 16 Desember 2003. Museum Kesehatan Puslitbang Pelayanan dan Tehnologi kesehatan (PUSLITBANG YANTEKKES) diresmikan oleh Menteri Kesehatan pada tanggal 14 September 2004, sehingga diberi nama Museum Kesehatan Dr. Adhyatma, MPH.Museum Kesehatan Dr. Adhyatma, MPH, berlokasi di Jl. Indrapura 17 Surabaya Jawa Timur.",museum sehat dr adhyatma budaya surabaya museum sehat dr adhyatma  mph museum sehat rintis perintah indonesia departemen sehat tanggal 16 desember 2003 museum sehat puslitbang layan tehnologi sehat  puslitbang yantekkes  resmi menteri sehat tanggal 14 september 2004  nama museum sehat dr adhyatma  mph museum sehat dr adhyatma  mph  lokasi jl  indrapura 17 surabaya jawa timur
422,Monumen Jalesveva Jayamahe,"Monumen Jalesveva Jayamahe atau Monjaya adalah sebuah monumen yang terletak di Kota Surabaya, Jawa Timur. Monumen ini menggambarkan sosok Perwira TNI Angkatan Laut berbusana Pakaian Dinas Upacara (PDU) lengkap dengan pedang kehormatan yang sedang menerawang ke arah laut, serasa siap menantang gelombang dan badai di lautan, begitu pula yang ingin di perlihatkan bahwa angkatan laut Indonesia siap berjaya. Patung tersebut berdiri di atas bangunan dan tingginya mencapai 30,6 meter. Monumen Jalesveva Jayamahe menggambarkan generasi penerus bangsa yang yakin dan optimis untuk mencapai cita-cita bangsa Indonesia.Monumen Jalesveva Jayamahe ini juga sesuai dengan motto angkatan laut Jalesveva Jayamahe yang berarti, Di Laut Kita Berjaya. Monumen ini dibangun pada tahun 1993 oleh Pemimpin Kepala Staf TNI Angkatan Laut Maritim Indonesia yang kemudian dilanjutkan dengan Laksamana TNI Muhamad Arifin dan dirancang oleh I Nyoman Nuarta. Selain sebagai monumen, bangunan ini juga difungsikan sebagai mercusuar bagi kapal-kapal yang ada di laut sekitar.",Budaya,Surabaya,0,4.6,https://lh5.googleusercontent.com/p/AF1QipN6PQFovXvhbQknnprQWKmCbgpyT5WdtKUZsYnz=w408-h725-k-no,"https://www.google.com/maps/place/Monumen+Jalesveva+Jayamahe/@-7.1954748,112.7395206,17z/data=!3m1!4b1!4m6!3m5!1s0x2dd7f963d2d4fb4d:0x3265e9a095885998!8m2!3d-7.1954748!4d112.7395206!16s%2Fg%2F1q5jblmjl?entry=ttu","Monumen Jalesveva Jayamahe Budaya Surabaya Monumen Jalesveva Jayamahe atau Monjaya adalah sebuah monumen yang terletak di Kota Surabaya, Jawa Timur. Monumen ini menggambarkan sosok Perwira TNI Angkatan Laut berbusana Pakaian Dinas Upacara (PDU) lengkap dengan pedang kehormatan yang sedang menerawang ke arah laut, serasa siap menantang gelombang dan badai di lautan, begitu pula yang ingin di perlihatkan bahwa angkatan laut Indonesia siap berjaya. Patung tersebut berdiri di atas bangunan dan tingginya mencapai 30,6 meter. Monumen Jalesveva Jayamahe menggambarkan generasi penerus bangsa yang yakin dan optimis untuk mencapai cita-cita bangsa Indonesia.Monumen Jalesveva Jayamahe ini juga sesuai dengan motto angkatan laut Jalesveva Jayamahe yang berarti, Di Laut Kita Berjaya. Monumen ini dibangun pada tahun 1993 oleh Pemimpin Kepala Staf TNI Angkatan Laut Maritim Indonesia yang kemudian dilanjutkan dengan Laksamana TNI Muhamad Arifin dan dirancang oleh I Nyoman Nuarta. Selain sebagai monumen, bangunan ini juga difungsikan sebagai mercusuar bagi kapal-kapal yang ada di laut sekitar.",monumen jalesveva jayamahe budaya surabaya monumen jalesveva jayamahe monjaya monumen letak kota surabaya  jawa timur  monumen gambar sosok perwira tni angkat laut busana pakai dinas upacara  pdu  lengkap pedang hormat terawang arah laut  serasa tantang gelombang badai laut  lihat angkat laut indonesia jaya  patung diri bangun tinggi capai 30 6 meter  monumen jalesveva jayamahe gambar generasi terus bangsa optimis capai cita bangsa indonesia monumen jalesveva jayamahe sesuai motto angkat laut jalesveva jayamahe  laut jaya  monumen bangun 1993 pimpin kepala staf tni angkat laut maritim indonesia lanjut laksamana tni muhamad arifin rancang i nyoman nuarta  monumen  bangun fungsi mercusuar kapal laut
423,Patung Sura dan Buaya,Patung Sura dan Baya (Jawa: Patung Suro lan Boyo) adalah sebuah patung yang merupakan lambang kota Surabaya. Patung ini berada di depan Kebun Binatang Surabaya. Patung ini terdiri atas dua hewan ini yang menjadi inspirasi nama kota Surabaya: ikan sura (hiu) dan baya (buaya).,Budaya,Surabaya,0,4.7,https://lh5.googleusercontent.com/p/AF1QipN9D5yRGuWHzQEPYNXpbQbSOnvqBOXALI-wPCds=w408-h544-k-no,"https://www.google.com/maps/place/Suro+and+Boyo+Statue/@-7.2960492,112.7387012,17z/data=!3m1!4b1!4m6!3m5!1s0x2dd7fb97dde14831:0x9e68091c03f959fb!8m2!3d-7.2960492!4d112.7387012!16s%2Fg%2F1230v9vx?entry=ttu",Patung Sura dan Buaya Budaya Surabaya Patung Sura dan Baya (Jawa: Patung Suro lan Boyo) adalah sebuah patung yang merupakan lambang kota Surabaya. Patung ini berada di depan Kebun Binatang Surabaya. Patung ini terdiri atas dua hewan ini yang menjadi inspirasi nama kota Surabaya: ikan sura (hiu) dan baya (buaya).,patung sura buaya budaya surabaya patung sura baya  jawa  patung suro lan boyo  patung lambang kota surabaya  patung kebun binatang surabaya  patung hewan inspirasi nama kota surabaya  ikan sura  hiu  baya  buaya
424,Pantai Ria Kenjeran,"Obyek wisata Pantai Ria Kenjeran Surabaya merupakan salah satu destinasi wisata ketika mengujungi kota Surabaya. Pantai ini termasuk salah satu wisata andalan kota Surabaya yang selalu ramai pengunjung. Lokasi Pantai Ria Kenjeran terletak di Kecamatan Kenjeran Timur Surabaya, Propinsi Jawa Timur. Kawasan Pantai Ria Kenjeran ini sudah terkenal dengan berbagai wahana dan tempat rekreasi keluarga khususnya bagi warga Kenjeran. Pantai yang juga mendapatkan julukan sebagai Kenpark ini berdekatan dengan Jembatan Suramadu. Pantai Kenjeran biasanya dimanfaatkan masyarakat sekitar untuk melepas penat dari rutinitas setiap hari. Banyak juga wisatawan yang juga berwisata ke pantai ini. Pantai yang terletak tak begitu jauh dari pusat Kota Surabaya ini juga buka setiap hari selama 24 jam, jadi tidak perlu khawatir jika Anda ingin berkunjung kapan saja. Pantai ini memiliki fasilitas yang cukup lengkap, seperti arena bermain untuk anak yang disebut Kya kya Seaside, ada juga Pagoda Tuan Ti, jembatan kayu dengan gazebo untuk bersantai dan foto. Ada juga waterpark dan area bermain anak di sekitar pantai ini. Juga terdapat persewaan perahu yang dapat dinaiki oleh para pengunjung untuk menikmati keindahan Pantai Ria Kenjeran dari area pesisir laut dengan tarif sekitar Rp 5.000,-.",Bahari,Surabaya,15000,4.2,https://lh5.googleusercontent.com/p/AF1QipNSiHXVCMrsslyn-0CIfB0qu7dgr5xip-o80WYK=w408-h306-k-no,"https://www.google.com/maps/place/Ria+Beach+Kenjeran/@-7.2509164,112.8009332,17z/data=!3m1!4b1!4m6!3m5!1s0x2e79be2f20f43191:0xad5c2fdaadec1f28!8m2!3d-7.2509164!4d112.8009332!16s%2Fg%2F1tj3hh0v?entry=ttu","Pantai Ria Kenjeran Bahari Surabaya Obyek wisata Pantai Ria Kenjeran Surabaya merupakan salah satu destinasi wisata ketika mengujungi kota Surabaya. Pantai ini termasuk salah satu wisata andalan kota Surabaya yang selalu ramai pengunjung. Lokasi Pantai Ria Kenjeran terletak di Kecamatan Kenjeran Timur Surabaya, Propinsi Jawa Timur. Kawasan Pantai Ria Kenjeran ini sudah terkenal dengan berbagai wahana dan tempat rekreasi keluarga khususnya bagi warga Kenjeran. Pantai yang juga mendapatkan julukan sebagai Kenpark ini berdekatan dengan Jembatan Suramadu. Pantai Kenjeran biasanya dimanfaatkan masyarakat sekitar untuk melepas penat dari rutinitas setiap hari. Banyak juga wisatawan yang juga berwisata ke pantai ini. Pantai yang terletak tak begitu jauh dari pusat Kota Surabaya ini juga buka setiap hari selama 24 jam, jadi tidak perlu khawatir jika Anda ingin berkunjung kapan saja. Pantai ini memiliki fasilitas yang cukup lengkap, seperti arena bermain untuk anak yang disebut Kya kya Seaside, ada juga Pagoda Tuan Ti, jembatan kayu dengan gazebo untuk bersantai dan foto. Ada juga waterpark dan area bermain anak di sekitar pantai ini. Juga terdapat persewaan perahu yang dapat dinaiki oleh para pengunjung untuk menikmati keindahan Pantai Ria Kenjeran dari area pesisir laut dengan tarif sekitar Rp 5.000,-.",pantai ria kenjeran bahari surabaya obyek wisata pantai ria kenjeran surabaya salah destinasi wisata ujung kota surabaya  pantai salah wisata andal kota surabaya ramai unjung  lokasi pantai ria kenjeran letak camat kenjeran timur surabaya  propinsi jawa timur  kawasan pantai ria kenjeran kenal wahana rekreasi keluarga warga kenjeran  pantai juluk kenpark dekat jembatan suramadu  pantai kenjeran manfaat masyarakat lepas penat rutinitas  wisatawan wisata pantai  pantai letak pusat kota surabaya buka 24 jam  khawatir kunjung  pantai milik fasilitas lengkap  arena main anak kya kya seaside  pagoda tuan ti  jembatan kayu gazebo santa foto  waterpark area main anak pantai  sewa perahu naik unjung nikmat indah pantai ria kenjeran area pesisir laut tarif rp 5 000  -
425,Waterpark Kenjeran Surabaya,"Waterpark Kenjeran Surabaya merupakan wisata keluarga dengan permainan air dan olahraga renang. Terdapat berbagai wahana menarik bagi keluarga dan anak-anak. Berlokasi tidak jauh dari kawasan wisata pantai kenjeran dan Atlantis Land Kenjeran. Suasana pepohonan di sekitar area kolam renang memberikan kesan yang teduh di kolam. Terdapat bangunan dengan bentuk istana negeri dongeng yang menghiasi. Dengan warna-warni khas buku cerita anak.
",Taman Hiburan,Surabaya,35000,4.1,https://lh5.googleusercontent.com/p/AF1QipMAtS2xzOoZm6CuAOw4aB5Nib4ro2OrW-swc2t8=w426-h240-k-no,"https://www.google.com/maps/place/Waterpark+Kenjeran/@-7.2477963,112.7998235,17z/data=!3m1!4b1!4m6!3m5!1s0x2dd7f9e61a20291d:0xbca24da19379cb19!8m2!3d-7.2477963!4d112.7998235!16s%2Fg%2F1hm48wwbn?entry=ttu","Waterpark Kenjeran Surabaya Taman Hiburan Surabaya Waterpark Kenjeran Surabaya merupakan wisata keluarga dengan permainan air dan olahraga renang. Terdapat berbagai wahana menarik bagi keluarga dan anak-anak. Berlokasi tidak jauh dari kawasan wisata pantai kenjeran dan Atlantis Land Kenjeran. Suasana pepohonan di sekitar area kolam renang memberikan kesan yang teduh di kolam. Terdapat bangunan dengan bentuk istana negeri dongeng yang menghiasi. Dengan warna-warni khas buku cerita anak.
",waterpark kenjeran surabaya taman hibur surabaya waterpark kenjeran surabaya wisata keluarga main air olahraga renang  wahana tarik keluarga anak  lokasi kawasan wisata pantai kenjeran atlantis land kenjeran  suasana pohon area kolam renang kesan teduh kolam  bangun bentuk istana negeri dongeng hias  warna-warni khas buku cerita anak
426,Balai Kota Surabaya,"Surabaya sebagai Resort Gemeente (Haminte) secara resmi mulai berdiri pada tanggal 1 April 1906. Sebelumnya Surabaya merupakan bagian dari karesidenan Pemerintah Haminte dijalankan oleh Dewan Haminte yang diketuai oleh asisten residen sebagai Kepala Daerah.\nTahun 1916 diangkat Wali kota Surabaya pertama, A. Meyroos yang bertugas sampai tahun 1921. Baru setelah wali kota yang kedua, G.J. DIJKERMAN, terpilih, rencana membangun gedung Balai Kota diwujudkan.\nGedung utama Balai Kota di Taman Surya di daerah Ketabang itu mulai dibangun pada tahun 1923 dan mulai ditempati pada tahun 1927. Arsiteknya ialah C. Citroen dan pelaksanaannya H.V. Hollandsche Beton Mij. Biaya seluruhnya, termasuk perlengkapan dan lain-lainnya, menghabiskan dana sekitar 1000 gulden.\n\nUkuran gedung utama: panjang 102 m dan lebar 19 m. Konstruksinya terdiri dari tiang-tiang pancang beton bertulang yang ditanam, sedangkan dinding-dindingnya diisi dengan bata dan semen. Atapnya terbuat dari rangka besi dan ditutup dengan sirap, Belakangan atap ini kemudian diganti dengan genteng.\nSetelah Republik Indonesia diproklamirkan, dilantiklah Radjamin Nasution sebagai Wali kota Kota Besar Surabaya. Berdasarkan Penpres 1959 No. 16 maka ditetapkan Wali kota menjadi Kepala Daerah Kota Surabaya. Tahun 1965 Kotapraja Surabaya resmi menjadi Kotamadya.",Budaya,Surabaya,0,4.7,https://lh5.googleusercontent.com/p/AF1QipOmcedVap0QukO0jBZab_chxComEuTQxZu2KRSx=w408-h272-k-no,"https://www.google.com/maps/place/Surabaya+City+Hall/@-7.2596862,112.746916,17z/data=!3m1!4b1!4m6!3m5!1s0x2dd7f9646b08d2f3:0xb888b6981b3cdc59!8m2!3d-7.2596862!4d112.746916!16s%2Fg%2F1ywqfxlz8?entry=ttu","Balai Kota Surabaya Budaya Surabaya Surabaya sebagai Resort Gemeente (Haminte) secara resmi mulai berdiri pada tanggal 1 April 1906. Sebelumnya Surabaya merupakan bagian dari karesidenan Pemerintah Haminte dijalankan oleh Dewan Haminte yang diketuai oleh asisten residen sebagai Kepala Daerah.\nTahun 1916 diangkat Wali kota Surabaya pertama, A. Meyroos yang bertugas sampai tahun 1921. Baru setelah wali kota yang kedua, G.J. DIJKERMAN, terpilih, rencana membangun gedung Balai Kota diwujudkan.\nGedung utama Balai Kota di Taman Surya di daerah Ketabang itu mulai dibangun pada tahun 1923 dan mulai ditempati pada tahun 1927. Arsiteknya ialah C. Citroen dan pelaksanaannya H.V. Hollandsche Beton Mij. Biaya seluruhnya, termasuk perlengkapan dan lain-lainnya, menghabiskan dana sekitar 1000 gulden.\n\nUkuran gedung utama: panjang 102 m dan lebar 19 m. Konstruksinya terdiri dari tiang-tiang pancang beton bertulang yang ditanam, sedangkan dinding-dindingnya diisi dengan bata dan semen. Atapnya terbuat dari rangka besi dan ditutup dengan sirap, Belakangan atap ini kemudian diganti dengan genteng.\nSetelah Republik Indonesia diproklamirkan, dilantiklah Radjamin Nasution sebagai Wali kota Kota Besar Surabaya. Berdasarkan Penpres 1959 No. 16 maka ditetapkan Wali kota menjadi Kepala Daerah Kota Surabaya. Tahun 1965 Kotapraja Surabaya resmi menjadi Kotamadya.",balai kota surabaya budaya surabaya surabaya resort gemeente  haminte  resmi diri tanggal 1 april 1906 surabaya karesidenan perintah haminte jalan dewan haminte tuai asisten residen kepala daerah ntahun 1916 angkat wali kota surabaya  a meyroos tugas 1921 wali kota  g j  dijkerman  pilih  rencana bangun gedung balai kota wujud ngedung utama balai kota taman surya daerah ketabang bangun 1923 tempat 1927 arsitek c citroen laksana h v  hollandsche beton mij  biaya  lengkap lain  habis dana 1000 gulden n nukuran gedung utama  102 m lebar 19 m konstruksi tiang pancang beton tulang tanam  dinding isi bata semen  atap buat rangka besi tutup sirap  atap ganti genteng nsetelah republik indonesia diproklamirkan  lantik radjamin nasution wali kota kota surabaya  dasar penpres 1959 no  16 tetap wali kota kepala daerah kota surabaya  1965 kotapraja surabaya resmi kotamadya
427,Patung Buddha Empat Rupa,"Terletak di sudut Pantai Ria Kenjeran, Patung Buddha Empat Rupa ini sering digunakan oleh pemuda-pemudi setempat untuk tempat nongkrong dan berkumpul. Dibangun mulai tahun 2003 dan mempunyai lahan sekitar 1,5 hektare dan berukuran 9×9 meter membuatnya menghabiskan sekitar Rp 4 Milyar dalam pembuatannya. Dan patung ini semakin megah karena dilapisi oleh emas murni yang diimpor langsung dari Thailand. Bangunan ini dikelilingi oleh 4 pilar, yaitu pilar hijau dan pilar emas. Empat wajah yang terdapat di patung ini menggambarkan empat sifat yang baik dari Buddha, yaitu pengasih, murah hati, adil, dan meditasi. Selain melihat patung Buddha ini, jika Kamu berkunjung ke sini maka Kamu akan melihat beberapa patung gajah yang ada di sekeliling patung Buddha ini. Dan menariknya, patung ini dianggap MURI sebagai patung tertinggi di Indonesia.",Budaya,Surabaya,0,4.6,https://lh5.googleusercontent.com/p/AF1QipOMf0CncotBrZtm16bwmAtgzTPO-Onwv_P5ROfJ=w408-h725-k-no,"https://www.google.com/maps/place/Patung+Buddha+Empat+Wajah/@-7.2472841,112.8010814,17z/data=!3m1!4b1!4m6!3m5!1s0x2dd7f9e65c5bce11:0x7e58c2ba53654bc7!8m2!3d-7.2472841!4d112.8010814!16s%2Fg%2F11j8k90r6h?entry=ttu","Patung Buddha Empat Rupa Budaya Surabaya Terletak di sudut Pantai Ria Kenjeran, Patung Buddha Empat Rupa ini sering digunakan oleh pemuda-pemudi setempat untuk tempat nongkrong dan berkumpul. Dibangun mulai tahun 2003 dan mempunyai lahan sekitar 1,5 hektare dan berukuran 9×9 meter membuatnya menghabiskan sekitar Rp 4 Milyar dalam pembuatannya. Dan patung ini semakin megah karena dilapisi oleh emas murni yang diimpor langsung dari Thailand. Bangunan ini dikelilingi oleh 4 pilar, yaitu pilar hijau dan pilar emas. Empat wajah yang terdapat di patung ini menggambarkan empat sifat yang baik dari Buddha, yaitu pengasih, murah hati, adil, dan meditasi. Selain melihat patung Buddha ini, jika Kamu berkunjung ke sini maka Kamu akan melihat beberapa patung gajah yang ada di sekeliling patung Buddha ini. Dan menariknya, patung ini dianggap MURI sebagai patung tertinggi di Indonesia.",patung buddha rupa budaya surabaya letak sudut pantai ria kenjeran  patung buddha rupa pemuda-pemudi nongkrong kumpul  bangun 2003 lahan 1 5 hektare ukur 9 9 meter buat habis rp 4 milyar buat  patung megah lapis emas murni impor langsung thailand  bangun keliling 4 pilar  pilar hijau pilar emas  wajah patung gambar sifat buddha  asih  murah hati  adil  meditasi  patung buddha  kunjung patung gajah keliling patung buddha  tarik  patung anggap muri patung tinggi indonesia
428,Monumen Bambu Runcing Surabaya,"Monumen Bambu Runcing adalah ikon pariwisata Surabaya yang berhubungan dengan situs sejarah perjuangan bangsa. Monumen ini terdiri dari 5 pilar dan memiliki tinggi yang tidak sama dan dibentuk seperti bambu runcing. Sayangnya, tidak ada estimasi yang tepat tentang tinggi pada masing-masing pilar. Pada waktu tertentu, akan ada air yang mengalir keluar dari bambu runcing, layaknya air mancur. Selain itu, monumen ini dikelilingi oleh taman kecil yang penuh dengan beragam tanaman hias. Monumen Bambu Runcing ini terletak di jantung kota Surabaya, di tengah ramainya lalu lintas jalan Panglima Sudirman. Para pengunjung yang datang ke Surabaya akan langsung mengenali keberadaan monumen ini saat melintasinya. Monumen ini juga dekat dengan Kebun Binatang Surabaya, Tunjungan Plaza, Surabaya Plaza dan Tugu Pahlawan Surabaya.",Budaya,Surabaya,0,4.7,https://lh5.googleusercontent.com/p/AF1QipMy51Wf8C2LhIIamJb-5viioqlZSN7UgwH7Ojut=w408-h306-k-no,"https://www.google.com/maps/place/Monumen+Bambu+Runcing/@-7.267778,112.7443989,17z/data=!3m1!4b1!4m6!3m5!1s0x2dd7fbddb2a74839:0x88761ff5fd601d21!8m2!3d-7.267778!4d112.7443989!16s%2Fg%2F1pzt98g9p?entry=ttu","Monumen Bambu Runcing Surabaya Budaya Surabaya Monumen Bambu Runcing adalah ikon pariwisata Surabaya yang berhubungan dengan situs sejarah perjuangan bangsa. Monumen ini terdiri dari 5 pilar dan memiliki tinggi yang tidak sama dan dibentuk seperti bambu runcing. Sayangnya, tidak ada estimasi yang tepat tentang tinggi pada masing-masing pilar. Pada waktu tertentu, akan ada air yang mengalir keluar dari bambu runcing, layaknya air mancur. Selain itu, monumen ini dikelilingi oleh taman kecil yang penuh dengan beragam tanaman hias. Monumen Bambu Runcing ini terletak di jantung kota Surabaya, di tengah ramainya lalu lintas jalan Panglima Sudirman. Para pengunjung yang datang ke Surabaya akan langsung mengenali keberadaan monumen ini saat melintasinya. Monumen ini juga dekat dengan Kebun Binatang Surabaya, Tunjungan Plaza, Surabaya Plaza dan Tugu Pahlawan Surabaya.",monumen bambu runcing surabaya budaya surabaya monumen bambu runcing ikon pariwisata surabaya hubung situs sejarah juang bangsa  monumen 5 pilar milik bentuk bambu runcing  sayang  estimasi pilar   air alir bambu runcing  layak air mancur   monumen keliling taman penuh agam tanam hias  monumen bambu runcing letak jantung kota surabaya  ramai lintas jalan panglima sudirman  unjung surabaya langsung nali ada monumen lintas  monumen kebun binatang surabaya  tunjung plaza  surabaya plaza tugu pahlawan surabaya
429,House of Sampoerna,"House of Sampoerna adalah sebuah museum tembakau dan markas besar Sampoerna yang terletak di Surabaya. Gaya arsitektur dari bangunan utamanya yang dipengaruhi oleh gaya kolonial Belanda dibangun pada 1862 dan sekarang menjadi situs sejarah. Sebelumnya dipakai sebagai panti asuhan yang diurus oleh Belanda, tempat tersebut dibeli pada 1932 oleh Liem Seeng Tee‚ pendiri Sampoerna‚ dengan tujuan dipakai sebagai fasilitas produksi rokok besar pertama Sampoerna.",Budaya,Surabaya,0,3.4,https://lh5.googleusercontent.com/p/AF1QipMKjbBAVkmmI0ZC1GzyosMHYtmyTqdoxMwepXJL=w408-h306-k-no,"https://www.google.com/maps/place/House+of+Sampoerna/@-7.2308173,112.7342344,17z/data=!3m1!4b1!4m6!3m5!1s0x2dd7f9cfe868dbd9:0x7f23d49a9dde15de!8m2!3d-7.2308173!4d112.7342344!16s%2Fg%2F11h32ydphp?entry=ttu","House of Sampoerna Budaya Surabaya House of Sampoerna adalah sebuah museum tembakau dan markas besar Sampoerna yang terletak di Surabaya. Gaya arsitektur dari bangunan utamanya yang dipengaruhi oleh gaya kolonial Belanda dibangun pada 1862 dan sekarang menjadi situs sejarah. Sebelumnya dipakai sebagai panti asuhan yang diurus oleh Belanda, tempat tersebut dibeli pada 1932 oleh Liem Seeng Tee‚ pendiri Sampoerna‚ dengan tujuan dipakai sebagai fasilitas produksi rokok besar pertama Sampoerna.",house of sampoerna budaya surabaya house of sampoerna museum tembakau markas sampoerna letak surabaya  gaya arsitektur bangun utama pengaruh gaya kolonial belanda bangun 1862 situs sejarah  pakai panti asuh urus belanda  beli 1932 liem seeng tee diri sampoerna tuju pakai fasilitas produksi rokok sampoerna
430,Atlantis Land Surabaya,"Sejak diresmikan pada bulan Desember 2017, Atlantis Land Kenjeran Surabaya sudah sukses mendatangkan banyak pengunjung. Taman wisata air ini menjadi taman air terbesar di Kota Surabaya. Lokasinya terletak satu wilayah dengan Kenjeran Park, atau familiar disebut Ken Park. Tepatnya di Jalan Pantai Ria Kenjeran, Sukolilo Baru, Bulak, Surabaya, Jawa Timur. Taman wisata air ini memiliki luas sekitar 15 hektar dengan desain asli milik arsitek Australia. Tema yang diambil untuk taman wisata air ini adalah istana bawah laut. Dengan tema tersebut, gerbang masuk Atlantis Land Kenjeran Surabaya memiliki dinding bangunan utama berwarna biru. Dinding utama tersebut dihiasi dengan garis-garis menyerupai ombak berwarna putih. Atapnya berwarna kuning kecokelatan dan menjulang tinggi bagai istana. Di kedua sisi bangunan utama, terdapat bangunan berdinding cokelat dengan ornamen belahan kayu. Bangunan ini memberi kesan bagaikan kapal pesiar yang belum rampung dibuat. Sebuah patung neptunus berwarna kuning juga terlihat menghiasi salah satu sudut tembok taman ini. Dekorasi yang ada di Atlantis Land Kenjeran akan memberi suasana bagaikan berada di sebuah kastil.",Taman Hiburan,Surabaya,125000,4.3,https://lh5.googleusercontent.com/p/AF1QipP7JfmdnrzobsZqOoqRZ-24OI4_cZ1NCHhMTEkS=w408-h306-k-no,"https://www.google.com/maps/place/Atlantis+Land/@-7.2528206,112.8023104,17z/data=!3m1!4b1!4m6!3m5!1s0x2dd7f9c325b22d9d:0x8699df8a60e7c5a2!8m2!3d-7.2528206!4d112.8023104!16s%2Fg%2F11gfd6q90s?entry=ttu","Atlantis Land Surabaya Taman Hiburan Surabaya Sejak diresmikan pada bulan Desember 2017, Atlantis Land Kenjeran Surabaya sudah sukses mendatangkan banyak pengunjung. Taman wisata air ini menjadi taman air terbesar di Kota Surabaya. Lokasinya terletak satu wilayah dengan Kenjeran Park, atau familiar disebut Ken Park. Tepatnya di Jalan Pantai Ria Kenjeran, Sukolilo Baru, Bulak, Surabaya, Jawa Timur. Taman wisata air ini memiliki luas sekitar 15 hektar dengan desain asli milik arsitek Australia. Tema yang diambil untuk taman wisata air ini adalah istana bawah laut. Dengan tema tersebut, gerbang masuk Atlantis Land Kenjeran Surabaya memiliki dinding bangunan utama berwarna biru. Dinding utama tersebut dihiasi dengan garis-garis menyerupai ombak berwarna putih. Atapnya berwarna kuning kecokelatan dan menjulang tinggi bagai istana. Di kedua sisi bangunan utama, terdapat bangunan berdinding cokelat dengan ornamen belahan kayu. Bangunan ini memberi kesan bagaikan kapal pesiar yang belum rampung dibuat. Sebuah patung neptunus berwarna kuning juga terlihat menghiasi salah satu sudut tembok taman ini. Dekorasi yang ada di Atlantis Land Kenjeran akan memberi suasana bagaikan berada di sebuah kastil.",atlantis land surabaya taman hibur surabaya resmi desember 2017  atlantis land kenjeran surabaya sukses unjung  taman wisata air taman air besar kota surabaya  lokasi letak wilayah kenjeran park  familiar ken park  tepat jalan pantai ria kenjeran  sukolilo  bulak  surabaya  jawa timur  taman wisata air milik luas 15 hektar desain asli milik arsitek australia  tema ambil taman wisata air istana laut  tema  gerbang masuk atlantis land kenjeran surabaya milik dinding bangun utama warna biru  dinding utama hias garis rupa ombak warna putih  atap warna kuning cokelat julang istana  sisi bangun utama  bangun dinding cokelat ornamen bahan kayu  bangun kesan kapal pesiar rampung  patung neptunus warna kuning hias salah sudut tembok taman  dekorasi atlantis land kenjeran suasana kastil
431,Taman Hiburan Rakyat,Taman Hiburan Rakyat atau THR tentunya sudah tak asing lagi bagi masyarakat Surabaya. Taman ini berletak di belakang Taman Remaja Surabaya (TRS) dan juga ada di belakang Hi-Tech Mall. THR biasanya digunakan untuk pertunjukan kesenian daerah. Taman ini menjadi ikon Surabaya karena sejarahnya yang cukup menarik.,Taman Hiburan,Surabaya,5000,4.2,https://lh5.googleusercontent.com/p/AF1QipOz28dCFUqkE9-4vJpd9v6sIAeYcPz3C71kA2lK=w408-h306-k-no,"https://www.google.com/maps/place/Taman+Hiburan+Rakyat/@-7.252291,112.7520012,17z/data=!3m1!4b1!4m6!3m5!1s0x2dd7f96e10ebbd11:0x5ec5b99212ab2c93!8m2!3d-7.252291!4d112.7520012!16s%2Fm%2F0k9bhcb?entry=ttu",Taman Hiburan Rakyat Taman Hiburan Surabaya Taman Hiburan Rakyat atau THR tentunya sudah tak asing lagi bagi masyarakat Surabaya. Taman ini berletak di belakang Taman Remaja Surabaya (TRS) dan juga ada di belakang Hi-Tech Mall. THR biasanya digunakan untuk pertunjukan kesenian daerah. Taman ini menjadi ikon Surabaya karena sejarahnya yang cukup menarik.,taman hibur rakyat taman hibur surabaya taman hibur rakyat thr asing masyarakat surabaya  taman letak taman remaja surabaya  trs  hi-tech mall  thr tunjuk seni daerah  taman ikon surabaya sejarah tarik
432,Taman Mundu,"Taman Mundu merupakan salah satu taman atau ruang terbuka hijau terutama bagi warga kota Surabaya, taman ini lebih tepatnya berada di Jl. Tambaksari atau berada di seberang Stadion Gelora Sepuluh November Tambaksari Surabaya. Taman Mundu dibangun menempati area seluas 4.800 meter persegi dan pembangunannya diresmikan pada 10 Juli 2010. Taman yang cantik ini mempunyai berbagai fasilitas yang bisa dinikmati dan digunakan oleh warga Surabaya atau siapapun yang mengunjungi taman ini, diantarnya fasilitas arena bermain bagi anak-anak,",Taman Hiburan,Surabaya,0,4.4,https://lh5.googleusercontent.com/p/AF1QipMZ1g3s0vELS4g41G0IYBRfsEGRMwyBLiNZUs20=w408-h306-k-no,"https://www.google.com/maps/place/Taman+Mundu/@-7.2516046,112.7545983,17z/data=!3m1!4b1!4m6!3m5!1s0x2dd7f9717b3e06b7:0x597ce3c7f0c8762e!8m2!3d-7.2516046!4d112.7545983!16s%2Fg%2F11b6p30wtr?entry=ttu","Taman Mundu Taman Hiburan Surabaya Taman Mundu merupakan salah satu taman atau ruang terbuka hijau terutama bagi warga kota Surabaya, taman ini lebih tepatnya berada di Jl. Tambaksari atau berada di seberang Stadion Gelora Sepuluh November Tambaksari Surabaya. Taman Mundu dibangun menempati area seluas 4.800 meter persegi dan pembangunannya diresmikan pada 10 Juli 2010. Taman yang cantik ini mempunyai berbagai fasilitas yang bisa dinikmati dan digunakan oleh warga Surabaya atau siapapun yang mengunjungi taman ini, diantarnya fasilitas arena bermain bagi anak-anak,",taman mundu taman hibur surabaya taman mundu salah taman ruang buka hijau warga kota surabaya  taman tepat jl  tambaksari seberang stadion gelora puluh november tambaksari surabaya  taman mundu bangun tempat area luas 4 800 meter persegi bangun resmi 10 juli 2010 taman cantik fasilitas nikmat warga surabaya unjung taman  antar fasilitas arena main anak
433,Museum Mpu Tantular,"Museum Negeri Mpu Tantular adalah sebuah museum negeri yang berlokasi di kecamatan Buduran, Sidoarjo, Jawa Timur. Awalnya, museum ini bernama Stedelijk Historisch Museum Soerabaia, didirikan oleh Godfried von Faber pada tahun 1933 dan diresmikan pada tanggal 25 Juli 1937. Saat ini, museum ini dikelola oleh Unit Pelaksana Teknis pada Departemen Kebudayaan dan Pariwisata.",Budaya,Surabaya,2000,4.5,https://lh5.googleusercontent.com/p/AF1QipPzgZZVwKYWozXuFkZtJ7vaCRfbv9yg4BkrVB1-=w408-h306-k-no,"https://www.google.com/maps/place/Museum+Mpu+Tantular/@-7.433661,112.720328,17z/data=!3m1!4b1!4m6!3m5!1s0x2dd7f963d2d4fb4d:0xfd521173211bad9f!8m2!3d-7.433661!4d112.720328!16s%2Fg%2F12203whl?entry=ttu","Museum Mpu Tantular Budaya Surabaya Museum Negeri Mpu Tantular adalah sebuah museum negeri yang berlokasi di kecamatan Buduran, Sidoarjo, Jawa Timur. Awalnya, museum ini bernama Stedelijk Historisch Museum Soerabaia, didirikan oleh Godfried von Faber pada tahun 1933 dan diresmikan pada tanggal 25 Juli 1937. Saat ini, museum ini dikelola oleh Unit Pelaksana Teknis pada Departemen Kebudayaan dan Pariwisata.",museum mpu tantular budaya surabaya museum negeri mpu tantular museum negeri lokasi camat budur  sidoarjo  jawa timur   museum nama stedelijk historisch museum soerabaia  diri godfried von faber 1933 resmi tanggal 25 juli 1937  museum kelola unit laksana teknis departemen budaya pariwisata
434,Taman Bungkul,"Taman Bungkul adalah taman wisata kota yang terletak di pusat kota Surabaya, tepatnya di Jalan Raya Darmo. Taman ini berdiri di area seluas 900 meter persegi. Dilengkapi berbagai fasilitas penunjang, seperti amfiteater berdiameter 33 meter, lajur joging, lahan papan luncur, taman bermain anak-anak, air mancur, dan pujasera. Selain itu, taman ini juga dilengkapi akses internet nirkabel yang terbuka untuk umum sehingga siapapun bisa mengakses internet selama di taman ini. Letaknya yang berada di jantung Kota Surabaya membuat taman ini tidak hanya berfungsi sebagai lahan hijau saja, tetapi juga sebagai destinasi wisata yang populer di Surabaya.",Taman Hiburan,Surabaya,0,4.6,https://lh5.googleusercontent.com/p/AF1QipNqn5-cYVBeLgT8DOW4bDrGIBY00Z7bXJO2c59a=w408-h267-k-no,"https://www.google.com/maps/place/Bungkul+Park/@-7.2913468,112.7398218,17z/data=!3m1!4b1!4m6!3m5!1s0x2dd7fbbe1837258d:0x6de4060b6596563f!8m2!3d-7.2913468!4d112.7398218!16s%2Fg%2F121_bvsv?entry=ttu","Taman Bungkul Taman Hiburan Surabaya Taman Bungkul adalah taman wisata kota yang terletak di pusat kota Surabaya, tepatnya di Jalan Raya Darmo. Taman ini berdiri di area seluas 900 meter persegi. Dilengkapi berbagai fasilitas penunjang, seperti amfiteater berdiameter 33 meter, lajur joging, lahan papan luncur, taman bermain anak-anak, air mancur, dan pujasera. Selain itu, taman ini juga dilengkapi akses internet nirkabel yang terbuka untuk umum sehingga siapapun bisa mengakses internet selama di taman ini. Letaknya yang berada di jantung Kota Surabaya membuat taman ini tidak hanya berfungsi sebagai lahan hijau saja, tetapi juga sebagai destinasi wisata yang populer di Surabaya.",taman bungkul taman hibur surabaya taman bungkul taman wisata kota letak pusat kota surabaya  tepat jalan raya darmo  taman diri area luas 900 meter persegi  lengkap fasilitas tunjang  amfiteater diameter 33 meter  lajur joging  lahan papan luncur  taman main anak  air mancur  pujasera   taman lengkap akses internet nirkabel buka akses internet taman  letak jantung kota surabaya taman fungsi lahan hijau  destinasi wisata populer surabaya
435,Taman Air Mancur Menari Kenjeran,"Air mancur menari atau dancing fountain juga ada di kawasan jembatan kenjeran Surabaya. Air mancur ini di buat bersamaan dengan pembuatan jembatan kenjeran, di resmikan pada tanggal 9 juli 2016 lalu. Sejak diresmikannya air mancur dan jembatan yang membentang di atas laut dengan panjang 800 meter ini menjadi tujuan wisata bagi warga Surabaya dan sekitarnya. Dancing fountain yang indah tidak lepas dari komponen-komponen yang bekerja di dalamnya seperti nozzle sebagai tempat keluarnya air, dari nozzle inilah semburan air bisa berubah ubah. Air yang keluar di dorong oleh pompa air mancur yang mendorong dari tempat rendah ke tempat lebih tinggi. Pemilihan lampu yang tepat akan menambah kualitas pencahayaan lebih terang, sebaiknya menggunakan underwater led atau waterproof led karena lampu ini bersifat tahan air. Tentu akan menambah tampilan air mancur menari lebih memikat.",Taman Hiburan,Surabaya,0,4.5,https://lh5.googleusercontent.com/p/AF1QipO5rrohzbOpSBhhqpyL8dZJPa8L7t_ME-GStZCo=w408-h275-k-no,"https://www.google.com/maps/place/Taman+Air+Mancur+Menari+Kenjeran/@-7.2356933,112.7955234,17z/data=!3m1!4b1!4m6!3m5!1s0x2dd7f9c4fb73a6d3:0x3f849d545ee0ea29!8m2!3d-7.2356933!4d112.7955234!16s%2Fg%2F11cly1qhkp?entry=ttu","Taman Air Mancur Menari Kenjeran Taman Hiburan Surabaya Air mancur menari atau dancing fountain juga ada di kawasan jembatan kenjeran Surabaya. Air mancur ini di buat bersamaan dengan pembuatan jembatan kenjeran, di resmikan pada tanggal 9 juli 2016 lalu. Sejak diresmikannya air mancur dan jembatan yang membentang di atas laut dengan panjang 800 meter ini menjadi tujuan wisata bagi warga Surabaya dan sekitarnya. Dancing fountain yang indah tidak lepas dari komponen-komponen yang bekerja di dalamnya seperti nozzle sebagai tempat keluarnya air, dari nozzle inilah semburan air bisa berubah ubah. Air yang keluar di dorong oleh pompa air mancur yang mendorong dari tempat rendah ke tempat lebih tinggi. Pemilihan lampu yang tepat akan menambah kualitas pencahayaan lebih terang, sebaiknya menggunakan underwater led atau waterproof led karena lampu ini bersifat tahan air. Tentu akan menambah tampilan air mancur menari lebih memikat.",taman air mancur tari kenjeran taman hibur surabaya air mancur tari dancing fountain kawasan jembatan kenjeran surabaya  air mancur sama buat jembatan kenjeran  resmi tanggal 9 juli 2016  resmi air mancur jembatan bentang laut 800 meter tuju wisata warga surabaya  dancing fountain indah lepas komponen dalam nozzle keluar air  nozzle sembur air ubah ubah  air dorong pompa air mancur dorong rendah  pilih lampu tambah kualitas cahaya terang  underwater led waterproof led lampu sifat tahan air  tambah tampil air mancur tari mikat
436,Taman Flora Bratang Surabaya,Taman Flora adalah salah satu taman kota di Surabaya yang merupakan fasilitas publik dari Pemkot setempat. Sehingga tempat ini memang sengaja dibuat untuk dinikmati oleh khalayak umum. Karena taman ini merupakan fasilitas publik yang didirikan oleh Pemkot Surabaya maka bagi siapa saja jika ingin memanfaatkan taman kota ini tidak perlu membayar tiket masuk alias gratis.,Taman Hiburan,Surabaya,0,4.7,https://lh5.googleusercontent.com/p/AF1QipOrHaMSFm2x1n9ss3rNHXRYmalTBpqgtJgq5MXc=w408-h544-k-no,"https://www.google.com/maps/place/Taman+Flora+Bratang+Surabaya/@-7.2943303,112.7617534,17z/data=!3m1!4b1!4m6!3m5!1s0x2dd7fbb2807f4593:0x51d06bd30548e1d6!8m2!3d-7.2943303!4d112.7617534!16s%2Fg%2F11c6dzw5g7?entry=ttu",Taman Flora Bratang Surabaya Taman Hiburan Surabaya Taman Flora adalah salah satu taman kota di Surabaya yang merupakan fasilitas publik dari Pemkot setempat. Sehingga tempat ini memang sengaja dibuat untuk dinikmati oleh khalayak umum. Karena taman ini merupakan fasilitas publik yang didirikan oleh Pemkot Surabaya maka bagi siapa saja jika ingin memanfaatkan taman kota ini tidak perlu membayar tiket masuk alias gratis.,taman flora bratang surabaya taman hibur surabaya taman flora salah taman kota surabaya fasilitas publik pemkot  sengaja nikmat khalayak  taman fasilitas publik diri pemkot surabaya manfaat taman kota bayar tiket masuk alias gratis
437,Gereja Perawan Maria Tak Berdosa Surabaya,"Gereja Katolik Kelahiran Santa Perawan Maria merupakan salah satu gereja tua di kota Surabaya, Jawa Timur, Indonesia. Berlokasi di Jalan Kepanjen, Surabaya, bangunan religius ini berdampingan dengan gedung SMA Katolik Frateran Surabaya.
",Tempat Ibadah,Surabaya,10000,4.8,https://lh5.googleusercontent.com/p/AF1QipPJozIah297VLa9pN9I_46mUynm9tVLGuFBkATo=w408-h544-k-no,"https://www.google.com/maps/place/Gereja+Katolik+Kelahiran+Santa+Perawan+Maria/@-7.2421643,112.7366768,17z/data=!3m1!4b1!4m6!3m5!1s0x2dd7f93e77f9bc45:0x740e4583ff183577!8m2!3d-7.2421643!4d112.7366768!16s%2Fg%2F120jxn15?entry=ttu","Gereja Perawan Maria Tak Berdosa Surabaya Tempat Ibadah Surabaya Gereja Katolik Kelahiran Santa Perawan Maria merupakan salah satu gereja tua di kota Surabaya, Jawa Timur, Indonesia. Berlokasi di Jalan Kepanjen, Surabaya, bangunan religius ini berdampingan dengan gedung SMA Katolik Frateran Surabaya.
",gereja perawan maria dosa surabaya ibadah surabaya gereja katolik lahir santa perawan maria salah gereja tua kota surabaya  jawa timur  indonesia  lokasi jalan kepanjen  surabaya  bangun religius damping gedung sma katolik frater surabaya